onset_div	duration_div	onset_beat	pitch	tpc	step	alter	beat_float	downbeat	is_downbeat	ts_beats	ts_beat_type	staff	voice	duration	is_note_onset	ks_fifths	mc	mc_playthrough	mn	mn_playthrough	octave	quarterbeats_playthrough	section_start	a_isOnset	cadence	cadence_type	phraseend	a_phraseend	unfolded_harmony_index	label	alt_label	globalkey	localkey	pedal	chord	numeral	form	figbass	changes	relativeroot	chord_type	globalkey_is_minor	localkey_is_minor	chord_tones	added_tones	root	bass_note	globalkey_mode	localkey_mode	localkey_resolved	localkey_and_mode	root_roman	relativeroot_resolved	effective_localkey	effective_localkey_resolved	effective_localkey_is_minor	chord_reduced	chord_reduced_and_mode	pedal_resolved	chord_and_mode	applied_to_numeral	numeral_or_applied_to_numeral	a_simpleNumeral	a_degree1	a_degree2	globalkey_tpc	localkey_tpc	tonicized_tpc	root_tpc	bass_note_tpc	a_root	a_bass	a_localKey	a_tonicizedKey	a_quality	a_inversion	valid_chord_label	valid_cadence_label	valid_phrase_label	valid_pedal_point_label	valid_section_start_label	sic_with_global	sic_with_local	sic_with_tonicized	note_degree	tpc_is_in_label	tpc_is_root	tpc_is_bass
0	2	0.0	38	2	D	0	1.0	1	True	3	4	2	1	1/12	True	-1	1	1	1	1a	2	0	True	True				False	0	d.i(^2)	I(^2){	d	i		i(^2)	i			^2		m	True	True	(0, 2, 1)	()	0	0	minor	minor	i	i, minor	i		i	i	True	i	i, minor		i(^2), minor		i	i	1		2	2	2	2	2	D	D	D	D	minor triad	0	True	True	True	True	True	0	0	0	1	True	True	True
0	2	0.0	45	3	A	0	1.0	1	True	3	4	2	1	1/12	True	-1	1	1	1	1a	2	0	True	True				False	0	d.i(^2)	I(^2){	d	i		i(^2)	i			^2		m	True	True	(0, 2, 1)	()	0	0	minor	minor	i	i, minor	i		i	i	True	i	i, minor		i(^2), minor		i	i	1		2	2	2	2	2	D	D	D	D	minor triad	0	True	True	True	True	True	1	1	1	5	True	False	False
0	2	0.0	50	2	D	0	1.0	1	True	3	4	2	1	1/12	True	-1	1	1	1	1a	3	0	True	True				False	0	d.i(^2)	I(^2){	d	i		i(^2)	i			^2		m	True	True	(0, 2, 1)	()	0	0	minor	minor	i	i, minor	i		i	i	True	i	i, minor		i(^2), minor		i	i	1		2	2	2	2	2	D	D	D	D	minor triad	0	True	True	True	True	True	0	0	0	1	True	True	True
0	2	0.0	69	3	A	0	1.0	1	True	3	4	1	1	1/12	True	-1	1	1	1	1a	4	0	True	True				False	0	d.i(^2)	I(^2){	d	i		i(^2)	i			^2		m	True	True	(0, 2, 1)	()	0	0	minor	minor	i	i, minor	i		i	i	True	i	i, minor		i(^2), minor		i	i	1		2	2	2	2	2	D	D	D	D	minor triad	0	True	True	True	True	True	1	1	1	5	True	False	False
0	2	0.0	74	2	D	0	1.0	1	True	3	4	1	1	1/12	True	-1	1	1	1	1a	5	0	True	True				False	0	d.i(^2)	I(^2){	d	i		i(^2)	i			^2		m	True	True	(0, 2, 1)	()	0	0	minor	minor	i	i, minor	i		i	i	True	i	i, minor		i(^2), minor		i	i	1		2	2	2	2	2	D	D	D	D	minor triad	0	True	True	True	True	True	0	0	0	1	True	True	True
0	2	0.0	81	3	A	0	1.0	1	True	3	4	1	1	1/12	True	-1	1	1	1	1a	5	0	True	True				False	0	d.i(^2)	I(^2){	d	i		i(^2)	i			^2		m	True	True	(0, 2, 1)	()	0	0	minor	minor	i	i, minor	i		i	i	True	i	i, minor		i(^2), minor		i	i	1		2	2	2	2	2	D	D	D	D	minor triad	0	True	True	True	True	True	1	1	1	5	True	False	False
2	2	0.333	45	3	A	0	1.333	0	False	3	4	2	1	1/12	True	-1	1	1	1	1a	2	1/3	False	False				False	0	d.i(^2)	I(^2){	d	i		i(^2)	i			^2		m	True	True	(0, 2, 1)	()	0	0	minor	minor	i	i, minor	i		i	i	True	i	i, minor		i(^2), minor		i	i	1		2	2	2	2	2	D	D	D	D	minor triad	0	True	True	True	True	True	1	1	1	5	True	False	False
2	2	0.333	57	3	A	0	1.333	0	False	3	4	1	1	1/12	True	-1	1	1	1	1a	3	1/3	False	False				False	0	d.i(^2)	I(^2){	d	i		i(^2)	i			^2		m	True	True	(0, 2, 1)	()	0	0	minor	minor	i	i, minor	i		i	i	True	i	i, minor		i(^2), minor		i	i	1		2	2	2	2	2	D	D	D	D	minor triad	0	True	True	True	True	True	1	1	1	5	True	False	False
4	2	0.667	52	4	E	0	1.667	0	False	3	4	2	1	1/12	True	-1	1	1	1	1a	3	2/3	False	False				False	0	d.i(^2)	I(^2){	d	i		i(^2)	i			^2		m	True	True	(0, 2, 1)	()	0	0	minor	minor	i	i, minor	i		i	i	True	i	i, minor		i(^2), minor		i	i	1		2	2	2	2	2	D	D	D	D	minor triad	0	True	True	True	True	True	2	2	2	2	True	False	False
4	2	0.667	64	4	E	0	1.667	0	False	3	4	1	1	1/12	True	-1	1	1	1	1a	4	2/3	False	False				False	0	d.i(^2)	I(^2){	d	i		i(^2)	i			^2		m	True	True	(0, 2, 1)	()	0	0	minor	minor	i	i, minor	i		i	i	True	i	i, minor		i(^2), minor		i	i	1		2	2	2	2	2	D	D	D	D	minor triad	0	True	True	True	True	True	2	2	2	2	True	False	False
6	2	1.0	50	2	D	0	2.0	2	True	3	4	2	1	1/12	True	-1	1	1	1	1a	3	1	False	False				False	0	d.i(^2)	I(^2){	d	i		i(^2)	i			^2		m	True	True	(0, 2, 1)	()	0	0	minor	minor	i	i, minor	i		i	i	True	i	i, minor		i(^2), minor		i	i	1		2	2	2	2	2	D	D	D	D	minor triad	0	True	True	True	True	True	0	0	0	1	True	True	True
6	2	1.0	62	2	D	0	2.0	2	True	3	4	1	1	1/12	True	-1	1	1	1	1a	4	1	False	False				False	0	d.i(^2)	I(^2){	d	i		i(^2)	i			^2		m	True	True	(0, 2, 1)	()	0	0	minor	minor	i	i, minor	i		i	i	True	i	i, minor		i(^2), minor		i	i	1		2	2	2	2	2	D	D	D	D	minor triad	0	True	True	True	True	True	0	0	0	1	True	True	True
8	2	1.333	55	1	G	0	2.333	0	False	3	4	2	1	1/12	True	-1	1	1	1	1a	3	4/3	False	False				False	0	d.i(^2)	I(^2){	d	i		i(^2)	i			^2		m	True	True	(0, 2, 1)	()	0	0	minor	minor	i	i, minor	i		i	i	True	i	i, minor		i(^2), minor		i	i	1		2	2	2	2	2	D	D	D	D	minor triad	0	True	True	True	True	True	-1	-1	-1	4	False	False	False
8	2	1.333	67	1	G	0	2.333	0	False	3	4	1	1	1/12	True	-1	1	1	1	1a	4	4/3	False	False				False	0	d.i(^2)	I(^2){	d	i		i(^2)	i			^2		m	True	True	(0, 2, 1)	()	0	0	minor	minor	i	i, minor	i		i	i	True	i	i, minor		i(^2), minor		i	i	1		2	2	2	2	2	D	D	D	D	minor triad	0	True	True	True	True	True	-1	-1	-1	4	False	False	False
10	2	1.667	52	4	E	0	2.667	0	False	3	4	2	1	1/12	True	-1	1	1	1	1a	3	5/3	False	False				False	0	d.i(^2)	I(^2){	d	i		i(^2)	i			^2		m	True	True	(0, 2, 1)	()	0	0	minor	minor	i	i, minor	i		i	i	True	i	i, minor		i(^2), minor		i	i	1		2	2	2	2	2	D	D	D	D	minor triad	0	True	True	True	True	True	2	2	2	2	True	False	False
10	2	1.667	64	4	E	0	2.667	0	False	3	4	1	1	1/12	True	-1	1	1	1	1a	4	5/3	False	False				False	0	d.i(^2)	I(^2){	d	i		i(^2)	i			^2		m	True	True	(0, 2, 1)	()	0	0	minor	minor	i	i, minor	i		i	i	True	i	i, minor		i(^2), minor		i	i	1		2	2	2	2	2	D	D	D	D	minor triad	0	True	True	True	True	True	2	2	2	2	True	False	False
12	6	2.0	57	3	A	0	3.0	3	True	3	4	2	1	1/4	True	-1	1	1	1	1a	3	2	False	False				False	0	d.i(^2)	I(^2){	d	i		i(^2)	i			^2		m	True	True	(0, 2, 1)	()	0	0	minor	minor	i	i, minor	i		i	i	True	i	i, minor		i(^2), minor		i	i	1		2	2	2	2	2	D	D	D	D	minor triad	0	True	True	True	True	True	1	1	1	5	True	False	False
12	6	2.0	69	3	A	0	3.0	3	True	3	4	1	1	1/4	True	-1	1	1	1	1a	4	2	False	False				False	0	d.i(^2)	I(^2){	d	i		i(^2)	i			^2		m	True	True	(0, 2, 1)	()	0	0	minor	minor	i	i, minor	i		i	i	True	i	i, minor		i(^2), minor		i	i	1		2	2	2	2	2	D	D	D	D	minor triad	0	True	True	True	True	True	1	1	1	5	True	False	False
18	3	3.0	33	3	A	0	1.0	1	True	2	4	2	2	1/8	True	-1	2	2	2	2a	1	3	False	True				False	1	V(4)	v(4)	d	i		V(4)	V			4		M	True	True	(1, 0, 2)	()	1	1	minor	minor	i	i, minor	V		i	i	True	V	V, minor		V(4), minor		V	V	5		2	2	2	3	3	A	A	D	D	major triad	0	True	True	True	True	True	1	1	1	5	True	True	True
18	3	3.0	40	4	E	0	1.0	1	True	2	4	2	2	1/8	True	-1	2	2	2	2a	2	3	False	True				False	1	V(4)	v(4)	d	i		V(4)	V			4		M	True	True	(1, 0, 2)	()	1	1	minor	minor	i	i, minor	V		i	i	True	V	V, minor		V(4), minor		V	V	5		2	2	2	3	3	A	A	D	D	major triad	0	True	True	True	True	True	2	2	2	2	True	False	False
18	3	3.0	45	3	A	0	1.0	1	True	2	4	2	2	1/8	True	-1	2	2	2	2a	2	3	False	True				False	1	V(4)	v(4)	d	i		V(4)	V			4		M	True	True	(1, 0, 2)	()	1	1	minor	minor	i	i, minor	V		i	i	True	V	V, minor		V(4), minor		V	V	5		2	2	2	3	3	A	A	D	D	major triad	0	True	True	True	True	True	1	1	1	5	True	True	True
18	3	3.0	52	4	E	0	1.0	1	True	2	4	1	2	1/8	True	-1	2	2	2	2a	3	3	False	True				False	1	V(4)	v(4)	d	i		V(4)	V			4		M	True	True	(1, 0, 2)	()	1	1	minor	minor	i	i, minor	V		i	i	True	V	V, minor		V(4), minor		V	V	5		2	2	2	3	3	A	A	D	D	major triad	0	True	True	True	True	True	2	2	2	2	True	False	False
18	2	3.0	57	3	A	0	1.0	1	True	2	4	2	1	1/12	False	-1	2	2	2	2a	3	3	False	True				False	1	V(4)	v(4)	d	i		V(4)	V			4		M	True	True	(1, 0, 2)	()	1	1	minor	minor	i	i, minor	V		i	i	True	V	V, minor		V(4), minor		V	V	5		2	2	2	3	3	A	A	D	D	major triad	0	True	True	True	True	True	1	1	1	5	True	True	True
18	3	3.0	57	3	A	0	1.0	1	True	2	4	1	2	1/8	True	-1	2	2	2	2a	3	3	False	True				False	1	V(4)	v(4)	d	i		V(4)	V			4		M	True	True	(1, 0, 2)	()	1	1	minor	minor	i	i, minor	V		i	i	True	V	V, minor		V(4), minor		V	V	5		2	2	2	3	3	A	A	D	D	major triad	0	True	True	True	True	True	1	1	1	5	True	True	True
18	3	3.0	64	4	E	0	1.0	1	True	2	4	1	2	1/8	True	-1	2	2	2	2a	4	3	False	True				False	1	V(4)	v(4)	d	i		V(4)	V			4		M	True	True	(1, 0, 2)	()	1	1	minor	minor	i	i, minor	V		i	i	True	V	V, minor		V(4), minor		V	V	5		2	2	2	3	3	A	A	D	D	major triad	0	True	True	True	True	True	2	2	2	2	True	False	False
18	2	3.0	69	3	A	0	1.0	1	True	2	4	1	1	1/12	False	-1	2	2	2	2a	4	3	False	True				False	1	V(4)	v(4)	d	i		V(4)	V			4		M	True	True	(1, 0, 2)	()	1	1	minor	minor	i	i, minor	V		i	i	True	V	V, minor		V(4), minor		V	V	5		2	2	2	3	3	A	A	D	D	major triad	0	True	True	True	True	True	1	1	1	5	True	True	True
20	2	3.333	62	2	D	0	1.333	0	False	2	4	2	1	1/12	True	-1	2	2	2	2a	4	10/3	False	False				False	1	V(4)	v(4)	d	i		V(4)	V			4		M	True	True	(1, 0, 2)	()	1	1	minor	minor	i	i, minor	V		i	i	True	V	V, minor		V(4), minor		V	V	5		2	2	2	3	3	A	A	D	D	major triad	0	True	True	True	True	True	0	0	0	1	True	False	False
20	2	3.333	74	2	D	0	1.333	0	False	2	4	1	1	1/12	True	-1	2	2	2	2a	5	10/3	False	False				False	1	V(4)	v(4)	d	i		V(4)	V			4		M	True	True	(1, 0, 2)	()	1	1	minor	minor	i	i, minor	V		i	i	True	V	V, minor		V(4), minor		V	V	5		2	2	2	3	3	A	A	D	D	major triad	0	True	True	True	True	True	0	0	0	1	True	False	False
22	2	3.667	64	4	E	0	1.667	0	False	2	4	2	1	1/12	True	-1	2	2	2	2a	4	11/3	False	False				False	1	V(4)	v(4)	d	i		V(4)	V			4		M	True	True	(1, 0, 2)	()	1	1	minor	minor	i	i, minor	V		i	i	True	V	V, minor		V(4), minor		V	V	5		2	2	2	3	3	A	A	D	D	major triad	0	True	True	True	True	True	2	2	2	2	True	False	False
22	2	3.667	76	4	E	0	1.667	0	False	2	4	1	1	1/12	True	-1	2	2	2	2a	5	11/3	False	False				False	1	V(4)	v(4)	d	i		V(4)	V			4		M	True	True	(1, 0, 2)	()	1	1	minor	minor	i	i, minor	V		i	i	True	V	V, minor		V(4), minor		V	V	5		2	2	2	3	3	A	A	D	D	major triad	0	True	True	True	True	True	2	2	2	2	True	False	False
24	6	4.0	57	3	A	0	2.0	2	True	2	4	2	1	1/4	True	-1	2	2	2	2a	3	4	False	False				False	1	V(4)	v(4)	d	i		V(4)	V			4		M	True	True	(1, 0, 2)	()	1	1	minor	minor	i	i, minor	V		i	i	True	V	V, minor		V(4), minor		V	V	5		2	2	2	3	3	A	A	D	D	major triad	0	True	True	True	True	True	1	1	1	5	True	True	True
24	6	4.0	69	3	A	0	2.0	2	True	2	4	1	1	1/4	True	-1	2	2	2	2a	4	4	False	False				False	1	V(4)	v(4)	d	i		V(4)	V			4		M	True	True	(1, 0, 2)	()	1	1	minor	minor	i	i, minor	V		i	i	True	V	V, minor		V(4), minor		V	V	5		2	2	2	3	3	A	A	D	D	major triad	0	True	True	True	True	True	1	1	1	5	True	True	True
30	2	5.0	38	2	D	0	1.0	1	True	3	4	2	1	1/12	True	-1	3	3	3	3a	2	5	False	True				False	2	i(^2)	I(^2){	d	i		i(^2)	i			^2		m	True	True	(0, 2, 1)	()	0	0	minor	minor	i	i, minor	i		i	i	True	i	i, minor		i(^2), minor		i	i	1		2	2	2	2	2	D	D	D	D	minor triad	0	True	True	True	True	True	0	0	0	1	True	True	True
30	2	5.0	45	3	A	0	1.0	1	True	3	4	2	1	1/12	True	-1	3	3	3	3a	2	5	False	True				False	2	i(^2)	I(^2){	d	i		i(^2)	i			^2		m	True	True	(0, 2, 1)	()	0	0	minor	minor	i	i, minor	i		i	i	True	i	i, minor		i(^2), minor		i	i	1		2	2	2	2	2	D	D	D	D	minor triad	0	True	True	True	True	True	1	1	1	5	True	False	False
30	2	5.0	50	2	D	0	1.0	1	True	3	4	2	1	1/12	True	-1	3	3	3	3a	3	5	False	True				False	2	i(^2)	I(^2){	d	i		i(^2)	i			^2		m	True	True	(0, 2, 1)	()	0	0	minor	minor	i	i, minor	i		i	i	True	i	i, minor		i(^2), minor		i	i	1		2	2	2	2	2	D	D	D	D	minor triad	0	True	True	True	True	True	0	0	0	1	True	True	True
30	2	5.0	69	3	A	0	1.0	1	True	3	4	1	1	1/12	True	-1	3	3	3	3a	4	5	False	True				False	2	i(^2)	I(^2){	d	i		i(^2)	i			^2		m	True	True	(0, 2, 1)	()	0	0	minor	minor	i	i, minor	i		i	i	True	i	i, minor		i(^2), minor		i	i	1		2	2	2	2	2	D	D	D	D	minor triad	0	True	True	True	True	True	1	1	1	5	True	False	False
30	2	5.0	74	2	D	0	1.0	1	True	3	4	1	1	1/12	True	-1	3	3	3	3a	5	5	False	True				False	2	i(^2)	I(^2){	d	i		i(^2)	i			^2		m	True	True	(0, 2, 1)	()	0	0	minor	minor	i	i, minor	i		i	i	True	i	i, minor		i(^2), minor		i	i	1		2	2	2	2	2	D	D	D	D	minor triad	0	True	True	True	True	True	0	0	0	1	True	True	True
30	2	5.0	81	3	A	0	1.0	1	True	3	4	1	1	1/12	True	-1	3	3	3	3a	5	5	False	True				False	2	i(^2)	I(^2){	d	i		i(^2)	i			^2		m	True	True	(0, 2, 1)	()	0	0	minor	minor	i	i, minor	i		i	i	True	i	i, minor		i(^2), minor		i	i	1		2	2	2	2	2	D	D	D	D	minor triad	0	True	True	True	True	True	1	1	1	5	True	False	False
32	2	5.333	45	3	A	0	1.333	0	False	3	4	2	1	1/12	True	-1	3	3	3	3a	2	16/3	False	False				False	2	i(^2)	I(^2){	d	i		i(^2)	i			^2		m	True	True	(0, 2, 1)	()	0	0	minor	minor	i	i, minor	i		i	i	True	i	i, minor		i(^2), minor		i	i	1		2	2	2	2	2	D	D	D	D	minor triad	0	True	True	True	True	True	1	1	1	5	True	False	False
32	2	5.333	57	3	A	0	1.333	0	False	3	4	1	1	1/12	True	-1	3	3	3	3a	3	16/3	False	False				False	2	i(^2)	I(^2){	d	i		i(^2)	i			^2		m	True	True	(0, 2, 1)	()	0	0	minor	minor	i	i, minor	i		i	i	True	i	i, minor		i(^2), minor		i	i	1		2	2	2	2	2	D	D	D	D	minor triad	0	True	True	True	True	True	1	1	1	5	True	False	False
34	2	5.667	52	4	E	0	1.667	0	False	3	4	2	1	1/12	True	-1	3	3	3	3a	3	17/3	False	False				False	2	i(^2)	I(^2){	d	i		i(^2)	i			^2		m	True	True	(0, 2, 1)	()	0	0	minor	minor	i	i, minor	i		i	i	True	i	i, minor		i(^2), minor		i	i	1		2	2	2	2	2	D	D	D	D	minor triad	0	True	True	True	True	True	2	2	2	2	True	False	False
34	2	5.667	64	4	E	0	1.667	0	False	3	4	1	1	1/12	True	-1	3	3	3	3a	4	17/3	False	False				False	2	i(^2)	I(^2){	d	i		i(^2)	i			^2		m	True	True	(0, 2, 1)	()	0	0	minor	minor	i	i, minor	i		i	i	True	i	i, minor		i(^2), minor		i	i	1		2	2	2	2	2	D	D	D	D	minor triad	0	True	True	True	True	True	2	2	2	2	True	False	False
36	2	6.0	50	2	D	0	2.0	2	True	3	4	2	1	1/12	True	-1	3	3	3	3a	3	6	False	False				False	2	i(^2)	I(^2){	d	i		i(^2)	i			^2		m	True	True	(0, 2, 1)	()	0	0	minor	minor	i	i, minor	i		i	i	True	i	i, minor		i(^2), minor		i	i	1		2	2	2	2	2	D	D	D	D	minor triad	0	True	True	True	True	True	0	0	0	1	True	True	True
36	2	6.0	62	2	D	0	2.0	2	True	3	4	1	1	1/12	True	-1	3	3	3	3a	4	6	False	False				False	2	i(^2)	I(^2){	d	i		i(^2)	i			^2		m	True	True	(0, 2, 1)	()	0	0	minor	minor	i	i, minor	i		i	i	True	i	i, minor		i(^2), minor		i	i	1		2	2	2	2	2	D	D	D	D	minor triad	0	True	True	True	True	True	0	0	0	1	True	True	True
38	2	6.333	55	1	G	0	2.333	0	False	3	4	2	1	1/12	True	-1	3	3	3	3a	3	19/3	False	False				False	2	i(^2)	I(^2){	d	i		i(^2)	i			^2		m	True	True	(0, 2, 1)	()	0	0	minor	minor	i	i, minor	i		i	i	True	i	i, minor		i(^2), minor		i	i	1		2	2	2	2	2	D	D	D	D	minor triad	0	True	True	True	True	True	-1	-1	-1	4	False	False	False
38	2	6.333	67	1	G	0	2.333	0	False	3	4	1	1	1/12	True	-1	3	3	3	3a	4	19/3	False	False				False	2	i(^2)	I(^2){	d	i		i(^2)	i			^2		m	True	True	(0, 2, 1)	()	0	0	minor	minor	i	i, minor	i		i	i	True	i	i, minor		i(^2), minor		i	i	1		2	2	2	2	2	D	D	D	D	minor triad	0	True	True	True	True	True	-1	-1	-1	4	False	False	False
40	2	6.667	52	4	E	0	2.667	0	False	3	4	2	1	1/12	True	-1	3	3	3	3a	3	20/3	False	False				False	2	i(^2)	I(^2){	d	i		i(^2)	i			^2		m	True	True	(0, 2, 1)	()	0	0	minor	minor	i	i, minor	i		i	i	True	i	i, minor		i(^2), minor		i	i	1		2	2	2	2	2	D	D	D	D	minor triad	0	True	True	True	True	True	2	2	2	2	True	False	False
40	2	6.667	64	4	E	0	2.667	0	False	3	4	1	1	1/12	True	-1	3	3	3	3a	4	20/3	False	False				False	2	i(^2)	I(^2){	d	i		i(^2)	i			^2		m	True	True	(0, 2, 1)	()	0	0	minor	minor	i	i, minor	i		i	i	True	i	i, minor		i(^2), minor		i	i	1		2	2	2	2	2	D	D	D	D	minor triad	0	True	True	True	True	True	2	2	2	2	True	False	False
42	6	7.0	57	3	A	0	3.0	3	True	3	4	2	1	1/4	True	-1	3	3	3	3a	3	7	False	False				False	2	i(^2)	I(^2){	d	i		i(^2)	i			^2		m	True	True	(0, 2, 1)	()	0	0	minor	minor	i	i, minor	i		i	i	True	i	i, minor		i(^2), minor		i	i	1		2	2	2	2	2	D	D	D	D	minor triad	0	True	True	True	True	True	1	1	1	5	True	False	False
42	6	7.0	69	3	A	0	3.0	3	True	3	4	1	1	1/4	True	-1	3	3	3	3a	4	7	False	False				False	2	i(^2)	I(^2){	d	i		i(^2)	i			^2		m	True	True	(0, 2, 1)	()	0	0	minor	minor	i	i, minor	i		i	i	True	i	i, minor		i(^2), minor		i	i	1		2	2	2	2	2	D	D	D	D	minor triad	0	True	True	True	True	True	1	1	1	5	True	False	False
48	3	8.0	36	0	C	0	1.0	1	True	2	4	2	2	1/8	True	-1	4	4	4	4a	2	8	True	True				False	3	v6(11)		d	i		v6(11)	v		6	11		m	True	True	(-2, 2, 1)	(0,)	1	-2	minor	minor	i	i, minor	v		i	i	True	v6	v6, minor		v6(11), minor		v	v	5		2	2	2	3	0	A	C	D	D	minor triad	1	True	True	True	True	True	-2	-2	-2	7	True	False	True
48	3	8.0	45	3	A	0	1.0	1	True	2	4	2	2	1/8	True	-1	4	4	4	4a	2	8	True	True				False	3	v6(11)		d	i		v6(11)	v		6	11		m	True	True	(-2, 2, 1)	(0,)	1	-2	minor	minor	i	i, minor	v		i	i	True	v6	v6, minor		v6(11), minor		v	v	5		2	2	2	3	0	A	C	D	D	minor triad	1	True	True	True	True	True	1	1	1	5	True	True	False
48	3	8.0	48	0	C	0	1.0	1	True	2	4	2	2	1/8	True	-1	4	4	4	4a	3	8	True	True				False	3	v6(11)		d	i		v6(11)	v		6	11		m	True	True	(-2, 2, 1)	(0,)	1	-2	minor	minor	i	i, minor	v		i	i	True	v6	v6, minor		v6(11), minor		v	v	5		2	2	2	3	0	A	C	D	D	minor triad	1	True	True	True	True	True	-2	-2	-2	7	True	False	True
48	3	8.0	52	4	E	0	1.0	1	True	2	4	1	2	1/8	True	-1	4	4	4	4a	3	8	True	True				False	3	v6(11)		d	i		v6(11)	v		6	11		m	True	True	(-2, 2, 1)	(0,)	1	-2	minor	minor	i	i, minor	v		i	i	True	v6	v6, minor		v6(11), minor		v	v	5		2	2	2	3	0	A	C	D	D	minor triad	1	True	True	True	True	True	2	2	2	2	True	False	False
48	2	8.0	57	3	A	0	1.0	1	True	2	4	2	1	1/12	False	-1	4	4	4	4a	3	8	True	True				False	3	v6(11)		d	i		v6(11)	v		6	11		m	True	True	(-2, 2, 1)	(0,)	1	-2	minor	minor	i	i, minor	v		i	i	True	v6	v6, minor		v6(11), minor		v	v	5		2	2	2	3	0	A	C	D	D	minor triad	1	True	True	True	True	True	1	1	1	5	True	True	False
48	3	8.0	57	3	A	0	1.0	1	True	2	4	1	2	1/8	True	-1	4	4	4	4a	3	8	True	True				False	3	v6(11)		d	i		v6(11)	v		6	11		m	True	True	(-2, 2, 1)	(0,)	1	-2	minor	minor	i	i, minor	v		i	i	True	v6	v6, minor		v6(11), minor		v	v	5		2	2	2	3	0	A	C	D	D	minor triad	1	True	True	True	True	True	1	1	1	5	True	True	False
48	3	8.0	64	4	E	0	1.0	1	True	2	4	1	2	1/8	True	-1	4	4	4	4a	4	8	True	True				False	3	v6(11)		d	i		v6(11)	v		6	11		m	True	True	(-2, 2, 1)	(0,)	1	-2	minor	minor	i	i, minor	v		i	i	True	v6	v6, minor		v6(11), minor		v	v	5		2	2	2	3	0	A	C	D	D	minor triad	1	True	True	True	True	True	2	2	2	2	True	False	False
48	2	8.0	69	3	A	0	1.0	1	True	2	4	1	1	1/12	False	-1	4	4	4	4a	4	8	True	True				False	3	v6(11)		d	i		v6(11)	v		6	11		m	True	True	(-2, 2, 1)	(0,)	1	-2	minor	minor	i	i, minor	v		i	i	True	v6	v6, minor		v6(11), minor		v	v	5		2	2	2	3	0	A	C	D	D	minor triad	1	True	True	True	True	True	1	1	1	5	True	True	False
50	2	8.333	62	2	D	0	1.333	0	False	2	4	2	1	1/12	True	-1	4	4	4	4a	4	25/3	False	False				False	3	v6(11)		d	i		v6(11)	v		6	11		m	True	True	(-2, 2, 1)	(0,)	1	-2	minor	minor	i	i, minor	v		i	i	True	v6	v6, minor		v6(11), minor		v	v	5		2	2	2	3	0	A	C	D	D	minor triad	1	True	True	True	True	True	0	0	0	1	False	False	False
50	2	8.333	74	2	D	0	1.333	0	False	2	4	1	1	1/12	True	-1	4	4	4	4a	5	25/3	False	False				False	3	v6(11)		d	i		v6(11)	v		6	11		m	True	True	(-2, 2, 1)	(0,)	1	-2	minor	minor	i	i, minor	v		i	i	True	v6	v6, minor		v6(11), minor		v	v	5		2	2	2	3	0	A	C	D	D	minor triad	1	True	True	True	True	True	0	0	0	1	False	False	False
52	2	8.667	64	4	E	0	1.667	0	False	2	4	2	1	1/12	True	-1	4	4	4	4a	4	26/3	False	False				False	3	v6(11)		d	i		v6(11)	v		6	11		m	True	True	(-2, 2, 1)	(0,)	1	-2	minor	minor	i	i, minor	v		i	i	True	v6	v6, minor		v6(11), minor		v	v	5		2	2	2	3	0	A	C	D	D	minor triad	1	True	True	True	True	True	2	2	2	2	True	False	False
52	2	8.667	76	4	E	0	1.667	0	False	2	4	1	1	1/12	True	-1	4	4	4	4a	5	26/3	False	False				False	3	v6(11)		d	i		v6(11)	v		6	11		m	True	True	(-2, 2, 1)	(0,)	1	-2	minor	minor	i	i, minor	v		i	i	True	v6	v6, minor		v6(11), minor		v	v	5		2	2	2	3	0	A	C	D	D	minor triad	1	True	True	True	True	True	2	2	2	2	True	False	False
54	6	9.0	57	3	A	0	2.0	2	True	2	4	2	1	1/4	True	-1	4	4	4	4a	3	9	False	False				False	3	v6(11)		d	i		v6(11)	v		6	11		m	True	True	(-2, 2, 1)	(0,)	1	-2	minor	minor	i	i, minor	v		i	i	True	v6	v6, minor		v6(11), minor		v	v	5		2	2	2	3	0	A	C	D	D	minor triad	1	True	True	True	True	True	1	1	1	5	True	True	False
54	6	9.0	69	3	A	0	2.0	2	True	2	4	1	1	1/4	True	-1	4	4	4	4a	4	9	False	False				False	3	v6(11)		d	i		v6(11)	v		6	11		m	True	True	(-2, 2, 1)	(0,)	1	-2	minor	minor	i	i, minor	v		i	i	True	v6	v6, minor		v6(11), minor		v	v	5		2	2	2	3	0	A	C	D	D	minor triad	1	True	True	True	True	True	1	1	1	5	True	True	False
60	2	10.0	41	-1	F	0	1.0	1	True	3	4	2	1	1/12	True	-1	5	5	5	5a	2	10	False	True				False	4	IIIM7		d	i		IIIM7	III	M	7			MM7	True	True	(-3, 1, -2, 2)	()	-3	-3	minor	minor	i	i, minor	III		i	i	True	IIIM7	IIIM7, minor		IIIM7, minor		III	III7	3		2	2	2	-1	-1	F	F	D	D	major seventh chord	7	True	True	True	True	True	-3	-3	-3	3	True	True	True
60	2	10.0	48	0	C	0	1.0	1	True	3	4	2	1	1/12	True	-1	5	5	5	5a	3	10	False	True				False	4	IIIM7		d	i		IIIM7	III	M	7			MM7	True	True	(-3, 1, -2, 2)	()	-3	-3	minor	minor	i	i, minor	III		i	i	True	IIIM7	IIIM7, minor		IIIM7, minor		III	III7	3		2	2	2	-1	-1	F	F	D	D	major seventh chord	7	True	True	True	True	True	-2	-2	-2	7	True	False	False
60	2	10.0	53	-1	F	0	1.0	1	True	3	4	2	1	1/12	True	-1	5	5	5	5a	3	10	False	True				False	4	IIIM7		d	i		IIIM7	III	M	7			MM7	True	True	(-3, 1, -2, 2)	()	-3	-3	minor	minor	i	i, minor	III		i	i	True	IIIM7	IIIM7, minor		IIIM7, minor		III	III7	3		2	2	2	-1	-1	F	F	D	D	major seventh chord	7	True	True	True	True	True	-3	-3	-3	3	True	True	True
60	2	10.0	69	3	A	0	1.0	1	True	3	4	1	1	1/12	True	-1	5	5	5	5a	4	10	False	True				False	4	IIIM7		d	i		IIIM7	III	M	7			MM7	True	True	(-3, 1, -2, 2)	()	-3	-3	minor	minor	i	i, minor	III		i	i	True	IIIM7	IIIM7, minor		IIIM7, minor		III	III7	3		2	2	2	-1	-1	F	F	D	D	major seventh chord	7	True	True	True	True	True	1	1	1	5	True	False	False
60	2	10.0	77	-1	F	0	1.0	1	True	3	4	1	1	1/12	True	-1	5	5	5	5a	5	10	False	True				False	4	IIIM7		d	i		IIIM7	III	M	7			MM7	True	True	(-3, 1, -2, 2)	()	-3	-3	minor	minor	i	i, minor	III		i	i	True	IIIM7	IIIM7, minor		IIIM7, minor		III	III7	3		2	2	2	-1	-1	F	F	D	D	major seventh chord	7	True	True	True	True	True	-3	-3	-3	3	True	True	True
60	2	10.0	81	3	A	0	1.0	1	True	3	4	1	1	1/12	True	-1	5	5	5	5a	5	10	False	True				False	4	IIIM7		d	i		IIIM7	III	M	7			MM7	True	True	(-3, 1, -2, 2)	()	-3	-3	minor	minor	i	i, minor	III		i	i	True	IIIM7	IIIM7, minor		IIIM7, minor		III	III7	3		2	2	2	-1	-1	F	F	D	D	major seventh chord	7	True	True	True	True	True	1	1	1	5	True	False	False
62	2	10.333	48	0	C	0	1.333	0	False	3	4	2	1	1/12	True	-1	5	5	5	5a	3	31/3	False	False				False	4	IIIM7		d	i		IIIM7	III	M	7			MM7	True	True	(-3, 1, -2, 2)	()	-3	-3	minor	minor	i	i, minor	III		i	i	True	IIIM7	IIIM7, minor		IIIM7, minor		III	III7	3		2	2	2	-1	-1	F	F	D	D	major seventh chord	7	True	True	True	True	True	-2	-2	-2	7	True	False	False
62	2	10.333	60	0	C	0	1.333	0	False	3	4	1	1	1/12	True	-1	5	5	5	5a	4	31/3	False	False				False	4	IIIM7		d	i		IIIM7	III	M	7			MM7	True	True	(-3, 1, -2, 2)	()	-3	-3	minor	minor	i	i, minor	III		i	i	True	IIIM7	IIIM7, minor		IIIM7, minor		III	III7	3		2	2	2	-1	-1	F	F	D	D	major seventh chord	7	True	True	True	True	True	-2	-2	-2	7	True	False	False
64	2	10.667	53	-1	F	0	1.667	0	False	3	4	2	1	1/12	True	-1	5	5	5	5a	3	32/3	False	False				False	4	IIIM7		d	i		IIIM7	III	M	7			MM7	True	True	(-3, 1, -2, 2)	()	-3	-3	minor	minor	i	i, minor	III		i	i	True	IIIM7	IIIM7, minor		IIIM7, minor		III	III7	3		2	2	2	-1	-1	F	F	D	D	major seventh chord	7	True	True	True	True	True	-3	-3	-3	3	True	True	True
64	2	10.667	65	-1	F	0	1.667	0	False	3	4	1	1	1/12	True	-1	5	5	5	5a	4	32/3	False	False				False	4	IIIM7		d	i		IIIM7	III	M	7			MM7	True	True	(-3, 1, -2, 2)	()	-3	-3	minor	minor	i	i, minor	III		i	i	True	IIIM7	IIIM7, minor		IIIM7, minor		III	III7	3		2	2	2	-1	-1	F	F	D	D	major seventh chord	7	True	True	True	True	True	-3	-3	-3	3	True	True	True
66	2	11.0	50	2	D	0	2.0	2	True	3	4	2	1	1/12	True	-1	5	5	5	5a	3	11	False	False				False	4	IIIM7		d	i		IIIM7	III	M	7			MM7	True	True	(-3, 1, -2, 2)	()	-3	-3	minor	minor	i	i, minor	III		i	i	True	IIIM7	IIIM7, minor		IIIM7, minor		III	III7	3		2	2	2	-1	-1	F	F	D	D	major seventh chord	7	True	True	True	True	True	0	0	0	1	False	False	False
66	2	11.0	62	2	D	0	2.0	2	True	3	4	1	1	1/12	True	-1	5	5	5	5a	4	11	False	False				False	4	IIIM7		d	i		IIIM7	III	M	7			MM7	True	True	(-3, 1, -2, 2)	()	-3	-3	minor	minor	i	i, minor	III		i	i	True	IIIM7	IIIM7, minor		IIIM7, minor		III	III7	3		2	2	2	-1	-1	F	F	D	D	major seventh chord	7	True	True	True	True	True	0	0	0	1	False	False	False
68	2	11.333	55	1	G	0	2.333	0	False	3	4	2	1	1/12	True	-1	5	5	5	5a	3	34/3	False	False				False	4	IIIM7		d	i		IIIM7	III	M	7			MM7	True	True	(-3, 1, -2, 2)	()	-3	-3	minor	minor	i	i, minor	III		i	i	True	IIIM7	IIIM7, minor		IIIM7, minor		III	III7	3		2	2	2	-1	-1	F	F	D	D	major seventh chord	7	True	True	True	True	True	-1	-1	-1	4	False	False	False
68	2	11.333	67	1	G	0	2.333	0	False	3	4	1	1	1/12	True	-1	5	5	5	5a	4	34/3	False	False				False	4	IIIM7		d	i		IIIM7	III	M	7			MM7	True	True	(-3, 1, -2, 2)	()	-3	-3	minor	minor	i	i, minor	III		i	i	True	IIIM7	IIIM7, minor		IIIM7, minor		III	III7	3		2	2	2	-1	-1	F	F	D	D	major seventh chord	7	True	True	True	True	True	-1	-1	-1	4	False	False	False
70	2	11.667	52	4	E	0	2.667	0	False	3	4	2	1	1/12	True	-1	5	5	5	5a	3	35/3	False	False				False	4	IIIM7		d	i		IIIM7	III	M	7			MM7	True	True	(-3, 1, -2, 2)	()	-3	-3	minor	minor	i	i, minor	III		i	i	True	IIIM7	IIIM7, minor		IIIM7, minor		III	III7	3		2	2	2	-1	-1	F	F	D	D	major seventh chord	7	True	True	True	True	True	2	2	2	2	True	False	False
70	2	11.667	64	4	E	0	2.667	0	False	3	4	1	1	1/12	True	-1	5	5	5	5a	4	35/3	False	False				False	4	IIIM7		d	i		IIIM7	III	M	7			MM7	True	True	(-3, 1, -2, 2)	()	-3	-3	minor	minor	i	i, minor	III		i	i	True	IIIM7	IIIM7, minor		IIIM7, minor		III	III7	3		2	2	2	-1	-1	F	F	D	D	major seventh chord	7	True	True	True	True	True	2	2	2	2	True	False	False
72	6	12.0	57	3	A	0	3.0	3	True	3	4	2	1	1/4	True	-1	5	5	5	5a	3	12	False	False				False	4	IIIM7		d	i		IIIM7	III	M	7			MM7	True	True	(-3, 1, -2, 2)	()	-3	-3	minor	minor	i	i, minor	III		i	i	True	IIIM7	IIIM7, minor		IIIM7, minor		III	III7	3		2	2	2	-1	-1	F	F	D	D	major seventh chord	7	True	True	True	True	True	1	1	1	5	True	False	False
72	6	12.0	69	3	A	0	3.0	3	True	3	4	1	1	1/4	True	-1	5	5	5	5a	4	12	False	False				False	4	IIIM7		d	i		IIIM7	III	M	7			MM7	True	True	(-3, 1, -2, 2)	()	-3	-3	minor	minor	i	i, minor	III		i	i	True	IIIM7	IIIM7, minor		IIIM7, minor		III	III7	3		2	2	2	-1	-1	F	F	D	D	major seventh chord	7	True	True	True	True	True	1	1	1	5	True	False	False
78	2	13.0	40	4	E	0	1.0	1	True	4	4	2	1	1/12	True	-1	6	6	6	6a	2	13	False	True				False	5	v6(11)		d	i		v6(11)	v		6	11		m	True	True	(-2, 2, 1)	(0,)	1	-2	minor	minor	i	i, minor	v		i	i	True	v6	v6, minor		v6(11), minor		v	v	5		2	2	2	3	0	A	C	D	D	minor triad	1	True	True	True	True	True	2	2	2	2	True	False	False
78	2	13.0	48	0	C	0	1.0	1	True	4	4	2	1	1/12	True	-1	6	6	6	6a	3	13	False	True				False	5	v6(11)		d	i		v6(11)	v		6	11		m	True	True	(-2, 2, 1)	(0,)	1	-2	minor	minor	i	i, minor	v		i	i	True	v6	v6, minor		v6(11), minor		v	v	5		2	2	2	3	0	A	C	D	D	minor triad	1	True	True	True	True	True	-2	-2	-2	7	True	False	True
78	2	13.0	52	4	E	0	1.0	1	True	4	4	2	1	1/12	True	-1	6	6	6	6a	3	13	False	True				False	5	v6(11)		d	i		v6(11)	v		6	11		m	True	True	(-2, 2, 1)	(0,)	1	-2	minor	minor	i	i, minor	v		i	i	True	v6	v6, minor		v6(11), minor		v	v	5		2	2	2	3	0	A	C	D	D	minor triad	1	True	True	True	True	True	2	2	2	2	True	False	False
78	2	13.0	69	3	A	0	1.0	1	True	4	4	1	1	1/12	True	-1	6	6	6	6a	4	13	False	True				False	5	v6(11)		d	i		v6(11)	v		6	11		m	True	True	(-2, 2, 1)	(0,)	1	-2	minor	minor	i	i, minor	v		i	i	True	v6	v6, minor		v6(11), minor		v	v	5		2	2	2	3	0	A	C	D	D	minor triad	1	True	True	True	True	True	1	1	1	5	True	True	False
78	2	13.0	76	4	E	0	1.0	1	True	4	4	1	1	1/12	True	-1	6	6	6	6a	5	13	False	True				False	5	v6(11)		d	i		v6(11)	v		6	11		m	True	True	(-2, 2, 1)	(0,)	1	-2	minor	minor	i	i, minor	v		i	i	True	v6	v6, minor		v6(11), minor		v	v	5		2	2	2	3	0	A	C	D	D	minor triad	1	True	True	True	True	True	2	2	2	2	True	False	False
78	2	13.0	81	3	A	0	1.0	1	True	4	4	1	1	1/12	True	-1	6	6	6	6a	5	13	False	True				False	5	v6(11)		d	i		v6(11)	v		6	11		m	True	True	(-2, 2, 1)	(0,)	1	-2	minor	minor	i	i, minor	v		i	i	True	v6	v6, minor		v6(11), minor		v	v	5		2	2	2	3	0	A	C	D	D	minor triad	1	True	True	True	True	True	1	1	1	5	True	True	False
80	2	13.333	62	2	D	0	1.333	0	False	4	4	2	1	1/12	True	-1	6	6	6	6a	4	40/3	False	False				False	5	v6(11)		d	i		v6(11)	v		6	11		m	True	True	(-2, 2, 1)	(0,)	1	-2	minor	minor	i	i, minor	v		i	i	True	v6	v6, minor		v6(11), minor		v	v	5		2	2	2	3	0	A	C	D	D	minor triad	1	True	True	True	True	True	0	0	0	1	False	False	False
80	2	13.333	74	2	D	0	1.333	0	False	4	4	1	1	1/12	True	-1	6	6	6	6a	5	40/3	False	False				False	5	v6(11)		d	i		v6(11)	v		6	11		m	True	True	(-2, 2, 1)	(0,)	1	-2	minor	minor	i	i, minor	v		i	i	True	v6	v6, minor		v6(11), minor		v	v	5		2	2	2	3	0	A	C	D	D	minor triad	1	True	True	True	True	True	0	0	0	1	False	False	False
82	2	13.667	64	4	E	0	1.667	0	False	4	4	2	1	1/12	True	-1	6	6	6	6a	4	41/3	False	False				False	5	v6(11)		d	i		v6(11)	v		6	11		m	True	True	(-2, 2, 1)	(0,)	1	-2	minor	minor	i	i, minor	v		i	i	True	v6	v6, minor		v6(11), minor		v	v	5		2	2	2	3	0	A	C	D	D	minor triad	1	True	True	True	True	True	2	2	2	2	True	False	False
82	2	13.667	76	4	E	0	1.667	0	False	4	4	1	1	1/12	True	-1	6	6	6	6a	5	41/3	False	False				False	5	v6(11)		d	i		v6(11)	v		6	11		m	True	True	(-2, 2, 1)	(0,)	1	-2	minor	minor	i	i, minor	v		i	i	True	v6	v6, minor		v6(11), minor		v	v	5		2	2	2	3	0	A	C	D	D	minor triad	1	True	True	True	True	True	2	2	2	2	True	False	False
84	6	14.0	57	3	A	0	2.0	2	True	4	4	2	1	1/4	True	-1	6	6	6	6a	3	14	False	False				False	5	v6(11)		d	i		v6(11)	v		6	11		m	True	True	(-2, 2, 1)	(0,)	1	-2	minor	minor	i	i, minor	v		i	i	True	v6	v6, minor		v6(11), minor		v	v	5		2	2	2	3	0	A	C	D	D	minor triad	1	True	True	True	True	True	1	1	1	5	True	True	False
84	6	14.0	69	3	A	0	2.0	2	True	4	4	1	1	1/4	True	-1	6	6	6	6a	4	14	False	False				False	5	v6(11)		d	i		v6(11)	v		6	11		m	True	True	(-2, 2, 1)	(0,)	1	-2	minor	minor	i	i, minor	v		i	i	True	v6	v6, minor		v6(11), minor		v	v	5		2	2	2	3	0	A	C	D	D	minor triad	1	True	True	True	True	True	1	1	1	5	True	True	False
90	2	15.0	38	2	D	0	3.0	3	True	4	4	2	1	1/12	True	-1	6	6	6	6a	2	15	False	True				False	6	VIM65(11)		d	i		VIM65(11)	VI	M	65	11		MM7	True	True	(0, -3, 1, -4)	(2,)	-4	0	minor	minor	i	i, minor	VI		i	i	True	VIM65	VIM65, minor		VIM65(11), minor		VI	VI7	6		2	2	2	-2	2	Bb	D	D	D	major seventh chord	1	True	True	True	True	True	0	0	0	1	True	False	True
90	2	15.0	46	-2	B	-1	3.0	3	True	4	4	2	1	1/12	True	-1	6	6	6	6a	2	15	False	True				False	6	VIM65(11)		d	i		VIM65(11)	VI	M	65	11		MM7	True	True	(0, -3, 1, -4)	(2,)	-4	0	minor	minor	i	i, minor	VI		i	i	True	VIM65	VIM65, minor		VIM65(11), minor		VI	VI7	6		2	2	2	-2	2	Bb	D	D	D	major seventh chord	1	True	True	True	True	True	-4	-4	-4	6	True	True	False
90	2	15.0	50	2	D	0	3.0	3	True	4	4	2	1	1/12	True	-1	6	6	6	6a	3	15	False	True				False	6	VIM65(11)		d	i		VIM65(11)	VI	M	65	11		MM7	True	True	(0, -3, 1, -4)	(2,)	-4	0	minor	minor	i	i, minor	VI		i	i	True	VIM65	VIM65, minor		VIM65(11), minor		VI	VI7	6		2	2	2	-2	2	Bb	D	D	D	major seventh chord	1	True	True	True	True	True	0	0	0	1	True	False	True
90	2	15.0	69	3	A	0	3.0	3	True	4	4	1	1	1/12	True	-1	6	6	6	6a	4	15	False	True				False	6	VIM65(11)		d	i		VIM65(11)	VI	M	65	11		MM7	True	True	(0, -3, 1, -4)	(2,)	-4	0	minor	minor	i	i, minor	VI		i	i	True	VIM65	VIM65, minor		VIM65(11), minor		VI	VI7	6		2	2	2	-2	2	Bb	D	D	D	major seventh chord	1	True	True	True	True	True	1	1	1	5	True	False	False
90	2	15.0	76	4	E	0	3.0	3	True	4	4	1	1	1/12	True	-1	6	6	6	6a	5	15	False	True				False	6	VIM65(11)		d	i		VIM65(11)	VI	M	65	11		MM7	True	True	(0, -3, 1, -4)	(2,)	-4	0	minor	minor	i	i, minor	VI		i	i	True	VIM65	VIM65, minor		VIM65(11), minor		VI	VI7	6		2	2	2	-2	2	Bb	D	D	D	major seventh chord	1	True	True	True	True	True	2	2	2	2	False	False	False
90	2	15.0	81	3	A	0	3.0	3	True	4	4	1	1	1/12	True	-1	6	6	6	6a	5	15	False	True				False	6	VIM65(11)		d	i		VIM65(11)	VI	M	65	11		MM7	True	True	(0, -3, 1, -4)	(2,)	-4	0	minor	minor	i	i, minor	VI		i	i	True	VIM65	VIM65, minor		VIM65(11), minor		VI	VI7	6		2	2	2	-2	2	Bb	D	D	D	major seventh chord	1	True	True	True	True	True	1	1	1	5	True	False	False
92	2	15.333	64	4	E	0	3.333	0	False	4	4	2	1	1/12	True	-1	6	6	6	6a	4	46/3	False	False				False	6	VIM65(11)		d	i		VIM65(11)	VI	M	65	11		MM7	True	True	(0, -3, 1, -4)	(2,)	-4	0	minor	minor	i	i, minor	VI		i	i	True	VIM65	VIM65, minor		VIM65(11), minor		VI	VI7	6		2	2	2	-2	2	Bb	D	D	D	major seventh chord	1	True	True	True	True	True	2	2	2	2	False	False	False
92	2	15.333	76	4	E	0	3.333	0	False	4	4	1	1	1/12	True	-1	6	6	6	6a	5	46/3	False	False				False	6	VIM65(11)		d	i		VIM65(11)	VI	M	65	11		MM7	True	True	(0, -3, 1, -4)	(2,)	-4	0	minor	minor	i	i, minor	VI		i	i	True	VIM65	VIM65, minor		VIM65(11), minor		VI	VI7	6		2	2	2	-2	2	Bb	D	D	D	major seventh chord	1	True	True	True	True	True	2	2	2	2	False	False	False
94	2	15.667	65	-1	F	0	3.667	0	False	4	4	2	1	1/12	True	-1	6	6	6	6a	4	47/3	False	False				False	6	VIM65(11)		d	i		VIM65(11)	VI	M	65	11		MM7	True	True	(0, -3, 1, -4)	(2,)	-4	0	minor	minor	i	i, minor	VI		i	i	True	VIM65	VIM65, minor		VIM65(11), minor		VI	VI7	6		2	2	2	-2	2	Bb	D	D	D	major seventh chord	1	True	True	True	True	True	-3	-3	-3	3	True	False	False
94	2	15.667	77	-1	F	0	3.667	0	False	4	4	1	1	1/12	True	-1	6	6	6	6a	5	47/3	False	False				False	6	VIM65(11)		d	i		VIM65(11)	VI	M	65	11		MM7	True	True	(0, -3, 1, -4)	(2,)	-4	0	minor	minor	i	i, minor	VI		i	i	True	VIM65	VIM65, minor		VIM65(11), minor		VI	VI7	6		2	2	2	-2	2	Bb	D	D	D	major seventh chord	1	True	True	True	True	True	-3	-3	-3	3	True	False	False
96	6	16.0	58	-2	B	-1	4.0	4	True	4	4	2	1	1/4	True	-1	6	6	6	6a	3	16	False	False				False	6	VIM65(11)		d	i		VIM65(11)	VI	M	65	11		MM7	True	True	(0, -3, 1, -4)	(2,)	-4	0	minor	minor	i	i, minor	VI		i	i	True	VIM65	VIM65, minor		VIM65(11), minor		VI	VI7	6		2	2	2	-2	2	Bb	D	D	D	major seventh chord	1	True	True	True	True	True	-4	-4	-4	6	True	True	False
96	6	16.0	70	-2	B	-1	4.0	4	True	4	4	1	1	1/4	True	-1	6	6	6	6a	4	16	False	False				False	6	VIM65(11)		d	i		VIM65(11)	VI	M	65	11		MM7	True	True	(0, -3, 1, -4)	(2,)	-4	0	minor	minor	i	i, minor	VI		i	i	True	VIM65	VIM65, minor		VIM65(11), minor		VI	VI7	6		2	2	2	-2	2	Bb	D	D	D	major seventh chord	1	True	True	True	True	True	-4	-4	-4	6	True	True	False
102	2	17.0	33	3	A	0	1.0	1	True	3	4	2	1	1/12	True	-1	7	7	7	7a	1	17	True	True				False	7	V	v|HC}	d	i		V	V					M	True	True	(1, 5, 2)	()	1	1	minor	minor	i	i, minor	V		i	i	True	V	V, minor		V, minor		V	V	5		2	2	2	3	3	A	A	D	D	major triad	0	True	True	True	True	True	1	1	1	5	True	True	True
102	2	17.0	40	4	E	0	1.0	1	True	3	4	2	1	1/12	True	-1	7	7	7	7a	2	17	True	True				False	7	V	v|HC}	d	i		V	V					M	True	True	(1, 5, 2)	()	1	1	minor	minor	i	i, minor	V		i	i	True	V	V, minor		V, minor		V	V	5		2	2	2	3	3	A	A	D	D	major triad	0	True	True	True	True	True	2	2	2	2	True	False	False
102	2	17.0	45	3	A	0	1.0	1	True	3	4	2	1	1/12	True	-1	7	7	7	7a	2	17	True	True				False	7	V	v|HC}	d	i		V	V					M	True	True	(1, 5, 2)	()	1	1	minor	minor	i	i, minor	V		i	i	True	V	V, minor		V, minor		V	V	5		2	2	2	3	3	A	A	D	D	major triad	0	True	True	True	True	True	1	1	1	5	True	True	True
102	2	17.0	69	3	A	0	1.0	1	True	3	4	1	1	1/12	True	-1	7	7	7	7a	4	17	True	True				False	7	V	v|HC}	d	i		V	V					M	True	True	(1, 5, 2)	()	1	1	minor	minor	i	i, minor	V		i	i	True	V	V, minor		V, minor		V	V	5		2	2	2	3	3	A	A	D	D	major triad	0	True	True	True	True	True	1	1	1	5	True	True	True
102	2	17.0	76	4	E	0	1.0	1	True	3	4	1	1	1/12	True	-1	7	7	7	7a	5	17	True	True				False	7	V	v|HC}	d	i		V	V					M	True	True	(1, 5, 2)	()	1	1	minor	minor	i	i, minor	V		i	i	True	V	V, minor		V, minor		V	V	5		2	2	2	3	3	A	A	D	D	major triad	0	True	True	True	True	True	2	2	2	2	True	False	False
102	2	17.0	81	3	A	0	1.0	1	True	3	4	1	1	1/12	True	-1	7	7	7	7a	5	17	True	True				False	7	V	v|HC}	d	i		V	V					M	True	True	(1, 5, 2)	()	1	1	minor	minor	i	i, minor	V		i	i	True	V	V, minor		V, minor		V	V	5		2	2	2	3	3	A	A	D	D	major triad	0	True	True	True	True	True	1	1	1	5	True	True	True
104	2	17.333	44	8	G	1	1.333	0	False	3	4	2	1	1/12	True	-1	7	7	7	7a	2	52/3	False	False				False	7	V	v|HC}	d	i		V	V					M	True	True	(1, 5, 2)	()	1	1	minor	minor	i	i, minor	V		i	i	True	V	V, minor		V, minor		V	V	5		2	2	2	3	3	A	A	D	D	major triad	0	True	True	True	True	True	6	6	6	#4	False	False	False
104	2	17.333	56	8	G	1	1.333	0	False	3	4	2	1	1/12	True	-1	7	7	7	7a	3	52/3	False	False				False	7	V	v|HC}	d	i		V	V					M	True	True	(1, 5, 2)	()	1	1	minor	minor	i	i, minor	V		i	i	True	V	V, minor		V, minor		V	V	5		2	2	2	3	3	A	A	D	D	major triad	0	True	True	True	True	True	6	6	6	#4	False	False	False
104	2	17.333	68	8	G	1	1.333	0	False	3	4	1	1	1/12	True	-1	7	7	7	7a	4	52/3	False	False				False	7	V	v|HC}	d	i		V	V					M	True	True	(1, 5, 2)	()	1	1	minor	minor	i	i, minor	V		i	i	True	V	V, minor		V, minor		V	V	5		2	2	2	3	3	A	A	D	D	major triad	0	True	True	True	True	True	6	6	6	#4	False	False	False
104	2	17.333	80	8	G	1	1.333	0	False	3	4	1	1	1/12	True	-1	7	7	7	7a	5	52/3	False	False				False	7	V	v|HC}	d	i		V	V					M	True	True	(1, 5, 2)	()	1	1	minor	minor	i	i, minor	V		i	i	True	V	V, minor		V, minor		V	V	5		2	2	2	3	3	A	A	D	D	major triad	0	True	True	True	True	True	6	6	6	#4	False	False	False
106	2	17.667	45	3	A	0	1.667	0	False	3	4	2	1	1/12	True	-1	7	7	7	7a	2	53/3	False	False				False	7	V	v|HC}	d	i		V	V					M	True	True	(1, 5, 2)	()	1	1	minor	minor	i	i, minor	V		i	i	True	V	V, minor		V, minor		V	V	5		2	2	2	3	3	A	A	D	D	major triad	0	True	True	True	True	True	1	1	1	5	True	True	True
106	2	17.667	57	3	A	0	1.667	0	False	3	4	2	1	1/12	True	-1	7	7	7	7a	3	53/3	False	False				False	7	V	v|HC}	d	i		V	V					M	True	True	(1, 5, 2)	()	1	1	minor	minor	i	i, minor	V		i	i	True	V	V, minor		V, minor		V	V	5		2	2	2	3	3	A	A	D	D	major triad	0	True	True	True	True	True	1	1	1	5	True	True	True
106	2	17.667	69	3	A	0	1.667	0	False	3	4	1	1	1/12	True	-1	7	7	7	7a	4	53/3	False	False				False	7	V	v|HC}	d	i		V	V					M	True	True	(1, 5, 2)	()	1	1	minor	minor	i	i, minor	V		i	i	True	V	V, minor		V, minor		V	V	5		2	2	2	3	3	A	A	D	D	major triad	0	True	True	True	True	True	1	1	1	5	True	True	True
106	2	17.667	81	3	A	0	1.667	0	False	3	4	1	1	1/12	True	-1	7	7	7	7a	5	53/3	False	False				False	7	V	v|HC}	d	i		V	V					M	True	True	(1, 5, 2)	()	1	1	minor	minor	i	i, minor	V		i	i	True	V	V, minor		V, minor		V	V	5		2	2	2	3	3	A	A	D	D	major triad	0	True	True	True	True	True	1	1	1	5	True	True	True
108	2	18.0	45	3	A	0	2.0	2	True	3	4	2	1	1/12	True	-1	7	7	7	7a	2	18	False	False				False	7	V	v|HC}	d	i		V	V					M	True	True	(1, 5, 2)	()	1	1	minor	minor	i	i, minor	V		i	i	True	V	V, minor		V, minor		V	V	5		2	2	2	3	3	A	A	D	D	major triad	0	True	True	True	True	True	1	1	1	5	True	True	True
108	2	18.0	52	4	E	0	2.0	2	True	3	4	2	1	1/12	True	-1	7	7	7	7a	3	18	False	False				False	7	V	v|HC}	d	i		V	V					M	True	True	(1, 5, 2)	()	1	1	minor	minor	i	i, minor	V		i	i	True	V	V, minor		V, minor		V	V	5		2	2	2	3	3	A	A	D	D	major triad	0	True	True	True	True	True	2	2	2	2	True	False	False
108	2	18.0	57	3	A	0	2.0	2	True	3	4	2	1	1/12	True	-1	7	7	7	7a	3	18	False	False				False	7	V	v|HC}	d	i		V	V					M	True	True	(1, 5, 2)	()	1	1	minor	minor	i	i, minor	V		i	i	True	V	V, minor		V, minor		V	V	5		2	2	2	3	3	A	A	D	D	major triad	0	True	True	True	True	True	1	1	1	5	True	True	True
108	2	18.0	69	3	A	0	2.0	2	True	3	4	1	1	1/12	True	-1	7	7	7	7a	4	18	False	False				False	7	V	v|HC}	d	i		V	V					M	True	True	(1, 5, 2)	()	1	1	minor	minor	i	i, minor	V		i	i	True	V	V, minor		V, minor		V	V	5		2	2	2	3	3	A	A	D	D	major triad	0	True	True	True	True	True	1	1	1	5	True	True	True
108	2	18.0	76	4	E	0	2.0	2	True	3	4	1	1	1/12	True	-1	7	7	7	7a	5	18	False	False				False	7	V	v|HC}	d	i		V	V					M	True	True	(1, 5, 2)	()	1	1	minor	minor	i	i, minor	V		i	i	True	V	V, minor		V, minor		V	V	5		2	2	2	3	3	A	A	D	D	major triad	0	True	True	True	True	True	2	2	2	2	True	False	False
108	2	18.0	81	3	A	0	2.0	2	True	3	4	1	1	1/12	True	-1	7	7	7	7a	5	18	False	False				False	7	V	v|HC}	d	i		V	V					M	True	True	(1, 5, 2)	()	1	1	minor	minor	i	i, minor	V		i	i	True	V	V, minor		V, minor		V	V	5		2	2	2	3	3	A	A	D	D	major triad	0	True	True	True	True	True	1	1	1	5	True	True	True
110	2	18.333	56	8	G	1	2.333	0	False	3	4	2	1	1/12	True	-1	7	7	7	7a	3	55/3	False	False				False	7	V	v|HC}	d	i		V	V					M	True	True	(1, 5, 2)	()	1	1	minor	minor	i	i, minor	V		i	i	True	V	V, minor		V, minor		V	V	5		2	2	2	3	3	A	A	D	D	major triad	0	True	True	True	True	True	6	6	6	#4	False	False	False
110	2	18.333	68	8	G	1	2.333	0	False	3	4	2	1	1/12	True	-1	7	7	7	7a	4	55/3	False	False				False	7	V	v|HC}	d	i		V	V					M	True	True	(1, 5, 2)	()	1	1	minor	minor	i	i, minor	V		i	i	True	V	V, minor		V, minor		V	V	5		2	2	2	3	3	A	A	D	D	major triad	0	True	True	True	True	True	6	6	6	#4	False	False	False
110	2	18.333	80	8	G	1	2.333	0	False	3	4	1	1	1/12	True	-1	7	7	7	7a	5	55/3	False	False				False	7	V	v|HC}	d	i		V	V					M	True	True	(1, 5, 2)	()	1	1	minor	minor	i	i, minor	V		i	i	True	V	V, minor		V, minor		V	V	5		2	2	2	3	3	A	A	D	D	major triad	0	True	True	True	True	True	6	6	6	#4	False	False	False
110	2	18.333	92	8	G	1	2.333	0	False	3	4	1	1	1/12	True	-1	7	7	7	7a	6	55/3	False	False				False	7	V	v|HC}	d	i		V	V					M	True	True	(1, 5, 2)	()	1	1	minor	minor	i	i, minor	V		i	i	True	V	V, minor		V, minor		V	V	5		2	2	2	3	3	A	A	D	D	major triad	0	True	True	True	True	True	6	6	6	#4	False	False	False
112	2	18.667	57	3	A	0	2.667	0	False	3	4	2	1	1/12	True	-1	7	7	7	7a	3	56/3	False	False				False	7	V	v|HC}	d	i		V	V					M	True	True	(1, 5, 2)	()	1	1	minor	minor	i	i, minor	V		i	i	True	V	V, minor		V, minor		V	V	5		2	2	2	3	3	A	A	D	D	major triad	0	True	True	True	True	True	1	1	1	5	True	True	True
112	2	18.667	69	3	A	0	2.667	0	False	3	4	2	1	1/12	True	-1	7	7	7	7a	4	56/3	False	False				False	7	V	v|HC}	d	i		V	V					M	True	True	(1, 5, 2)	()	1	1	minor	minor	i	i, minor	V		i	i	True	V	V, minor		V, minor		V	V	5		2	2	2	3	3	A	A	D	D	major triad	0	True	True	True	True	True	1	1	1	5	True	True	True
112	2	18.667	81	3	A	0	2.667	0	False	3	4	1	1	1/12	True	-1	7	7	7	7a	5	56/3	False	False				False	7	V	v|HC}	d	i		V	V					M	True	True	(1, 5, 2)	()	1	1	minor	minor	i	i, minor	V		i	i	True	V	V, minor		V, minor		V	V	5		2	2	2	3	3	A	A	D	D	major triad	0	True	True	True	True	True	1	1	1	5	True	True	True
112	2	18.667	93	3	A	0	2.667	0	False	3	4	1	1	1/12	True	-1	7	7	7	7a	6	56/3	False	False				False	7	V	v|HC}	d	i		V	V					M	True	True	(1, 5, 2)	()	1	1	minor	minor	i	i, minor	V		i	i	True	V	V, minor		V, minor		V	V	5		2	2	2	3	3	A	A	D	D	major triad	0	True	True	True	True	True	1	1	1	5	True	True	True
114	3	19.0	57	3	A	0	3.0	3	True	3	4	2	1	1/8	True	-1	7	7	7	7a	3	19	False	False				False	7	V	v|HC}	d	i		V	V					M	True	True	(1, 5, 2)	()	1	1	minor	minor	i	i, minor	V		i	i	True	V	V, minor		V, minor		V	V	5		2	2	2	3	3	A	A	D	D	major triad	0	True	True	True	True	True	1	1	1	5	True	True	True
114	3	19.0	64	4	E	0	3.0	3	True	3	4	2	1	1/8	True	-1	7	7	7	7a	4	19	False	False				False	7	V	v|HC}	d	i		V	V					M	True	True	(1, 5, 2)	()	1	1	minor	minor	i	i, minor	V		i	i	True	V	V, minor		V, minor		V	V	5		2	2	2	3	3	A	A	D	D	major triad	0	True	True	True	True	True	2	2	2	2	True	False	False
114	3	19.0	69	3	A	0	3.0	3	True	3	4	2	1	1/8	True	-1	7	7	7	7a	4	19	False	False				False	7	V	v|HC}	d	i		V	V					M	True	True	(1, 5, 2)	()	1	1	minor	minor	i	i, minor	V		i	i	True	V	V, minor		V, minor		V	V	5		2	2	2	3	3	A	A	D	D	major triad	0	True	True	True	True	True	1	1	1	5	True	True	True
114	3	19.0	81	3	A	0	3.0	3	True	3	4	1	1	1/8	True	-1	7	7	7	7a	5	19	False	False				False	7	V	v|HC}	d	i		V	V					M	True	True	(1, 5, 2)	()	1	1	minor	minor	i	i, minor	V		i	i	True	V	V, minor		V, minor		V	V	5		2	2	2	3	3	A	A	D	D	major triad	0	True	True	True	True	True	1	1	1	5	True	True	True
114	3	19.0	88	4	E	0	3.0	3	True	3	4	1	1	1/8	True	-1	7	7	7	7a	6	19	False	False				False	7	V	v|HC}	d	i		V	V					M	True	True	(1, 5, 2)	()	1	1	minor	minor	i	i, minor	V		i	i	True	V	V, minor		V, minor		V	V	5		2	2	2	3	3	A	A	D	D	major triad	0	True	True	True	True	True	2	2	2	2	True	False	False
114	3	19.0	93	3	A	0	3.0	3	True	3	4	1	1	1/8	True	-1	7	7	7	7a	6	19	False	False				False	7	V	v|HC}	d	i		V	V					M	True	True	(1, 5, 2)	()	1	1	minor	minor	i	i, minor	V		i	i	True	V	V, minor		V, minor		V	V	5		2	2	2	3	3	A	A	D	D	major triad	0	True	True	True	True	True	1	1	1	5	True	True	True
120	2	20.0	38	2	D	0	1.0	1	True	3	4	2	1	1/12	True	-1	8	8	8	8a	2	20	False	True			{	False	8	i(^2){		d	i		i(^2)	i			^2		m	True	True	(0, 2, 1)	()	0	0	minor	minor	i	i, minor	i		i	i	True	i	i, minor		i(^2), minor		i	i	1		2	2	2	2	2	D	D	D	D	minor triad	0	True	True	True	True	True	0	0	0	1	True	True	True
120	2	20.0	45	3	A	0	1.0	1	True	3	4	2	1	1/12	True	-1	8	8	8	8a	2	20	False	True			{	False	8	i(^2){		d	i		i(^2)	i			^2		m	True	True	(0, 2, 1)	()	0	0	minor	minor	i	i, minor	i		i	i	True	i	i, minor		i(^2), minor		i	i	1		2	2	2	2	2	D	D	D	D	minor triad	0	True	True	True	True	True	1	1	1	5	True	False	False
120	2	20.0	50	2	D	0	1.0	1	True	3	4	2	1	1/12	True	-1	8	8	8	8a	3	20	False	True			{	False	8	i(^2){		d	i		i(^2)	i			^2		m	True	True	(0, 2, 1)	()	0	0	minor	minor	i	i, minor	i		i	i	True	i	i, minor		i(^2), minor		i	i	1		2	2	2	2	2	D	D	D	D	minor triad	0	True	True	True	True	True	0	0	0	1	True	True	True
120	2	20.0	69	3	A	0	1.0	1	True	3	4	1	1	1/12	True	-1	8	8	8	8a	4	20	False	True			{	False	8	i(^2){		d	i		i(^2)	i			^2		m	True	True	(0, 2, 1)	()	0	0	minor	minor	i	i, minor	i		i	i	True	i	i, minor		i(^2), minor		i	i	1		2	2	2	2	2	D	D	D	D	minor triad	0	True	True	True	True	True	1	1	1	5	True	False	False
120	2	20.0	74	2	D	0	1.0	1	True	3	4	1	1	1/12	True	-1	8	8	8	8a	5	20	False	True			{	False	8	i(^2){		d	i		i(^2)	i			^2		m	True	True	(0, 2, 1)	()	0	0	minor	minor	i	i, minor	i		i	i	True	i	i, minor		i(^2), minor		i	i	1		2	2	2	2	2	D	D	D	D	minor triad	0	True	True	True	True	True	0	0	0	1	True	True	True
120	2	20.0	81	3	A	0	1.0	1	True	3	4	1	1	1/12	True	-1	8	8	8	8a	5	20	False	True			{	False	8	i(^2){		d	i		i(^2)	i			^2		m	True	True	(0, 2, 1)	()	0	0	minor	minor	i	i, minor	i		i	i	True	i	i, minor		i(^2), minor		i	i	1		2	2	2	2	2	D	D	D	D	minor triad	0	True	True	True	True	True	1	1	1	5	True	False	False
122	2	20.333	45	3	A	0	1.333	0	False	3	4	2	1	1/12	True	-1	8	8	8	8a	2	61/3	False	False				False	8	i(^2){		d	i		i(^2)	i			^2		m	True	True	(0, 2, 1)	()	0	0	minor	minor	i	i, minor	i		i	i	True	i	i, minor		i(^2), minor		i	i	1		2	2	2	2	2	D	D	D	D	minor triad	0	True	True	True	True	True	1	1	1	5	True	False	False
122	2	20.333	57	3	A	0	1.333	0	False	3	4	1	1	1/12	True	-1	8	8	8	8a	3	61/3	False	False				False	8	i(^2){		d	i		i(^2)	i			^2		m	True	True	(0, 2, 1)	()	0	0	minor	minor	i	i, minor	i		i	i	True	i	i, minor		i(^2), minor		i	i	1		2	2	2	2	2	D	D	D	D	minor triad	0	True	True	True	True	True	1	1	1	5	True	False	False
124	2	20.667	52	4	E	0	1.667	0	False	3	4	2	1	1/12	True	-1	8	8	8	8a	3	62/3	False	False				False	8	i(^2){		d	i		i(^2)	i			^2		m	True	True	(0, 2, 1)	()	0	0	minor	minor	i	i, minor	i		i	i	True	i	i, minor		i(^2), minor		i	i	1		2	2	2	2	2	D	D	D	D	minor triad	0	True	True	True	True	True	2	2	2	2	True	False	False
124	2	20.667	64	4	E	0	1.667	0	False	3	4	1	1	1/12	True	-1	8	8	8	8a	4	62/3	False	False				False	8	i(^2){		d	i		i(^2)	i			^2		m	True	True	(0, 2, 1)	()	0	0	minor	minor	i	i, minor	i		i	i	True	i	i, minor		i(^2), minor		i	i	1		2	2	2	2	2	D	D	D	D	minor triad	0	True	True	True	True	True	2	2	2	2	True	False	False
126	2	21.0	50	2	D	0	2.0	2	True	3	4	2	1	1/12	True	-1	8	8	8	8a	3	21	False	False				False	8	i(^2){		d	i		i(^2)	i			^2		m	True	True	(0, 2, 1)	()	0	0	minor	minor	i	i, minor	i		i	i	True	i	i, minor		i(^2), minor		i	i	1		2	2	2	2	2	D	D	D	D	minor triad	0	True	True	True	True	True	0	0	0	1	True	True	True
126	2	21.0	62	2	D	0	2.0	2	True	3	4	1	1	1/12	True	-1	8	8	8	8a	4	21	False	False				False	8	i(^2){		d	i		i(^2)	i			^2		m	True	True	(0, 2, 1)	()	0	0	minor	minor	i	i, minor	i		i	i	True	i	i, minor		i(^2), minor		i	i	1		2	2	2	2	2	D	D	D	D	minor triad	0	True	True	True	True	True	0	0	0	1	True	True	True
128	2	21.333	55	1	G	0	2.333	0	False	3	4	2	1	1/12	True	-1	8	8	8	8a	3	64/3	False	False				False	8	i(^2){		d	i		i(^2)	i			^2		m	True	True	(0, 2, 1)	()	0	0	minor	minor	i	i, minor	i		i	i	True	i	i, minor		i(^2), minor		i	i	1		2	2	2	2	2	D	D	D	D	minor triad	0	True	True	True	True	True	-1	-1	-1	4	False	False	False
128	2	21.333	67	1	G	0	2.333	0	False	3	4	1	1	1/12	True	-1	8	8	8	8a	4	64/3	False	False				False	8	i(^2){		d	i		i(^2)	i			^2		m	True	True	(0, 2, 1)	()	0	0	minor	minor	i	i, minor	i		i	i	True	i	i, minor		i(^2), minor		i	i	1		2	2	2	2	2	D	D	D	D	minor triad	0	True	True	True	True	True	-1	-1	-1	4	False	False	False
130	2	21.667	52	4	E	0	2.667	0	False	3	4	2	1	1/12	True	-1	8	8	8	8a	3	65/3	False	False				False	8	i(^2){		d	i		i(^2)	i			^2		m	True	True	(0, 2, 1)	()	0	0	minor	minor	i	i, minor	i		i	i	True	i	i, minor		i(^2), minor		i	i	1		2	2	2	2	2	D	D	D	D	minor triad	0	True	True	True	True	True	2	2	2	2	True	False	False
130	2	21.667	64	4	E	0	2.667	0	False	3	4	1	1	1/12	True	-1	8	8	8	8a	4	65/3	False	False				False	8	i(^2){		d	i		i(^2)	i			^2		m	True	True	(0, 2, 1)	()	0	0	minor	minor	i	i, minor	i		i	i	True	i	i, minor		i(^2), minor		i	i	1		2	2	2	2	2	D	D	D	D	minor triad	0	True	True	True	True	True	2	2	2	2	True	False	False
132	6	22.0	57	3	A	0	3.0	3	True	3	4	2	1	1/4	True	-1	8	8	8	8a	3	22	False	False				False	8	i(^2){		d	i		i(^2)	i			^2		m	True	True	(0, 2, 1)	()	0	0	minor	minor	i	i, minor	i		i	i	True	i	i, minor		i(^2), minor		i	i	1		2	2	2	2	2	D	D	D	D	minor triad	0	True	True	True	True	True	1	1	1	5	True	False	False
132	6	22.0	69	3	A	0	3.0	3	True	3	4	1	1	1/4	True	-1	8	8	8	8a	4	22	False	False				False	8	i(^2){		d	i		i(^2)	i			^2		m	True	True	(0, 2, 1)	()	0	0	minor	minor	i	i, minor	i		i	i	True	i	i, minor		i(^2), minor		i	i	1		2	2	2	2	2	D	D	D	D	minor triad	0	True	True	True	True	True	1	1	1	5	True	False	False
138	3	23.0	33	3	A	0	1.0	1	True	2	4	2	2	1/8	True	-1	9	9	9	9a	1	23	False	True				False	9	v		d	i		v	v					m	True	True	(1, -2, 2)	()	1	1	minor	minor	i	i, minor	v		i	i	True	v	v, minor		v, minor		v	v	5		2	2	2	3	3	A	A	D	D	minor triad	0	True	True	True	True	True	1	1	1	5	True	True	True
138	3	23.0	40	4	E	0	1.0	1	True	2	4	2	2	1/8	True	-1	9	9	9	9a	2	23	False	True				False	9	v		d	i		v	v					m	True	True	(1, -2, 2)	()	1	1	minor	minor	i	i, minor	v		i	i	True	v	v, minor		v, minor		v	v	5		2	2	2	3	3	A	A	D	D	minor triad	0	True	True	True	True	True	2	2	2	2	True	False	False
138	3	23.0	45	3	A	0	1.0	1	True	2	4	2	2	1/8	True	-1	9	9	9	9a	2	23	False	True				False	9	v		d	i		v	v					m	True	True	(1, -2, 2)	()	1	1	minor	minor	i	i, minor	v		i	i	True	v	v, minor		v, minor		v	v	5		2	2	2	3	3	A	A	D	D	minor triad	0	True	True	True	True	True	1	1	1	5	True	True	True
138	2	23.0	57	3	A	0	1.0	1	True	2	4	2	1	1/12	False	-1	9	9	9	9a	3	23	False	True				False	9	v		d	i		v	v					m	True	True	(1, -2, 2)	()	1	1	minor	minor	i	i, minor	v		i	i	True	v	v, minor		v, minor		v	v	5		2	2	2	3	3	A	A	D	D	minor triad	0	True	True	True	True	True	1	1	1	5	True	True	True
138	2	23.0	69	3	A	0	1.0	1	True	2	4	1	2	1/12	False	-1	9	9	9	9a	4	23	False	True				False	9	v		d	i		v	v					m	True	True	(1, -2, 2)	()	1	1	minor	minor	i	i, minor	v		i	i	True	v	v, minor		v, minor		v	v	5		2	2	2	3	3	A	A	D	D	minor triad	0	True	True	True	True	True	1	1	1	5	True	True	True
138	2	23.0	76	4	E	0	1.0	1	True	2	4	1	1	1/12	True	-1	9	9	9	9a	5	23	False	True				False	9	v		d	i		v	v					m	True	True	(1, -2, 2)	()	1	1	minor	minor	i	i, minor	v		i	i	True	v	v, minor		v, minor		v	v	5		2	2	2	3	3	A	A	D	D	minor triad	0	True	True	True	True	True	2	2	2	2	True	False	False
138	2	23.0	81	3	A	0	1.0	1	True	2	4	1	1	1/12	True	-1	9	9	9	9a	5	23	False	True				False	9	v		d	i		v	v					m	True	True	(1, -2, 2)	()	1	1	minor	minor	i	i, minor	v		i	i	True	v	v, minor		v, minor		v	v	5		2	2	2	3	3	A	A	D	D	minor triad	0	True	True	True	True	True	1	1	1	5	True	True	True
138	2	23.0	88	4	E	0	1.0	1	True	2	4	1	1	1/12	True	-1	9	9	9	9a	6	23	False	True				False	9	v		d	i		v	v					m	True	True	(1, -2, 2)	()	1	1	minor	minor	i	i, minor	v		i	i	True	v	v, minor		v, minor		v	v	5		2	2	2	3	3	A	A	D	D	minor triad	0	True	True	True	True	True	2	2	2	2	True	False	False
140	2	23.333	60	0	C	0	1.333	0	False	2	4	2	1	1/12	True	-1	9	9	9	9a	4	70/3	False	False				False	9	v		d	i		v	v					m	True	True	(1, -2, 2)	()	1	1	minor	minor	i	i, minor	v		i	i	True	v	v, minor		v, minor		v	v	5		2	2	2	3	3	A	A	D	D	minor triad	0	True	True	True	True	True	-2	-2	-2	7	True	False	False
140	2	23.333	72	0	C	0	1.333	0	False	2	4	1	2	1/12	True	-1	9	9	9	9a	5	70/3	False	False				False	9	v		d	i		v	v					m	True	True	(1, -2, 2)	()	1	1	minor	minor	i	i, minor	v		i	i	True	v	v, minor		v, minor		v	v	5		2	2	2	3	3	A	A	D	D	minor triad	0	True	True	True	True	True	-2	-2	-2	7	True	False	False
142	2	23.667	64	4	E	0	1.667	0	False	2	4	2	1	1/12	True	-1	9	9	9	9a	4	71/3	False	False				False	9	v		d	i		v	v					m	True	True	(1, -2, 2)	()	1	1	minor	minor	i	i, minor	v		i	i	True	v	v, minor		v, minor		v	v	5		2	2	2	3	3	A	A	D	D	minor triad	0	True	True	True	True	True	2	2	2	2	True	False	False
142	2	23.667	76	4	E	0	1.667	0	False	2	4	1	2	1/12	True	-1	9	9	9	9a	5	71/3	False	False				False	9	v		d	i		v	v					m	True	True	(1, -2, 2)	()	1	1	minor	minor	i	i, minor	v		i	i	True	v	v, minor		v, minor		v	v	5		2	2	2	3	3	A	A	D	D	minor triad	0	True	True	True	True	True	2	2	2	2	True	False	False
144	6	24.0	57	3	A	0	2.0	2	True	2	4	2	1	1/4	True	-1	9	9	9	9a	3	24	False	False				False	9	v		d	i		v	v					m	True	True	(1, -2, 2)	()	1	1	minor	minor	i	i, minor	v		i	i	True	v	v, minor		v, minor		v	v	5		2	2	2	3	3	A	A	D	D	minor triad	0	True	True	True	True	True	1	1	1	5	True	True	True
144	6	24.0	69	3	A	0	2.0	2	True	2	4	1	1	1/4	True	-1	9	9	9	9a	4	24	False	False				False	9	v		d	i		v	v					m	True	True	(1, -2, 2)	()	1	1	minor	minor	i	i, minor	v		i	i	True	v	v, minor		v, minor		v	v	5		2	2	2	3	3	A	A	D	D	minor triad	0	True	True	True	True	True	1	1	1	5	True	True	True
150	2	25.0	41	-1	F	0	1.0	1	True	3	4	2	1	1/12	True	-1	10	10	10	10a	2	25	True	True				False	10	I(9)/III		d	i		I(9)/III	I			9	III	M	True	True	(-3, 1, -2)	(-1,)	-3	-3	minor	minor	i	i, minor	I/III	III	III/i	III	False	I/III	I/III, minor		I(9)/III, minor	III	III	I	1	3	2	2	-1	-1	-1	F	F	D	F	major triad	0	True	True	True	True	True	-3	-3	0	3	True	True	True
150	2	25.0	48	0	C	0	1.0	1	True	3	4	2	1	1/12	True	-1	10	10	10	10a	3	25	True	True				False	10	I(9)/III		d	i		I(9)/III	I			9	III	M	True	True	(-3, 1, -2)	(-1,)	-3	-3	minor	minor	i	i, minor	I/III	III	III/i	III	False	I/III	I/III, minor		I(9)/III, minor	III	III	I	1	3	2	2	-1	-1	-1	F	F	D	F	major triad	0	True	True	True	True	True	-2	-2	1	7	True	False	False
150	2	25.0	53	-1	F	0	1.0	1	True	3	4	2	1	1/12	True	-1	10	10	10	10a	3	25	True	True				False	10	I(9)/III		d	i		I(9)/III	I			9	III	M	True	True	(-3, 1, -2)	(-1,)	-3	-3	minor	minor	i	i, minor	I/III	III	III/i	III	False	I/III	I/III, minor		I(9)/III, minor	III	III	I	1	3	2	2	-1	-1	-1	F	F	D	F	major triad	0	True	True	True	True	True	-3	-3	0	3	True	True	True
150	2	25.0	72	0	C	0	1.0	1	True	3	4	1	1	1/12	True	-1	10	10	10	10a	5	25	True	True				False	10	I(9)/III		d	i		I(9)/III	I			9	III	M	True	True	(-3, 1, -2)	(-1,)	-3	-3	minor	minor	i	i, minor	I/III	III	III/i	III	False	I/III	I/III, minor		I(9)/III, minor	III	III	I	1	3	2	2	-1	-1	-1	F	F	D	F	major triad	0	True	True	True	True	True	-2	-2	1	7	True	False	False
150	2	25.0	77	-1	F	0	1.0	1	True	3	4	1	1	1/12	True	-1	10	10	10	10a	5	25	True	True				False	10	I(9)/III		d	i		I(9)/III	I			9	III	M	True	True	(-3, 1, -2)	(-1,)	-3	-3	minor	minor	i	i, minor	I/III	III	III/i	III	False	I/III	I/III, minor		I(9)/III, minor	III	III	I	1	3	2	2	-1	-1	-1	F	F	D	F	major triad	0	True	True	True	True	True	-3	-3	0	3	True	True	True
150	2	25.0	84	0	C	0	1.0	1	True	3	4	1	1	1/12	True	-1	10	10	10	10a	6	25	True	True				False	10	I(9)/III		d	i		I(9)/III	I			9	III	M	True	True	(-3, 1, -2)	(-1,)	-3	-3	minor	minor	i	i, minor	I/III	III	III/i	III	False	I/III	I/III, minor		I(9)/III, minor	III	III	I	1	3	2	2	-1	-1	-1	F	F	D	F	major triad	0	True	True	True	True	True	-2	-2	1	7	True	False	False
152	2	25.333	48	0	C	0	1.333	0	False	3	4	2	1	1/12	True	-1	10	10	10	10a	3	76/3	False	False				False	10	I(9)/III		d	i		I(9)/III	I			9	III	M	True	True	(-3, 1, -2)	(-1,)	-3	-3	minor	minor	i	i, minor	I/III	III	III/i	III	False	I/III	I/III, minor		I(9)/III, minor	III	III	I	1	3	2	2	-1	-1	-1	F	F	D	F	major triad	0	True	True	True	True	True	-2	-2	1	7	True	False	False
152	2	25.333	60	0	C	0	1.333	0	False	3	4	1	1	1/12	True	-1	10	10	10	10a	4	76/3	False	False				False	10	I(9)/III		d	i		I(9)/III	I			9	III	M	True	True	(-3, 1, -2)	(-1,)	-3	-3	minor	minor	i	i, minor	I/III	III	III/i	III	False	I/III	I/III, minor		I(9)/III, minor	III	III	I	1	3	2	2	-1	-1	-1	F	F	D	F	major triad	0	True	True	True	True	True	-2	-2	1	7	True	False	False
154	2	25.667	55	1	G	0	1.667	0	False	3	4	2	1	1/12	True	-1	10	10	10	10a	3	77/3	False	False				False	10	I(9)/III		d	i		I(9)/III	I			9	III	M	True	True	(-3, 1, -2)	(-1,)	-3	-3	minor	minor	i	i, minor	I/III	III	III/i	III	False	I/III	I/III, minor		I(9)/III, minor	III	III	I	1	3	2	2	-1	-1	-1	F	F	D	F	major triad	0	True	True	True	True	True	-1	-1	2	4	False	False	False
154	2	25.667	67	1	G	0	1.667	0	False	3	4	1	1	1/12	True	-1	10	10	10	10a	4	77/3	False	False				False	10	I(9)/III		d	i		I(9)/III	I			9	III	M	True	True	(-3, 1, -2)	(-1,)	-3	-3	minor	minor	i	i, minor	I/III	III	III/i	III	False	I/III	I/III, minor		I(9)/III, minor	III	III	I	1	3	2	2	-1	-1	-1	F	F	D	F	major triad	0	True	True	True	True	True	-1	-1	2	4	False	False	False
156	2	26.0	53	-1	F	0	2.0	2	True	3	4	2	1	1/12	True	-1	10	10	10	10a	3	26	False	False				False	10	I(9)/III		d	i		I(9)/III	I			9	III	M	True	True	(-3, 1, -2)	(-1,)	-3	-3	minor	minor	i	i, minor	I/III	III	III/i	III	False	I/III	I/III, minor		I(9)/III, minor	III	III	I	1	3	2	2	-1	-1	-1	F	F	D	F	major triad	0	True	True	True	True	True	-3	-3	0	3	True	True	True
156	2	26.0	65	-1	F	0	2.0	2	True	3	4	1	1	1/12	True	-1	10	10	10	10a	4	26	False	False				False	10	I(9)/III		d	i		I(9)/III	I			9	III	M	True	True	(-3, 1, -2)	(-1,)	-3	-3	minor	minor	i	i, minor	I/III	III	III/i	III	False	I/III	I/III, minor		I(9)/III, minor	III	III	I	1	3	2	2	-1	-1	-1	F	F	D	F	major triad	0	True	True	True	True	True	-3	-3	0	3	True	True	True
158	2	26.333	58	-2	B	-1	2.333	0	False	3	4	2	1	1/12	True	-1	10	10	10	10a	3	79/3	False	False				False	10	I(9)/III		d	i		I(9)/III	I			9	III	M	True	True	(-3, 1, -2)	(-1,)	-3	-3	minor	minor	i	i, minor	I/III	III	III/i	III	False	I/III	I/III, minor		I(9)/III, minor	III	III	I	1	3	2	2	-1	-1	-1	F	F	D	F	major triad	0	True	True	True	True	True	-4	-4	-1	6	False	False	False
158	2	26.333	70	-2	B	-1	2.333	0	False	3	4	1	1	1/12	True	-1	10	10	10	10a	4	79/3	False	False				False	10	I(9)/III		d	i		I(9)/III	I			9	III	M	True	True	(-3, 1, -2)	(-1,)	-3	-3	minor	minor	i	i, minor	I/III	III	III/i	III	False	I/III	I/III, minor		I(9)/III, minor	III	III	I	1	3	2	2	-1	-1	-1	F	F	D	F	major triad	0	True	True	True	True	True	-4	-4	-1	6	False	False	False
160	2	26.667	55	1	G	0	2.667	0	False	3	4	2	1	1/12	True	-1	10	10	10	10a	3	80/3	False	False				False	10	I(9)/III		d	i		I(9)/III	I			9	III	M	True	True	(-3, 1, -2)	(-1,)	-3	-3	minor	minor	i	i, minor	I/III	III	III/i	III	False	I/III	I/III, minor		I(9)/III, minor	III	III	I	1	3	2	2	-1	-1	-1	F	F	D	F	major triad	0	True	True	True	True	True	-1	-1	2	4	False	False	False
160	2	26.667	67	1	G	0	2.667	0	False	3	4	1	1	1/12	True	-1	10	10	10	10a	4	80/3	False	False				False	10	I(9)/III		d	i		I(9)/III	I			9	III	M	True	True	(-3, 1, -2)	(-1,)	-3	-3	minor	minor	i	i, minor	I/III	III	III/i	III	False	I/III	I/III, minor		I(9)/III, minor	III	III	I	1	3	2	2	-1	-1	-1	F	F	D	F	major triad	0	True	True	True	True	True	-1	-1	2	4	False	False	False
162	6	27.0	60	0	C	0	3.0	3	True	3	4	2	1	1/4	True	-1	10	10	10	10a	4	27	False	False				False	10	I(9)/III		d	i		I(9)/III	I			9	III	M	True	True	(-3, 1, -2)	(-1,)	-3	-3	minor	minor	i	i, minor	I/III	III	III/i	III	False	I/III	I/III, minor		I(9)/III, minor	III	III	I	1	3	2	2	-1	-1	-1	F	F	D	F	major triad	0	True	True	True	True	True	-2	-2	1	7	True	False	False
162	6	27.0	72	0	C	0	3.0	3	True	3	4	1	1	1/4	True	-1	10	10	10	10a	5	27	False	False				False	10	I(9)/III		d	i		I(9)/III	I			9	III	M	True	True	(-3, 1, -2)	(-1,)	-3	-3	minor	minor	i	i, minor	I/III	III	III/i	III	False	I/III	I/III, minor		I(9)/III, minor	III	III	I	1	3	2	2	-1	-1	-1	F	F	D	F	major triad	0	True	True	True	True	True	-2	-2	1	7	True	False	False
168	3	28.0	36	0	C	0	1.0	1	True	2	4	2	2	1/8	True	-1	11	11	11	11a	2	28	False	True				False	11	v/III		d	i		v/III	v				III	m	True	True	(-2, -5, -1)	()	-2	-2	minor	minor	i	i, minor	v/III	III	III/i	III	False	v/III	v/III, minor		v/III, minor	III	III	v	5	3	2	2	-1	0	0	C	C	D	F	minor triad	0	True	True	True	True	True	-2	-2	1	7	True	True	True
168	3	28.0	43	1	G	0	1.0	1	True	2	4	2	2	1/8	True	-1	11	11	11	11a	2	28	False	True				False	11	v/III		d	i		v/III	v				III	m	True	True	(-2, -5, -1)	()	-2	-2	minor	minor	i	i, minor	v/III	III	III/i	III	False	v/III	v/III, minor		v/III, minor	III	III	v	5	3	2	2	-1	0	0	C	C	D	F	minor triad	0	True	True	True	True	True	-1	-1	2	4	True	False	False
168	3	28.0	48	0	C	0	1.0	1	True	2	4	2	2	1/8	True	-1	11	11	11	11a	3	28	False	True				False	11	v/III		d	i		v/III	v				III	m	True	True	(-2, -5, -1)	()	-2	-2	minor	minor	i	i, minor	v/III	III	III/i	III	False	v/III	v/III, minor		v/III, minor	III	III	v	5	3	2	2	-1	0	0	C	C	D	F	minor triad	0	True	True	True	True	True	-2	-2	1	7	True	True	True
168	2	28.0	60	0	C	0	1.0	1	True	2	4	2	1	1/12	False	-1	11	11	11	11a	4	28	False	True				False	11	v/III		d	i		v/III	v				III	m	True	True	(-2, -5, -1)	()	-2	-2	minor	minor	i	i, minor	v/III	III	III/i	III	False	v/III	v/III, minor		v/III, minor	III	III	v	5	3	2	2	-1	0	0	C	C	D	F	minor triad	0	True	True	True	True	True	-2	-2	1	7	True	True	True
168	2	28.0	72	0	C	0	1.0	1	True	2	4	1	2	1/12	False	-1	11	11	11	11a	5	28	False	True				False	11	v/III		d	i		v/III	v				III	m	True	True	(-2, -5, -1)	()	-2	-2	minor	minor	i	i, minor	v/III	III	III/i	III	False	v/III	v/III, minor		v/III, minor	III	III	v	5	3	2	2	-1	0	0	C	C	D	F	minor triad	0	True	True	True	True	True	-2	-2	1	7	True	True	True
168	3	28.0	79	1	G	0	1.0	1	True	2	4	1	1	1/8	True	-1	11	11	11	11a	5	28	False	True				False	11	v/III		d	i		v/III	v				III	m	True	True	(-2, -5, -1)	()	-2	-2	minor	minor	i	i, minor	v/III	III	III/i	III	False	v/III	v/III, minor		v/III, minor	III	III	v	5	3	2	2	-1	0	0	C	C	D	F	minor triad	0	True	True	True	True	True	-1	-1	2	4	True	False	False
168	3	28.0	84	0	C	0	1.0	1	True	2	4	1	1	1/8	True	-1	11	11	11	11a	6	28	False	True				False	11	v/III		d	i		v/III	v				III	m	True	True	(-2, -5, -1)	()	-2	-2	minor	minor	i	i, minor	v/III	III	III/i	III	False	v/III	v/III, minor		v/III, minor	III	III	v	5	3	2	2	-1	0	0	C	C	D	F	minor triad	0	True	True	True	True	True	-2	-2	1	7	True	True	True
168	3	28.0	91	1	G	0	1.0	1	True	2	4	1	1	1/8	True	-1	11	11	11	11a	6	28	False	True				False	11	v/III		d	i		v/III	v				III	m	True	True	(-2, -5, -1)	()	-2	-2	minor	minor	i	i, minor	v/III	III	III/i	III	False	v/III	v/III, minor		v/III, minor	III	III	v	5	3	2	2	-1	0	0	C	C	D	F	minor triad	0	True	True	True	True	True	-1	-1	2	4	True	False	False
170	2	28.333	63	-3	E	-1	1.333	0	False	2	4	2	1	1/12	True	-1	11	11	11	11a	4	85/3	False	False				False	11	v/III		d	i		v/III	v				III	m	True	True	(-2, -5, -1)	()	-2	-2	minor	minor	i	i, minor	v/III	III	III/i	III	False	v/III	v/III, minor		v/III, minor	III	III	v	5	3	2	2	-1	0	0	C	C	D	F	minor triad	0	True	True	True	True	True	-5	-5	-2	b2	True	False	False
170	2	28.333	75	-3	E	-1	1.333	0	False	2	4	1	2	1/12	True	-1	11	11	11	11a	5	85/3	False	False				False	11	v/III		d	i		v/III	v				III	m	True	True	(-2, -5, -1)	()	-2	-2	minor	minor	i	i, minor	v/III	III	III/i	III	False	v/III	v/III, minor		v/III, minor	III	III	v	5	3	2	2	-1	0	0	C	C	D	F	minor triad	0	True	True	True	True	True	-5	-5	-2	b2	True	False	False
172	2	28.667	67	1	G	0	1.667	0	False	2	4	2	1	1/12	True	-1	11	11	11	11a	4	86/3	False	False				False	11	v/III		d	i		v/III	v				III	m	True	True	(-2, -5, -1)	()	-2	-2	minor	minor	i	i, minor	v/III	III	III/i	III	False	v/III	v/III, minor		v/III, minor	III	III	v	5	3	2	2	-1	0	0	C	C	D	F	minor triad	0	True	True	True	True	True	-1	-1	2	4	True	False	False
172	2	28.667	79	1	G	0	1.667	0	False	2	4	1	2	1/12	True	-1	11	11	11	11a	5	86/3	False	False				False	11	v/III		d	i		v/III	v				III	m	True	True	(-2, -5, -1)	()	-2	-2	minor	minor	i	i, minor	v/III	III	III/i	III	False	v/III	v/III, minor		v/III, minor	III	III	v	5	3	2	2	-1	0	0	C	C	D	F	minor triad	0	True	True	True	True	True	-1	-1	2	4	True	False	False
174	6	29.0	60	0	C	0	2.0	2	True	2	4	2	1	1/4	True	-1	11	11	11	11a	4	29	False	False				False	11	v/III		d	i		v/III	v				III	m	True	True	(-2, -5, -1)	()	-2	-2	minor	minor	i	i, minor	v/III	III	III/i	III	False	v/III	v/III, minor		v/III, minor	III	III	v	5	3	2	2	-1	0	0	C	C	D	F	minor triad	0	True	True	True	True	True	-2	-2	1	7	True	True	True
174	6	29.0	72	0	C	0	2.0	2	True	2	4	1	2	1/4	True	-1	11	11	11	11a	5	29	False	False				False	11	v/III		d	i		v/III	v				III	m	True	True	(-2, -5, -1)	()	-2	-2	minor	minor	i	i, minor	v/III	III	III/i	III	False	v/III	v/III, minor		v/III, minor	III	III	v	5	3	2	2	-1	0	0	C	C	D	F	minor triad	0	True	True	True	True	True	-2	-2	1	7	True	True	True
180	2	30.0	43	1	G	0	1.0	1	True	3	4	2	1	1/12	True	-1	12	12	12	12a	2	30	False	True				False	12	iv7		d	i		iv7	iv		7			mm7	True	True	(-1, -4, 0, -3)	()	-1	-1	minor	minor	i	i, minor	iv		i	i	True	iv7	iv7, minor		iv7, minor		iv	iv7	4		2	2	2	1	1	G	G	D	D	minor seventh chord	7	True	True	True	True	True	-1	-1	-1	4	True	True	True
180	2	30.0	50	2	D	0	1.0	1	True	3	4	2	1	1/12	True	-1	12	12	12	12a	3	30	False	True				False	12	iv7		d	i		iv7	iv		7			mm7	True	True	(-1, -4, 0, -3)	()	-1	-1	minor	minor	i	i, minor	iv		i	i	True	iv7	iv7, minor		iv7, minor		iv	iv7	4		2	2	2	1	1	G	G	D	D	minor seventh chord	7	True	True	True	True	True	0	0	0	1	True	False	False
180	2	30.0	55	1	G	0	1.0	1	True	3	4	2	1	1/12	True	-1	12	12	12	12a	3	30	False	True				False	12	iv7		d	i		iv7	iv		7			mm7	True	True	(-1, -4, 0, -3)	()	-1	-1	minor	minor	i	i, minor	iv		i	i	True	iv7	iv7, minor		iv7, minor		iv	iv7	4		2	2	2	1	1	G	G	D	D	minor seventh chord	7	True	True	True	True	True	-1	-1	-1	4	True	True	True
180	2	30.0	74	2	D	0	1.0	1	True	3	4	1	1	1/12	True	-1	12	12	12	12a	5	30	False	True				False	12	iv7		d	i		iv7	iv		7			mm7	True	True	(-1, -4, 0, -3)	()	-1	-1	minor	minor	i	i, minor	iv		i	i	True	iv7	iv7, minor		iv7, minor		iv	iv7	4		2	2	2	1	1	G	G	D	D	minor seventh chord	7	True	True	True	True	True	0	0	0	1	True	False	False
180	2	30.0	79	1	G	0	1.0	1	True	3	4	1	1	1/12	True	-1	12	12	12	12a	5	30	False	True				False	12	iv7		d	i		iv7	iv		7			mm7	True	True	(-1, -4, 0, -3)	()	-1	-1	minor	minor	i	i, minor	iv		i	i	True	iv7	iv7, minor		iv7, minor		iv	iv7	4		2	2	2	1	1	G	G	D	D	minor seventh chord	7	True	True	True	True	True	-1	-1	-1	4	True	True	True
180	2	30.0	86	2	D	0	1.0	1	True	3	4	1	1	1/12	True	-1	12	12	12	12a	6	30	False	True				False	12	iv7		d	i		iv7	iv		7			mm7	True	True	(-1, -4, 0, -3)	()	-1	-1	minor	minor	i	i, minor	iv		i	i	True	iv7	iv7, minor		iv7, minor		iv	iv7	4		2	2	2	1	1	G	G	D	D	minor seventh chord	7	True	True	True	True	True	0	0	0	1	True	False	False
182	2	30.333	55	1	G	0	1.333	0	False	3	4	2	1	1/12	True	-1	12	12	12	12a	3	91/3	False	False				False	12	iv7		d	i		iv7	iv		7			mm7	True	True	(-1, -4, 0, -3)	()	-1	-1	minor	minor	i	i, minor	iv		i	i	True	iv7	iv7, minor		iv7, minor		iv	iv7	4		2	2	2	1	1	G	G	D	D	minor seventh chord	7	True	True	True	True	True	-1	-1	-1	4	True	True	True
182	2	30.333	67	1	G	0	1.333	0	False	3	4	1	1	1/12	True	-1	12	12	12	12a	4	91/3	False	False				False	12	iv7		d	i		iv7	iv		7			mm7	True	True	(-1, -4, 0, -3)	()	-1	-1	minor	minor	i	i, minor	iv		i	i	True	iv7	iv7, minor		iv7, minor		iv	iv7	4		2	2	2	1	1	G	G	D	D	minor seventh chord	7	True	True	True	True	True	-1	-1	-1	4	True	True	True
184	2	30.667	60	0	C	0	1.667	0	False	3	4	2	1	1/12	True	-1	12	12	12	12a	4	92/3	False	False				False	12	iv7		d	i		iv7	iv		7			mm7	True	True	(-1, -4, 0, -3)	()	-1	-1	minor	minor	i	i, minor	iv		i	i	True	iv7	iv7, minor		iv7, minor		iv	iv7	4		2	2	2	1	1	G	G	D	D	minor seventh chord	7	True	True	True	True	True	-2	-2	-2	7	False	False	False
184	2	30.667	72	0	C	0	1.667	0	False	3	4	1	1	1/12	True	-1	12	12	12	12a	5	92/3	False	False				False	12	iv7		d	i		iv7	iv		7			mm7	True	True	(-1, -4, 0, -3)	()	-1	-1	minor	minor	i	i, minor	iv		i	i	True	iv7	iv7, minor		iv7, minor		iv	iv7	4		2	2	2	1	1	G	G	D	D	minor seventh chord	7	True	True	True	True	True	-2	-2	-2	7	False	False	False
186	2	31.0	58	-2	B	-1	2.0	2	True	3	4	2	1	1/12	True	-1	12	12	12	12a	3	31	False	False				False	12	iv7		d	i		iv7	iv		7			mm7	True	True	(-1, -4, 0, -3)	()	-1	-1	minor	minor	i	i, minor	iv		i	i	True	iv7	iv7, minor		iv7, minor		iv	iv7	4		2	2	2	1	1	G	G	D	D	minor seventh chord	7	True	True	True	True	True	-4	-4	-4	6	True	False	False
186	2	31.0	70	-2	B	-1	2.0	2	True	3	4	1	1	1/12	True	-1	12	12	12	12a	4	31	False	False				False	12	iv7		d	i		iv7	iv		7			mm7	True	True	(-1, -4, 0, -3)	()	-1	-1	minor	minor	i	i, minor	iv		i	i	True	iv7	iv7, minor		iv7, minor		iv	iv7	4		2	2	2	1	1	G	G	D	D	minor seventh chord	7	True	True	True	True	True	-4	-4	-4	6	True	False	False
188	2	31.333	63	-3	E	-1	2.333	0	False	3	4	2	1	1/12	True	-1	12	12	12	12a	4	94/3	False	False				False	12	iv7		d	i		iv7	iv		7			mm7	True	True	(-1, -4, 0, -3)	()	-1	-1	minor	minor	i	i, minor	iv		i	i	True	iv7	iv7, minor		iv7, minor		iv	iv7	4		2	2	2	1	1	G	G	D	D	minor seventh chord	7	True	True	True	True	True	-5	-5	-5	b2	False	False	False
188	2	31.333	75	-3	E	-1	2.333	0	False	3	4	1	1	1/12	True	-1	12	12	12	12a	5	94/3	False	False				False	12	iv7		d	i		iv7	iv		7			mm7	True	True	(-1, -4, 0, -3)	()	-1	-1	minor	minor	i	i, minor	iv		i	i	True	iv7	iv7, minor		iv7, minor		iv	iv7	4		2	2	2	1	1	G	G	D	D	minor seventh chord	7	True	True	True	True	True	-5	-5	-5	b2	False	False	False
190	2	31.667	62	2	D	0	2.667	0	False	3	4	2	1	1/12	True	-1	12	12	12	12a	4	95/3	False	False				False	12	iv7		d	i		iv7	iv		7			mm7	True	True	(-1, -4, 0, -3)	()	-1	-1	minor	minor	i	i, minor	iv		i	i	True	iv7	iv7, minor		iv7, minor		iv	iv7	4		2	2	2	1	1	G	G	D	D	minor seventh chord	7	True	True	True	True	True	0	0	0	1	True	False	False
190	2	31.667	74	2	D	0	2.667	0	False	3	4	1	1	1/12	True	-1	12	12	12	12a	5	95/3	False	False				False	12	iv7		d	i		iv7	iv		7			mm7	True	True	(-1, -4, 0, -3)	()	-1	-1	minor	minor	i	i, minor	iv		i	i	True	iv7	iv7, minor		iv7, minor		iv	iv7	4		2	2	2	1	1	G	G	D	D	minor seventh chord	7	True	True	True	True	True	0	0	0	1	True	False	False
192	2	32.0	67	1	G	0	3.0	3	True	3	4	2	1	1/12	True	-1	12	12	12	12a	4	32	False	False				False	12	iv7		d	i		iv7	iv		7			mm7	True	True	(-1, -4, 0, -3)	()	-1	-1	minor	minor	i	i, minor	iv		i	i	True	iv7	iv7, minor		iv7, minor		iv	iv7	4		2	2	2	1	1	G	G	D	D	minor seventh chord	7	True	True	True	True	True	-1	-1	-1	4	True	True	True
192	2	32.0	79	1	G	0	3.0	3	True	3	4	1	1	1/12	True	-1	12	12	12	12a	5	32	False	False				False	12	iv7		d	i		iv7	iv		7			mm7	True	True	(-1, -4, 0, -3)	()	-1	-1	minor	minor	i	i, minor	iv		i	i	True	iv7	iv7, minor		iv7, minor		iv	iv7	4		2	2	2	1	1	G	G	D	D	minor seventh chord	7	True	True	True	True	True	-1	-1	-1	4	True	True	True
194	2	32.333	58	-2	B	-1	3.333	0	False	3	4	2	1	1/12	True	-1	12	12	12	12a	3	97/3	False	False				False	12	iv7		d	i		iv7	iv		7			mm7	True	True	(-1, -4, 0, -3)	()	-1	-1	minor	minor	i	i, minor	iv		i	i	True	iv7	iv7, minor		iv7, minor		iv	iv7	4		2	2	2	1	1	G	G	D	D	minor seventh chord	7	True	True	True	True	True	-4	-4	-4	6	True	False	False
194	2	32.333	70	-2	B	-1	3.333	0	False	3	4	1	1	1/12	True	-1	12	12	12	12a	4	97/3	False	False				False	12	iv7		d	i		iv7	iv		7			mm7	True	True	(-1, -4, 0, -3)	()	-1	-1	minor	minor	i	i, minor	iv		i	i	True	iv7	iv7, minor		iv7, minor		iv	iv7	4		2	2	2	1	1	G	G	D	D	minor seventh chord	7	True	True	True	True	True	-4	-4	-4	6	True	False	False
196	2	32.667	65	-1	F	0	3.667	0	False	3	4	2	1	1/12	True	-1	12	12	12	12a	4	98/3	False	False				False	12	iv7		d	i		iv7	iv		7			mm7	True	True	(-1, -4, 0, -3)	()	-1	-1	minor	minor	i	i, minor	iv		i	i	True	iv7	iv7, minor		iv7, minor		iv	iv7	4		2	2	2	1	1	G	G	D	D	minor seventh chord	7	True	True	True	True	True	-3	-3	-3	3	True	False	False
196	2	32.667	77	-1	F	0	3.667	0	False	3	4	1	1	1/12	True	-1	12	12	12	12a	5	98/3	False	False				False	12	iv7		d	i		iv7	iv		7			mm7	True	True	(-1, -4, 0, -3)	()	-1	-1	minor	minor	i	i, minor	iv		i	i	True	iv7	iv7, minor		iv7, minor		iv	iv7	4		2	2	2	1	1	G	G	D	D	minor seventh chord	7	True	True	True	True	True	-3	-3	-3	3	True	False	False
198	6	33.0	62	2	D	0	1.0	1	True	3	4	2	2	1/4	True	-1	13	13	13	13a	4	33	False	False				False	12	iv7		d	i		iv7	iv		7			mm7	True	True	(-1, -4, 0, -3)	()	-1	-1	minor	minor	i	i, minor	iv		i	i	True	iv7	iv7, minor		iv7, minor		iv	iv7	4		2	2	2	1	1	G	G	D	D	minor seventh chord	7	True	True	True	True	True	0	0	0	1	True	False	False
198	6	33.0	74	2	D	0	1.0	1	True	3	4	1	2	1/4	True	-1	13	13	13	13a	5	33	False	False				False	12	iv7		d	i		iv7	iv		7			mm7	True	True	(-1, -4, 0, -3)	()	-1	-1	minor	minor	i	i, minor	iv		i	i	True	iv7	iv7, minor		iv7, minor		iv	iv7	4		2	2	2	1	1	G	G	D	D	minor seventh chord	7	True	True	True	True	True	0	0	0	1	True	False	False
204	3	34.0	41	-1	F	0	2.0	2	True	3	4	2	1	1/8	True	-1	13	13	13	13a	2	34	False	True				False	13	IIIM7		d	i		IIIM7	III	M	7			MM7	True	True	(-3, 1, -2, 2)	()	-3	-3	minor	minor	i	i, minor	III		i	i	True	IIIM7	IIIM7, minor		IIIM7, minor		III	III7	3		2	2	2	-1	-1	F	F	D	D	major seventh chord	7	True	True	True	True	True	-3	-3	-3	3	True	True	True
204	3	34.0	48	0	C	0	2.0	2	True	3	4	2	1	1/8	True	-1	13	13	13	13a	3	34	False	True				False	13	IIIM7		d	i		IIIM7	III	M	7			MM7	True	True	(-3, 1, -2, 2)	()	-3	-3	minor	minor	i	i, minor	III		i	i	True	IIIM7	IIIM7, minor		IIIM7, minor		III	III7	3		2	2	2	-1	-1	F	F	D	D	major seventh chord	7	True	True	True	True	True	-2	-2	-2	7	True	False	False
204	3	34.0	53	-1	F	0	2.0	2	True	3	4	2	1	1/8	True	-1	13	13	13	13a	3	34	False	True				False	13	IIIM7		d	i		IIIM7	III	M	7			MM7	True	True	(-3, 1, -2, 2)	()	-3	-3	minor	minor	i	i, minor	III		i	i	True	IIIM7	IIIM7, minor		IIIM7, minor		III	III7	3		2	2	2	-1	-1	F	F	D	D	major seventh chord	7	True	True	True	True	True	-3	-3	-3	3	True	True	True
204	2	34.0	62	2	D	0	2.0	2	True	3	4	2	2	1/12	False	-1	13	13	13	13a	4	34	False	True				False	13	IIIM7		d	i		IIIM7	III	M	7			MM7	True	True	(-3, 1, -2, 2)	()	-3	-3	minor	minor	i	i, minor	III		i	i	True	IIIM7	IIIM7, minor		IIIM7, minor		III	III7	3		2	2	2	-1	-1	F	F	D	D	major seventh chord	7	True	True	True	True	True	0	0	0	1	False	False	False
204	2	34.0	74	2	D	0	2.0	2	True	3	4	1	2	1/12	False	-1	13	13	13	13a	5	34	False	True				False	13	IIIM7		d	i		IIIM7	III	M	7			MM7	True	True	(-3, 1, -2, 2)	()	-3	-3	minor	minor	i	i, minor	III		i	i	True	IIIM7	IIIM7, minor		IIIM7, minor		III	III7	3		2	2	2	-1	-1	F	F	D	D	major seventh chord	7	True	True	True	True	True	0	0	0	1	False	False	False
204	3	34.0	74	2	D	0	2.0	2	True	3	4	1	1	1/8	True	-1	13	13	13	13a	5	34	False	True				False	13	IIIM7		d	i		IIIM7	III	M	7			MM7	True	True	(-3, 1, -2, 2)	()	-3	-3	minor	minor	i	i, minor	III		i	i	True	IIIM7	IIIM7, minor		IIIM7, minor		III	III7	3		2	2	2	-1	-1	F	F	D	D	major seventh chord	7	True	True	True	True	True	0	0	0	1	False	False	False
204	3	34.0	81	3	A	0	2.0	2	True	3	4	1	1	1/8	True	-1	13	13	13	13a	5	34	False	True				False	13	IIIM7		d	i		IIIM7	III	M	7			MM7	True	True	(-3, 1, -2, 2)	()	-3	-3	minor	minor	i	i, minor	III		i	i	True	IIIM7	IIIM7, minor		IIIM7, minor		III	III7	3		2	2	2	-1	-1	F	F	D	D	major seventh chord	7	True	True	True	True	True	1	1	1	5	True	False	False
204	3	34.0	86	2	D	0	2.0	2	True	3	4	1	1	1/8	True	-1	13	13	13	13a	6	34	False	True				False	13	IIIM7		d	i		IIIM7	III	M	7			MM7	True	True	(-3, 1, -2, 2)	()	-3	-3	minor	minor	i	i, minor	III		i	i	True	IIIM7	IIIM7, minor		IIIM7, minor		III	III7	3		2	2	2	-1	-1	F	F	D	D	major seventh chord	7	True	True	True	True	True	0	0	0	1	False	False	False
206	2	34.333	57	3	A	0	2.333	0	False	3	4	2	2	1/12	True	-1	13	13	13	13a	3	103/3	False	False				False	13	IIIM7		d	i		IIIM7	III	M	7			MM7	True	True	(-3, 1, -2, 2)	()	-3	-3	minor	minor	i	i, minor	III		i	i	True	IIIM7	IIIM7, minor		IIIM7, minor		III	III7	3		2	2	2	-1	-1	F	F	D	D	major seventh chord	7	True	True	True	True	True	1	1	1	5	True	False	False
206	2	34.333	69	3	A	0	2.333	0	False	3	4	1	2	1/12	True	-1	13	13	13	13a	4	103/3	False	False				False	13	IIIM7		d	i		IIIM7	III	M	7			MM7	True	True	(-3, 1, -2, 2)	()	-3	-3	minor	minor	i	i, minor	III		i	i	True	IIIM7	IIIM7, minor		IIIM7, minor		III	III7	3		2	2	2	-1	-1	F	F	D	D	major seventh chord	7	True	True	True	True	True	1	1	1	5	True	False	False
208	2	34.667	64	4	E	0	2.667	0	False	3	4	2	2	1/12	True	-1	13	13	13	13a	4	104/3	False	False				False	13	IIIM7		d	i		IIIM7	III	M	7			MM7	True	True	(-3, 1, -2, 2)	()	-3	-3	minor	minor	i	i, minor	III		i	i	True	IIIM7	IIIM7, minor		IIIM7, minor		III	III7	3		2	2	2	-1	-1	F	F	D	D	major seventh chord	7	True	True	True	True	True	2	2	2	2	True	False	False
208	2	34.667	76	4	E	0	2.667	0	False	3	4	1	2	1/12	True	-1	13	13	13	13a	5	104/3	False	False				False	13	IIIM7		d	i		IIIM7	III	M	7			MM7	True	True	(-3, 1, -2, 2)	()	-3	-3	minor	minor	i	i, minor	III		i	i	True	IIIM7	IIIM7, minor		IIIM7, minor		III	III7	3		2	2	2	-1	-1	F	F	D	D	major seventh chord	7	True	True	True	True	True	2	2	2	2	True	False	False
210	6	35.0	60	0	C	0	3.0	3	True	3	4	2	2	1/4	True	-1	13	13	13	13a	4	35	False	False				False	13	IIIM7		d	i		IIIM7	III	M	7			MM7	True	True	(-3, 1, -2, 2)	()	-3	-3	minor	minor	i	i, minor	III		i	i	True	IIIM7	IIIM7, minor		IIIM7, minor		III	III7	3		2	2	2	-1	-1	F	F	D	D	major seventh chord	7	True	True	True	True	True	-2	-2	-2	7	True	False	False
210	6	35.0	72	0	C	0	3.0	3	True	3	4	1	2	1/4	True	-1	13	13	13	13a	5	35	False	False				False	13	IIIM7		d	i		IIIM7	III	M	7			MM7	True	True	(-3, 1, -2, 2)	()	-3	-3	minor	minor	i	i, minor	III		i	i	True	IIIM7	IIIM7, minor		IIIM7, minor		III	III7	3		2	2	2	-1	-1	F	F	D	D	major seventh chord	7	True	True	True	True	True	-2	-2	-2	7	True	False	False
216	3	36.0	39	-3	E	-1	1.0	1	True	2	4	2	1	1/8	True	-1	14	14	14	14a	2	36	False	True				False	14	bIIM7		d	i		bIIM7	bII	M	7			MM7	True	True	(-5, -1, -4, 0)	()	-5	-5	minor	minor	i	i, minor	bII		i	i	True	bIIM7	bIIM7, minor		bIIM7, minor		bII	N7	-2		2	2	2	-3	-3	Eb	Eb	D	D	major seventh chord	7	True	True	True	True	True	-5	-5	-5	b2	True	True	True
216	3	36.0	46	-2	B	-1	1.0	1	True	2	4	2	1	1/8	True	-1	14	14	14	14a	2	36	False	True				False	14	bIIM7		d	i		bIIM7	bII	M	7			MM7	True	True	(-5, -1, -4, 0)	()	-5	-5	minor	minor	i	i, minor	bII		i	i	True	bIIM7	bIIM7, minor		bIIM7, minor		bII	N7	-2		2	2	2	-3	-3	Eb	Eb	D	D	major seventh chord	7	True	True	True	True	True	-4	-4	-4	6	True	False	False
216	3	36.0	51	-3	E	-1	1.0	1	True	2	4	2	1	1/8	True	-1	14	14	14	14a	3	36	False	True				False	14	bIIM7		d	i		bIIM7	bII	M	7			MM7	True	True	(-5, -1, -4, 0)	()	-5	-5	minor	minor	i	i, minor	bII		i	i	True	bIIM7	bIIM7, minor		bIIM7, minor		bII	N7	-2		2	2	2	-3	-3	Eb	Eb	D	D	major seventh chord	7	True	True	True	True	True	-5	-5	-5	b2	True	True	True
216	2	36.0	60	0	C	0	1.0	1	True	2	4	2	2	1/12	False	-1	14	14	14	14a	4	36	False	True				False	14	bIIM7		d	i		bIIM7	bII	M	7			MM7	True	True	(-5, -1, -4, 0)	()	-5	-5	minor	minor	i	i, minor	bII		i	i	True	bIIM7	bIIM7, minor		bIIM7, minor		bII	N7	-2		2	2	2	-3	-3	Eb	Eb	D	D	major seventh chord	7	True	True	True	True	True	-2	-2	-2	7	False	False	False
216	2	36.0	72	0	C	0	1.0	1	True	2	4	1	2	1/12	False	-1	14	14	14	14a	5	36	False	True				False	14	bIIM7		d	i		bIIM7	bII	M	7			MM7	True	True	(-5, -1, -4, 0)	()	-5	-5	minor	minor	i	i, minor	bII		i	i	True	bIIM7	bIIM7, minor		bIIM7, minor		bII	N7	-2		2	2	2	-3	-3	Eb	Eb	D	D	major seventh chord	7	True	True	True	True	True	-2	-2	-2	7	False	False	False
216	3	36.0	74	2	D	0	1.0	1	True	2	4	1	1	1/8	True	-1	14	14	14	14a	5	36	False	True				False	14	bIIM7		d	i		bIIM7	bII	M	7			MM7	True	True	(-5, -1, -4, 0)	()	-5	-5	minor	minor	i	i, minor	bII		i	i	True	bIIM7	bIIM7, minor		bIIM7, minor		bII	N7	-2		2	2	2	-3	-3	Eb	Eb	D	D	major seventh chord	7	True	True	True	True	True	0	0	0	1	True	False	False
216	3	36.0	79	1	G	0	1.0	1	True	2	4	1	1	1/8	True	-1	14	14	14	14a	5	36	False	True				False	14	bIIM7		d	i		bIIM7	bII	M	7			MM7	True	True	(-5, -1, -4, 0)	()	-5	-5	minor	minor	i	i, minor	bII		i	i	True	bIIM7	bIIM7, minor		bIIM7, minor		bII	N7	-2		2	2	2	-3	-3	Eb	Eb	D	D	major seventh chord	7	True	True	True	True	True	-1	-1	-1	4	True	False	False
216	3	36.0	86	2	D	0	1.0	1	True	2	4	1	1	1/8	True	-1	14	14	14	14a	6	36	False	True				False	14	bIIM7		d	i		bIIM7	bII	M	7			MM7	True	True	(-5, -1, -4, 0)	()	-5	-5	minor	minor	i	i, minor	bII		i	i	True	bIIM7	bIIM7, minor		bIIM7, minor		bII	N7	-2		2	2	2	-3	-3	Eb	Eb	D	D	major seventh chord	7	True	True	True	True	True	0	0	0	1	True	False	False
218	2	36.333	55	1	G	0	1.333	0	False	2	4	2	2	1/12	True	-1	14	14	14	14a	3	109/3	False	False				False	14	bIIM7		d	i		bIIM7	bII	M	7			MM7	True	True	(-5, -1, -4, 0)	()	-5	-5	minor	minor	i	i, minor	bII		i	i	True	bIIM7	bIIM7, minor		bIIM7, minor		bII	N7	-2		2	2	2	-3	-3	Eb	Eb	D	D	major seventh chord	7	True	True	True	True	True	-1	-1	-1	4	True	False	False
218	2	36.333	67	1	G	0	1.333	0	False	2	4	1	2	1/12	True	-1	14	14	14	14a	4	109/3	False	False				False	14	bIIM7		d	i		bIIM7	bII	M	7			MM7	True	True	(-5, -1, -4, 0)	()	-5	-5	minor	minor	i	i, minor	bII		i	i	True	bIIM7	bIIM7, minor		bIIM7, minor		bII	N7	-2		2	2	2	-3	-3	Eb	Eb	D	D	major seventh chord	7	True	True	True	True	True	-1	-1	-1	4	True	False	False
220	2	36.667	62	2	D	0	1.667	0	False	2	4	2	2	1/12	True	-1	14	14	14	14a	4	110/3	False	False				False	14	bIIM7		d	i		bIIM7	bII	M	7			MM7	True	True	(-5, -1, -4, 0)	()	-5	-5	minor	minor	i	i, minor	bII		i	i	True	bIIM7	bIIM7, minor		bIIM7, minor		bII	N7	-2		2	2	2	-3	-3	Eb	Eb	D	D	major seventh chord	7	True	True	True	True	True	0	0	0	1	True	False	False
220	2	36.667	74	2	D	0	1.667	0	False	2	4	1	2	1/12	True	-1	14	14	14	14a	5	110/3	False	False				False	14	bIIM7		d	i		bIIM7	bII	M	7			MM7	True	True	(-5, -1, -4, 0)	()	-5	-5	minor	minor	i	i, minor	bII		i	i	True	bIIM7	bIIM7, minor		bIIM7, minor		bII	N7	-2		2	2	2	-3	-3	Eb	Eb	D	D	major seventh chord	7	True	True	True	True	True	0	0	0	1	True	False	False
222	6	37.0	58	-2	B	-1	2.0	2	True	2	4	2	2	1/4	True	-1	14	14	14	14a	3	37	False	True				False	15	V(b9)		d	i		V(b9)	V			b9		M	True	True	(1, 5, 2)	(-11,)	1	1	minor	minor	i	i, minor	V		i	i	True	V	V, minor		V(b9), minor		V	V	5		2	2	2	3	3	A	A	D	D	major triad	0	True	True	True	True	True	-4	-4	-4	6	False	False	False
222	6	37.0	70	-2	B	-1	2.0	2	True	2	4	1	2	1/4	True	-1	14	14	14	14a	4	37	False	True				False	15	V(b9)		d	i		V(b9)	V			b9		M	True	True	(1, 5, 2)	(-11,)	1	1	minor	minor	i	i, minor	V		i	i	True	V	V, minor		V(b9), minor		V	V	5		2	2	2	3	3	A	A	D	D	major triad	0	True	True	True	True	True	-4	-4	-4	6	False	False	False
224	2	37.333	33	3	A	0	2.333	0	False	2	4	2	1	1/12	True	-1	14	14	14	14a	1	112/3	False	False				False	15	V(b9)		d	i		V(b9)	V			b9		M	True	True	(1, 5, 2)	(-11,)	1	1	minor	minor	i	i, minor	V		i	i	True	V	V, minor		V(b9), minor		V	V	5		2	2	2	3	3	A	A	D	D	major triad	0	True	True	True	True	True	1	1	1	5	True	True	True
224	2	37.333	45	3	A	0	2.333	0	False	2	4	2	1	1/12	True	-1	14	14	14	14a	2	112/3	False	False				False	15	V(b9)		d	i		V(b9)	V			b9		M	True	True	(1, 5, 2)	(-11,)	1	1	minor	minor	i	i, minor	V		i	i	True	V	V, minor		V(b9), minor		V	V	5		2	2	2	3	3	A	A	D	D	major triad	0	True	True	True	True	True	1	1	1	5	True	True	True
224	2	37.333	73	7	C	1	2.333	0	False	2	4	1	1	1/12	True	-1	14	14	14	14a	5	112/3	False	False				False	15	V(b9)		d	i		V(b9)	V			b9		M	True	True	(1, 5, 2)	(-11,)	1	1	minor	minor	i	i, minor	V		i	i	True	V	V, minor		V(b9), minor		V	V	5		2	2	2	3	3	A	A	D	D	major triad	0	True	True	True	True	True	5	5	5	#7	True	False	False
224	2	37.333	85	7	C	1	2.333	0	False	2	4	1	1	1/12	True	-1	14	14	14	14a	6	112/3	False	False				False	15	V(b9)		d	i		V(b9)	V			b9		M	True	True	(1, 5, 2)	(-11,)	1	1	minor	minor	i	i, minor	V		i	i	True	V	V, minor		V(b9), minor		V	V	5		2	2	2	3	3	A	A	D	D	major triad	0	True	True	True	True	True	5	5	5	#7	True	False	False
226	2	37.667	38	2	D	0	2.667	0	False	2	4	2	1	1/12	True	-1	14	14	14	14a	2	113/3	False	False				False	15	V(b9)		d	i		V(b9)	V			b9		M	True	True	(1, 5, 2)	(-11,)	1	1	minor	minor	i	i, minor	V		i	i	True	V	V, minor		V(b9), minor		V	V	5		2	2	2	3	3	A	A	D	D	major triad	0	True	True	True	True	True	0	0	0	1	False	False	False
226	2	37.667	50	2	D	0	2.667	0	False	2	4	2	1	1/12	True	-1	14	14	14	14a	3	113/3	False	False				False	15	V(b9)		d	i		V(b9)	V			b9		M	True	True	(1, 5, 2)	(-11,)	1	1	minor	minor	i	i, minor	V		i	i	True	V	V, minor		V(b9), minor		V	V	5		2	2	2	3	3	A	A	D	D	major triad	0	True	True	True	True	True	0	0	0	1	False	False	False
226	2	37.667	74	2	D	0	2.667	0	False	2	4	1	1	1/12	True	-1	14	14	14	14a	5	113/3	False	False				False	15	V(b9)		d	i		V(b9)	V			b9		M	True	True	(1, 5, 2)	(-11,)	1	1	minor	minor	i	i, minor	V		i	i	True	V	V, minor		V(b9), minor		V	V	5		2	2	2	3	3	A	A	D	D	major triad	0	True	True	True	True	True	0	0	0	1	False	False	False
226	2	37.667	86	2	D	0	2.667	0	False	2	4	1	1	1/12	True	-1	14	14	14	14a	6	113/3	False	False				False	15	V(b9)		d	i		V(b9)	V			b9		M	True	True	(1, 5, 2)	(-11,)	1	1	minor	minor	i	i, minor	V		i	i	True	V	V, minor		V(b9), minor		V	V	5		2	2	2	3	3	A	A	D	D	major triad	0	True	True	True	True	True	0	0	0	1	False	False	False
228	12	38.0	38	2	D	0	1.0	1	True	3	4	2	2	1/2	True	-1	15	15	15	15a	2	38	False	True	PAC	PAC	}	True	16	i|PAC}		d	i		i	i					m	True	True	(0, -3, 1)	()	0	0	minor	minor	i	i, minor	i		i	i	True	i	i, minor		i, minor		i	i	1		2	2	2	2	2	D	D	D	D	minor triad	0	True	True	True	True	True	0	0	0	1	True	True	True
228	12	38.0	45	3	A	0	1.0	1	True	3	4	2	2	1/2	True	-1	15	15	15	15a	2	38	False	True	PAC	PAC	}	True	16	i|PAC}		d	i		i	i					m	True	True	(0, -3, 1)	()	0	0	minor	minor	i	i, minor	i		i	i	True	i	i, minor		i, minor		i	i	1		2	2	2	2	2	D	D	D	D	minor triad	0	True	True	True	True	True	1	1	1	5	True	False	False
228	12	38.0	50	2	D	0	1.0	1	True	3	4	2	2	1/2	True	-1	15	15	15	15a	3	38	False	True	PAC	PAC	}	True	16	i|PAC}		d	i		i	i					m	True	True	(0, -3, 1)	()	0	0	minor	minor	i	i, minor	i		i	i	True	i	i, minor		i, minor		i	i	1		2	2	2	2	2	D	D	D	D	minor triad	0	True	True	True	True	True	0	0	0	1	True	True	True
228	12	38.0	74	2	D	0	1.0	1	True	3	4	1	2	1/2	True	-1	15	15	15	15a	5	38	False	True	PAC	PAC	}	True	16	i|PAC}		d	i		i	i					m	True	True	(0, -3, 1)	()	0	0	minor	minor	i	i, minor	i		i	i	True	i	i, minor		i, minor		i	i	1		2	2	2	2	2	D	D	D	D	minor triad	0	True	True	True	True	True	0	0	0	1	True	True	True
228	12	38.0	81	3	A	0	1.0	1	True	3	4	1	2	1/2	True	-1	15	15	15	15a	5	38	False	True	PAC	PAC	}	True	16	i|PAC}		d	i		i	i					m	True	True	(0, -3, 1)	()	0	0	minor	minor	i	i, minor	i		i	i	True	i	i, minor		i, minor		i	i	1		2	2	2	2	2	D	D	D	D	minor triad	0	True	True	True	True	True	1	1	1	5	True	False	False
228	12	38.0	86	2	D	0	1.0	1	True	3	4	1	2	1/2	True	-1	15	15	15	15a	6	38	False	True	PAC	PAC	}	True	16	i|PAC}		d	i		i	i					m	True	True	(0, -3, 1)	()	0	0	minor	minor	i	i, minor	i		i	i	True	i	i, minor		i, minor		i	i	1		2	2	2	2	2	D	D	D	D	minor triad	0	True	True	True	True	True	0	0	0	1	True	True	True
230	2	38.333	45	3	A	0	1.333	0	False	3	4	2	1	1/12	True	-1	15	15	15	15a	2	115/3	False	False				False	16	i|PAC}		d	i		i	i					m	True	True	(0, -3, 1)	()	0	0	minor	minor	i	i, minor	i		i	i	True	i	i, minor		i, minor		i	i	1		2	2	2	2	2	D	D	D	D	minor triad	0	True	True	True	True	True	1	1	1	5	True	False	False
230	2	38.333	57	3	A	0	1.333	0	False	3	4	1	1	1/12	True	-1	15	15	15	15a	3	115/3	False	False				False	16	i|PAC}		d	i		i	i					m	True	True	(0, -3, 1)	()	0	0	minor	minor	i	i, minor	i		i	i	True	i	i, minor		i, minor		i	i	1		2	2	2	2	2	D	D	D	D	minor triad	0	True	True	True	True	True	1	1	1	5	True	False	False
232	2	38.667	52	4	E	0	1.667	0	False	3	4	2	1	1/12	True	-1	15	15	15	15a	3	116/3	False	False				False	16	i|PAC}		d	i		i	i					m	True	True	(0, -3, 1)	()	0	0	minor	minor	i	i, minor	i		i	i	True	i	i, minor		i, minor		i	i	1		2	2	2	2	2	D	D	D	D	minor triad	0	True	True	True	True	True	2	2	2	2	False	False	False
232	2	38.667	64	4	E	0	1.667	0	False	3	4	1	1	1/12	True	-1	15	15	15	15a	4	116/3	False	False				False	16	i|PAC}		d	i		i	i					m	True	True	(0, -3, 1)	()	0	0	minor	minor	i	i, minor	i		i	i	True	i	i, minor		i, minor		i	i	1		2	2	2	2	2	D	D	D	D	minor triad	0	True	True	True	True	True	2	2	2	2	False	False	False
234	2	39.0	50	2	D	0	2.0	2	True	3	4	2	1	1/12	True	-1	15	15	15	15a	3	39	False	False				False	16	i|PAC}		d	i		i	i					m	True	True	(0, -3, 1)	()	0	0	minor	minor	i	i, minor	i		i	i	True	i	i, minor		i, minor		i	i	1		2	2	2	2	2	D	D	D	D	minor triad	0	True	True	True	True	True	0	0	0	1	True	True	True
234	2	39.0	62	2	D	0	2.0	2	True	3	4	1	1	1/12	True	-1	15	15	15	15a	4	39	False	False				False	16	i|PAC}		d	i		i	i					m	True	True	(0, -3, 1)	()	0	0	minor	minor	i	i, minor	i		i	i	True	i	i, minor		i, minor		i	i	1		2	2	2	2	2	D	D	D	D	minor triad	0	True	True	True	True	True	0	0	0	1	True	True	True
236	2	39.333	55	1	G	0	2.333	0	False	3	4	2	1	1/12	True	-1	15	15	15	15a	3	118/3	False	False				False	16	i|PAC}		d	i		i	i					m	True	True	(0, -3, 1)	()	0	0	minor	minor	i	i, minor	i		i	i	True	i	i, minor		i, minor		i	i	1		2	2	2	2	2	D	D	D	D	minor triad	0	True	True	True	True	True	-1	-1	-1	4	False	False	False
236	2	39.333	67	1	G	0	2.333	0	False	3	4	1	1	1/12	True	-1	15	15	15	15a	4	118/3	False	False				False	16	i|PAC}		d	i		i	i					m	True	True	(0, -3, 1)	()	0	0	minor	minor	i	i, minor	i		i	i	True	i	i, minor		i, minor		i	i	1		2	2	2	2	2	D	D	D	D	minor triad	0	True	True	True	True	True	-1	-1	-1	4	False	False	False
238	2	39.667	52	4	E	0	2.667	0	False	3	4	2	1	1/12	True	-1	15	15	15	15a	3	119/3	False	False				False	16	i|PAC}		d	i		i	i					m	True	True	(0, -3, 1)	()	0	0	minor	minor	i	i, minor	i		i	i	True	i	i, minor		i, minor		i	i	1		2	2	2	2	2	D	D	D	D	minor triad	0	True	True	True	True	True	2	2	2	2	False	False	False
238	2	39.667	64	4	E	0	2.667	0	False	3	4	1	1	1/12	True	-1	15	15	15	15a	4	119/3	False	False				False	16	i|PAC}		d	i		i	i					m	True	True	(0, -3, 1)	()	0	0	minor	minor	i	i, minor	i		i	i	True	i	i, minor		i, minor		i	i	1		2	2	2	2	2	D	D	D	D	minor triad	0	True	True	True	True	True	2	2	2	2	False	False	False
240	2	40.0	57	3	A	0	3.0	3	True	3	4	2	1	1/12	True	-1	15	15	15	15a	3	40	False	False				False	16	i|PAC}		d	i		i	i					m	True	True	(0, -3, 1)	()	0	0	minor	minor	i	i, minor	i		i	i	True	i	i, minor		i, minor		i	i	1		2	2	2	2	2	D	D	D	D	minor triad	0	True	True	True	True	True	1	1	1	5	True	False	False
240	2	40.0	69	3	A	0	3.0	3	True	3	4	1	1	1/12	True	-1	15	15	15	15a	4	40	False	False				False	16	i|PAC}		d	i		i	i					m	True	True	(0, -3, 1)	()	0	0	minor	minor	i	i, minor	i		i	i	True	i	i, minor		i, minor		i	i	1		2	2	2	2	2	D	D	D	D	minor triad	0	True	True	True	True	True	1	1	1	5	True	False	False
242	2	40.333	53	-1	F	0	3.333	0	False	3	4	2	1	1/12	True	-1	15	15	15	15a	3	121/3	False	False				False	16	i|PAC}		d	i		i	i					m	True	True	(0, -3, 1)	()	0	0	minor	minor	i	i, minor	i		i	i	True	i	i, minor		i, minor		i	i	1		2	2	2	2	2	D	D	D	D	minor triad	0	True	True	True	True	True	-3	-3	-3	3	True	False	False
242	2	40.333	65	-1	F	0	3.333	0	False	3	4	1	1	1/12	True	-1	15	15	15	15a	4	121/3	False	False				False	16	i|PAC}		d	i		i	i					m	True	True	(0, -3, 1)	()	0	0	minor	minor	i	i, minor	i		i	i	True	i	i, minor		i, minor		i	i	1		2	2	2	2	2	D	D	D	D	minor triad	0	True	True	True	True	True	-3	-3	-3	3	True	False	False
244	2	40.667	62	2	D	0	3.667	0	False	3	4	2	1	1/12	True	-1	15	15	15	15a	4	122/3	False	False				False	16	i|PAC}		d	i		i	i					m	True	True	(0, -3, 1)	()	0	0	minor	minor	i	i, minor	i		i	i	True	i	i, minor		i, minor		i	i	1		2	2	2	2	2	D	D	D	D	minor triad	0	True	True	True	True	True	0	0	0	1	True	True	True
244	2	40.667	74	2	D	0	3.667	0	False	3	4	1	1	1/12	True	-1	15	15	15	15a	5	122/3	False	False				False	16	i|PAC}		d	i		i	i					m	True	True	(0, -3, 1)	()	0	0	minor	minor	i	i, minor	i		i	i	True	i	i, minor		i, minor		i	i	1		2	2	2	2	2	D	D	D	D	minor triad	0	True	True	True	True	True	0	0	0	1	True	True	True
246	2	41.0	57	3	A	0	1.0	1	True	3	4	2	1	1/12	True	-1	16	16	16	16a	3	41	False	False				False	16	i|PAC}		d	i		i	i					m	True	True	(0, -3, 1)	()	0	0	minor	minor	i	i, minor	i		i	i	True	i	i, minor		i, minor		i	i	1		2	2	2	2	2	D	D	D	D	minor triad	0	True	True	True	True	True	1	1	1	5	True	False	False
246	2	41.0	69	3	A	0	1.0	1	True	3	4	1	1	1/12	True	-1	16	16	16	16a	4	41	False	False				False	16	i|PAC}		d	i		i	i					m	True	True	(0, -3, 1)	()	0	0	minor	minor	i	i, minor	i		i	i	True	i	i, minor		i, minor		i	i	1		2	2	2	2	2	D	D	D	D	minor triad	0	True	True	True	True	True	1	1	1	5	True	False	False
248	2	41.333	69	3	A	0	1.333	0	False	3	4	2	1	1/12	True	-1	16	16	16	16a	4	124/3	False	False				False	16	i|PAC}		d	i		i	i					m	True	True	(0, -3, 1)	()	0	0	minor	minor	i	i, minor	i		i	i	True	i	i, minor		i, minor		i	i	1		2	2	2	2	2	D	D	D	D	minor triad	0	True	True	True	True	True	1	1	1	5	True	False	False
248	2	41.333	81	3	A	0	1.333	0	False	3	4	1	1	1/12	True	-1	16	16	16	16a	5	124/3	False	False				False	16	i|PAC}		d	i		i	i					m	True	True	(0, -3, 1)	()	0	0	minor	minor	i	i, minor	i		i	i	True	i	i, minor		i, minor		i	i	1		2	2	2	2	2	D	D	D	D	minor triad	0	True	True	True	True	True	1	1	1	5	True	False	False
250	2	41.667	62	2	D	0	1.667	0	False	3	4	2	1	1/12	True	-1	16	16	16	16a	4	125/3	False	False				False	16	i|PAC}		d	i		i	i					m	True	True	(0, -3, 1)	()	0	0	minor	minor	i	i, minor	i		i	i	True	i	i, minor		i, minor		i	i	1		2	2	2	2	2	D	D	D	D	minor triad	0	True	True	True	True	True	0	0	0	1	True	True	True
250	2	41.667	74	2	D	0	1.667	0	False	3	4	1	1	1/12	True	-1	16	16	16	16a	5	125/3	False	False				False	16	i|PAC}		d	i		i	i					m	True	True	(0, -3, 1)	()	0	0	minor	minor	i	i, minor	i		i	i	True	i	i, minor		i, minor		i	i	1		2	2	2	2	2	D	D	D	D	minor triad	0	True	True	True	True	True	0	0	0	1	True	True	True
252	2	42.0	74	2	D	0	2.0	2	True	3	4	2	1	1/12	True	-1	16	16	16	16a	5	42	False	False				False	16	i|PAC}		d	i		i	i					m	True	True	(0, -3, 1)	()	0	0	minor	minor	i	i, minor	i		i	i	True	i	i, minor		i, minor		i	i	1		2	2	2	2	2	D	D	D	D	minor triad	0	True	True	True	True	True	0	0	0	1	True	True	True
252	2	42.0	86	2	D	0	2.0	2	True	3	4	1	1	1/12	True	-1	16	16	16	16a	6	42	False	False				False	16	i|PAC}		d	i		i	i					m	True	True	(0, -3, 1)	()	0	0	minor	minor	i	i, minor	i		i	i	True	i	i, minor		i, minor		i	i	1		2	2	2	2	2	D	D	D	D	minor triad	0	True	True	True	True	True	0	0	0	1	True	True	True
254	2	42.333	69	3	A	0	2.333	0	False	3	4	2	1	1/12	True	-1	16	16	16	16a	4	127/3	False	False				False	16	i|PAC}		d	i		i	i					m	True	True	(0, -3, 1)	()	0	0	minor	minor	i	i, minor	i		i	i	True	i	i, minor		i, minor		i	i	1		2	2	2	2	2	D	D	D	D	minor triad	0	True	True	True	True	True	1	1	1	5	True	False	False
254	2	42.333	81	3	A	0	2.333	0	False	3	4	1	1	1/12	True	-1	16	16	16	16a	5	127/3	False	False				False	16	i|PAC}		d	i		i	i					m	True	True	(0, -3, 1)	()	0	0	minor	minor	i	i, minor	i		i	i	True	i	i, minor		i, minor		i	i	1		2	2	2	2	2	D	D	D	D	minor triad	0	True	True	True	True	True	1	1	1	5	True	False	False
256	2	42.667	81	3	A	0	2.667	0	False	3	4	2	1	1/12	True	-1	16	16	16	16a	5	128/3	False	False				False	16	i|PAC}		d	i		i	i					m	True	True	(0, -3, 1)	()	0	0	minor	minor	i	i, minor	i		i	i	True	i	i, minor		i, minor		i	i	1		2	2	2	2	2	D	D	D	D	minor triad	0	True	True	True	True	True	1	1	1	5	True	False	False
256	2	42.667	93	3	A	0	2.667	0	False	3	4	1	1	1/12	True	-1	16	16	16	16a	6	128/3	False	False				False	16	i|PAC}		d	i		i	i					m	True	True	(0, -3, 1)	()	0	0	minor	minor	i	i, minor	i		i	i	True	i	i, minor		i, minor		i	i	1		2	2	2	2	2	D	D	D	D	minor triad	0	True	True	True	True	True	1	1	1	5	True	False	False
258	6	43.0	74	2	D	0	3.0	3	True	3	4	2	1	1/4	True	-1	16	16	16	16a	5	43	False	False				False	16	i|PAC}		d	i		i	i					m	True	True	(0, -3, 1)	()	0	0	minor	minor	i	i, minor	i		i	i	True	i	i, minor		i, minor		i	i	1		2	2	2	2	2	D	D	D	D	minor triad	0	True	True	True	True	True	0	0	0	1	True	True	True
258	6	43.0	86	2	D	0	3.0	3	True	3	4	1	1	1/4	True	-1	16	16	16	16a	6	43	False	False				False	16	i|PAC}		d	i		i	i					m	True	True	(0, -3, 1)	()	0	0	minor	minor	i	i, minor	i		i	i	True	i	i, minor		i, minor		i	i	1		2	2	2	2	2	D	D	D	D	minor triad	0	True	True	True	True	True	0	0	0	1	True	True	True
