onset_div	duration_div	onset_beat	pitch	tpc	step	alter	beat_float	downbeat	is_downbeat	ts_beats	ts_beat_type	staff	voice	duration	is_note_onset	ks_fifths	mc	mc_playthrough	mn	mn_playthrough	octave	quarterbeats_playthrough	section_start	a_isOnset	cadence	cadence_type	phraseend	a_phraseend	unfolded_harmony_index	volta	label	globalkey	localkey	pedal	chord	numeral	form	figbass	changes	relativeroot	chord_type	globalkey_is_minor	localkey_is_minor	chord_tones	added_tones	root	bass_note	globalkey_mode	localkey_mode	localkey_resolved	localkey_and_mode	root_roman	relativeroot_resolved	effective_localkey	effective_localkey_resolved	effective_localkey_is_minor	chord_reduced	chord_reduced_and_mode	pedal_resolved	chord_and_mode	applied_to_numeral	numeral_or_applied_to_numeral	a_simpleNumeral	a_degree1	a_degree2	globalkey_tpc	localkey_tpc	tonicized_tpc	root_tpc	bass_note_tpc	a_root	a_bass	a_localKey	a_tonicizedKey	a_quality	a_inversion	valid_chord_label	valid_cadence_label	valid_phrase_label	valid_pedal_point_label	valid_section_start_label	sic_with_global	sic_with_local	sic_with_tonicized	note_degree	tpc_is_in_label	tpc_is_root	tpc_is_bass
0	0	0.0	65	-1	F	0	1.0	1	True	3	4	1	1	0	True	-2	1	1	1	1a	4	0	True	True			{	False	0		Bb.I{	Bb	I		I	I					M	False	False	(0, 4, 1)	()	0	0	major	major	I	I, major	I		I	I	False	I	I, major		I, major		I	I	1		-2	-2	-2	-2	-2	Bb	Bb	Bb	Bb	major triad	0	True	True	True	True	True	1	1	1	5	True	False	False
0	12	0.0	46	-2	B	-1	1.0	1	True	3	4	2	1	1/4	True	-2	1	1	1	1a	2	0	True	True			{	False	0		Bb.I{	Bb	I		I	I					M	False	False	(0, 4, 1)	()	0	0	major	major	I	I, major	I		I	I	False	I	I, major		I, major		I	I	1		-2	-2	-2	-2	-2	Bb	Bb	Bb	Bb	major triad	0	True	True	True	True	True	0	0	0	1	True	True	True
0	6	0.0	74	2	D	0	1.0	1	True	3	4	1	1	1/8	True	-2	1	1	1	1a	5	0	True	True			{	False	0		Bb.I{	Bb	I		I	I					M	False	False	(0, 4, 1)	()	0	0	major	major	I	I, major	I		I	I	False	I	I, major		I, major		I	I	1		-2	-2	-2	-2	-2	Bb	Bb	Bb	Bb	major triad	0	True	True	True	True	True	4	4	4	3	True	False	False
9	3	0.75	74	2	D	0	1.75	0	False	3	4	1	1	1/16	True	-2	1	1	1	1a	5	3/4	False	False				False	0		Bb.I{	Bb	I		I	I					M	False	False	(0, 4, 1)	()	0	0	major	major	I	I, major	I		I	I	False	I	I, major		I, major		I	I	1		-2	-2	-2	-2	-2	Bb	Bb	Bb	Bb	major triad	0	True	True	True	True	True	4	4	4	3	True	False	False
12	12	1.0	53	-1	F	0	2.0	2	True	3	4	2	1	1/4	True	-2	1	1	1	1a	3	1	False	False				False	0		Bb.I{	Bb	I		I	I					M	False	False	(0, 4, 1)	()	0	0	major	major	I	I, major	I		I	I	False	I	I, major		I, major		I	I	1		-2	-2	-2	-2	-2	Bb	Bb	Bb	Bb	major triad	0	True	True	True	True	True	1	1	1	5	True	False	False
12	12	1.0	58	-2	B	-1	2.0	2	True	3	4	2	1	1/4	True	-2	1	1	1	1a	3	1	False	False				False	0		Bb.I{	Bb	I		I	I					M	False	False	(0, 4, 1)	()	0	0	major	major	I	I, major	I		I	I	False	I	I, major		I, major		I	I	1		-2	-2	-2	-2	-2	Bb	Bb	Bb	Bb	major triad	0	True	True	True	True	True	0	0	0	1	True	True	True
12	12	1.0	62	2	D	0	2.0	2	True	3	4	2	1	1/4	True	-2	1	1	1	1a	4	1	False	False				False	0		Bb.I{	Bb	I		I	I					M	False	False	(0, 4, 1)	()	0	0	major	major	I	I, major	I		I	I	False	I	I, major		I, major		I	I	1		-2	-2	-2	-2	-2	Bb	Bb	Bb	Bb	major triad	0	True	True	True	True	True	4	4	4	3	True	False	False
12	12	1.0	70	-2	B	-1	2.0	2	True	3	4	1	1	1/4	True	-2	1	1	1	1a	4	1	False	False				False	0		Bb.I{	Bb	I		I	I					M	False	False	(0, 4, 1)	()	0	0	major	major	I	I, major	I		I	I	False	I	I, major		I, major		I	I	1		-2	-2	-2	-2	-2	Bb	Bb	Bb	Bb	major triad	0	True	True	True	True	True	0	0	0	1	True	True	True
24	12	2.0	53	-1	F	0	3.0	3	True	3	4	2	1	1/4	True	-2	1	1	1	1a	3	2	False	True				False	1		I(#2)	Bb	I		I(#2)	I			#2		M	False	False	(0, 9, 1)	()	0	0	major	major	I	I, major	I		I	I	False	I	I, major		I(#2), major		I	I	1		-2	-2	-2	-2	-2	Bb	Bb	Bb	Bb	major triad	0	True	True	True	True	True	1	1	1	5	True	False	False
24	12	2.0	58	-2	B	-1	3.0	3	True	3	4	2	1	1/4	True	-2	1	1	1	1a	3	2	False	True				False	1		I(#2)	Bb	I		I(#2)	I			#2		M	False	False	(0, 9, 1)	()	0	0	major	major	I	I, major	I		I	I	False	I	I, major		I(#2), major		I	I	1		-2	-2	-2	-2	-2	Bb	Bb	Bb	Bb	major triad	0	True	True	True	True	True	0	0	0	1	True	True	True
24	12	2.0	61	7	C	1	3.0	3	True	3	4	2	1	1/4	True	-2	1	1	1	1a	4	2	False	True				False	1		I(#2)	Bb	I		I(#2)	I			#2		M	False	False	(0, 9, 1)	()	0	0	major	major	I	I, major	I		I	I	False	I	I, major		I(#2), major		I	I	1		-2	-2	-2	-2	-2	Bb	Bb	Bb	Bb	major triad	0	True	True	True	True	True	9	9	9	#2	True	False	False
24	12	2.0	73	7	C	1	3.0	3	True	3	4	1	1	1/4	True	-2	1	1	1	1a	5	2	False	True				False	1		I(#2)	Bb	I		I(#2)	I			#2		M	False	False	(0, 9, 1)	()	0	0	major	major	I	I, major	I		I	I	False	I	I, major		I(#2), major		I	I	1		-2	-2	-2	-2	-2	Bb	Bb	Bb	Bb	major triad	0	True	True	True	True	True	9	9	9	#2	True	False	False
36	12	3.0	53	-1	F	0	1.0	1	True	3	4	2	1	1/4	True	-2	2	2	2	2a	3	3	False	True				False	2		V(64)	Bb	I		V(64)	V			64		M	False	False	(1, 0, 4)	()	1	1	major	major	I	I, major	V		I	I	False	V	V, major		V(64), major		V	Cad	5		-2	-2	-2	-1	-1	F	F	Bb	Bb	major triad	0	True	True	True	True	True	1	1	1	5	True	True	True
36	12	3.0	58	-2	B	-1	1.0	1	True	3	4	2	1	1/4	True	-2	2	2	2	2a	3	3	False	True				False	2		V(64)	Bb	I		V(64)	V			64		M	False	False	(1, 0, 4)	()	1	1	major	major	I	I, major	V		I	I	False	V	V, major		V(64), major		V	Cad	5		-2	-2	-2	-1	-1	F	F	Bb	Bb	major triad	0	True	True	True	True	True	0	0	0	1	True	False	False
36	12	3.0	62	2	D	0	1.0	1	True	3	4	2	1	1/4	True	-2	2	2	2	2a	4	3	False	True				False	2		V(64)	Bb	I		V(64)	V			64		M	False	False	(1, 0, 4)	()	1	1	major	major	I	I, major	V		I	I	False	V	V, major		V(64), major		V	Cad	5		-2	-2	-2	-1	-1	F	F	Bb	Bb	major triad	0	True	True	True	True	True	4	4	4	3	True	False	False
36	12	3.0	74	2	D	0	1.0	1	True	3	4	1	1	1/4	True	-2	2	2	2	2a	5	3	False	True				False	2		V(64)	Bb	I		V(64)	V			64		M	False	False	(1, 0, 4)	()	1	1	major	major	I	I, major	V		I	I	False	V	V, major		V(64), major		V	Cad	5		-2	-2	-2	-1	-1	F	F	Bb	Bb	major triad	0	True	True	True	True	True	4	4	4	3	True	False	False
48	12	4.0	53	-1	F	0	2.0	2	True	3	4	2	1	1/4	True	-2	2	2	2	2a	3	4	False	True				False	3		V(9#74)	Bb	I		V(9#74)	V			9#74		M	False	False	(1, 0, 2)	(3, 6)	1	1	major	major	I	I, major	V		I	I	False	V	V, major		V(9#74), major		V	V	5		-2	-2	-2	-1	-1	F	F	Bb	Bb	major triad	0	True	True	True	True	True	1	1	1	5	True	True	True
48	12	4.0	58	-2	B	-1	2.0	2	True	3	4	2	1	1/4	True	-2	2	2	2	2a	3	4	False	True				False	3		V(9#74)	Bb	I		V(9#74)	V			9#74		M	False	False	(1, 0, 2)	(3, 6)	1	1	major	major	I	I, major	V		I	I	False	V	V, major		V(9#74), major		V	V	5		-2	-2	-2	-1	-1	F	F	Bb	Bb	major triad	0	True	True	True	True	True	0	0	0	1	True	False	False
48	12	4.0	64	4	E	0	2.0	2	True	3	4	2	1	1/4	True	-2	2	2	2	2a	4	4	False	True				False	3		V(9#74)	Bb	I		V(9#74)	V			9#74		M	False	False	(1, 0, 2)	(3, 6)	1	1	major	major	I	I, major	V		I	I	False	V	V, major		V(9#74), major		V	V	5		-2	-2	-2	-1	-1	F	F	Bb	Bb	major triad	0	True	True	True	True	True	6	6	6	#4	False	False	False
48	6	4.0	72	0	C	0	2.0	2	True	3	4	1	1	1/8	True	-2	2	2	2	2a	5	4	False	True				False	3		V(9#74)	Bb	I		V(9#74)	V			9#74		M	False	False	(1, 0, 2)	(3, 6)	1	1	major	major	I	I, major	V		I	I	False	V	V, major		V(9#74), major		V	V	5		-2	-2	-2	-1	-1	F	F	Bb	Bb	major triad	0	True	True	True	True	True	2	2	2	2	True	False	False
54	6	4.5	76	4	E	0	2.5	0	False	3	4	1	1	1/8	True	-2	2	2	2	2a	5	9/2	False	False				False	3		V(9#74)	Bb	I		V(9#74)	V			9#74		M	False	False	(1, 0, 2)	(3, 6)	1	1	major	major	I	I, major	V		I	I	False	V	V, major		V(9#74), major		V	V	5		-2	-2	-2	-1	-1	F	F	Bb	Bb	major triad	0	True	True	True	True	True	6	6	6	#4	False	False	False
60	12	5.0	53	-1	F	0	3.0	3	True	3	4	2	1	1/4	True	-2	2	2	2	2a	3	5	False	False				False	3		V(9#74)	Bb	I		V(9#74)	V			9#74		M	False	False	(1, 0, 2)	(3, 6)	1	1	major	major	I	I, major	V		I	I	False	V	V, major		V(9#74), major		V	V	5		-2	-2	-2	-1	-1	F	F	Bb	Bb	major triad	0	True	True	True	True	True	1	1	1	5	True	True	True
60	12	5.0	58	-2	B	-1	3.0	3	True	3	4	2	1	1/4	True	-2	2	2	2	2a	3	5	False	False				False	3		V(9#74)	Bb	I		V(9#74)	V			9#74		M	False	False	(1, 0, 2)	(3, 6)	1	1	major	major	I	I, major	V		I	I	False	V	V, major		V(9#74), major		V	V	5		-2	-2	-2	-1	-1	F	F	Bb	Bb	major triad	0	True	True	True	True	True	0	0	0	1	True	False	False
60	12	5.0	64	4	E	0	3.0	3	True	3	4	2	1	1/4	True	-2	2	2	2	2a	4	5	False	False				False	3		V(9#74)	Bb	I		V(9#74)	V			9#74		M	False	False	(1, 0, 2)	(3, 6)	1	1	major	major	I	I, major	V		I	I	False	V	V, major		V(9#74), major		V	V	5		-2	-2	-2	-1	-1	F	F	Bb	Bb	major triad	0	True	True	True	True	True	6	6	6	#4	False	False	False
60	12	5.0	79	1	G	0	3.0	3	True	3	4	1	1	1/4	True	-2	2	2	2	2a	5	5	False	False				False	3		V(9#74)	Bb	I		V(9#74)	V			9#74		M	False	False	(1, 0, 2)	(3, 6)	1	1	major	major	I	I, major	V		I	I	False	V	V, major		V(9#74), major		V	V	5		-2	-2	-2	-1	-1	F	F	Bb	Bb	major triad	0	True	True	True	True	True	3	3	3	6	False	False	False
72	12	6.0	53	-1	F	0	1.0	1	True	3	4	2	1	1/4	True	-2	3	3	3	3a	3	6	False	True				False	4		V	Bb	I		V	V					M	False	False	(1, 5, 2)	()	1	1	major	major	I	I, major	V		I	I	False	V	V, major		V, major		V	V	5		-2	-2	-2	-1	-1	F	F	Bb	Bb	major triad	0	True	True	True	True	True	1	1	1	5	True	True	True
72	12	6.0	57	3	A	0	1.0	1	True	3	4	2	1	1/4	True	-2	3	3	3	3a	3	6	False	True				False	4		V	Bb	I		V	V					M	False	False	(1, 5, 2)	()	1	1	major	major	I	I, major	V		I	I	False	V	V, major		V, major		V	V	5		-2	-2	-2	-1	-1	F	F	Bb	Bb	major triad	0	True	True	True	True	True	5	5	5	7	True	False	False
72	12	6.0	65	-1	F	0	1.0	1	True	3	4	2	1	1/4	True	-2	3	3	3	3a	4	6	False	True				False	4		V	Bb	I		V	V					M	False	False	(1, 5, 2)	()	1	1	major	major	I	I, major	V		I	I	False	V	V, major		V, major		V	V	5		-2	-2	-2	-1	-1	F	F	Bb	Bb	major triad	0	True	True	True	True	True	1	1	1	5	True	True	True
72	6	6.0	77	-1	F	0	1.0	1	True	3	4	1	1	1/8	True	-2	3	3	3	3a	5	6	False	True				False	4		V	Bb	I		V	V					M	False	False	(1, 5, 2)	()	1	1	major	major	I	I, major	V		I	I	False	V	V, major		V, major		V	V	5		-2	-2	-2	-1	-1	F	F	Bb	Bb	major triad	0	True	True	True	True	True	1	1	1	5	True	True	True
81	3	6.75	77	-1	F	0	1.75	0	False	3	4	1	1	1/16	True	-2	3	3	3	3a	5	27/4	False	False				False	4		V	Bb	I		V	V					M	False	False	(1, 5, 2)	()	1	1	major	major	I	I, major	V		I	I	False	V	V, major		V, major		V	V	5		-2	-2	-2	-1	-1	F	F	Bb	Bb	major triad	0	True	True	True	True	True	1	1	1	5	True	True	True
84	12	7.0	53	-1	F	0	2.0	2	True	3	4	2	1	1/4	True	-2	3	3	3	3a	3	7	False	True				False	5		V7	Bb	I		V7	V		7			Mm7	False	False	(1, 5, 2, -1)	()	1	1	major	major	I	I, major	V		I	I	False	V7	V7, major		V7, major		V	V7	5		-2	-2	-2	-1	-1	F	F	Bb	Bb	dominant seventh chord	7	True	True	True	True	True	1	1	1	5	True	True	True
84	12	7.0	57	3	A	0	2.0	2	True	3	4	2	1	1/4	True	-2	3	3	3	3a	3	7	False	True				False	5		V7	Bb	I		V7	V		7			Mm7	False	False	(1, 5, 2, -1)	()	1	1	major	major	I	I, major	V		I	I	False	V7	V7, major		V7, major		V	V7	5		-2	-2	-2	-1	-1	F	F	Bb	Bb	dominant seventh chord	7	True	True	True	True	True	5	5	5	7	True	False	False
84	12	7.0	63	-3	E	-1	2.0	2	True	3	4	2	1	1/4	True	-2	3	3	3	3a	4	7	False	True				False	5		V7	Bb	I		V7	V		7			Mm7	False	False	(1, 5, 2, -1)	()	1	1	major	major	I	I, major	V		I	I	False	V7	V7, major		V7, major		V	V7	5		-2	-2	-2	-1	-1	F	F	Bb	Bb	dominant seventh chord	7	True	True	True	True	True	-1	-1	-1	4	True	False	False
84	12	7.0	72	0	C	0	2.0	2	True	3	4	1	1	1/4	True	-2	3	3	3	3a	5	7	False	True				False	5		V7	Bb	I		V7	V		7			Mm7	False	False	(1, 5, 2, -1)	()	1	1	major	major	I	I, major	V		I	I	False	V7	V7, major		V7, major		V	V7	5		-2	-2	-2	-1	-1	F	F	Bb	Bb	dominant seventh chord	7	True	True	True	True	True	2	2	2	2	True	False	False
96	12	8.0	53	-1	F	0	3.0	3	True	3	4	2	1	1/4	True	-2	3	3	3	3a	3	8	False	False				False	5		V7	Bb	I		V7	V		7			Mm7	False	False	(1, 5, 2, -1)	()	1	1	major	major	I	I, major	V		I	I	False	V7	V7, major		V7, major		V	V7	5		-2	-2	-2	-1	-1	F	F	Bb	Bb	dominant seventh chord	7	True	True	True	True	True	1	1	1	5	True	True	True
96	12	8.0	57	3	A	0	3.0	3	True	3	4	2	1	1/4	True	-2	3	3	3	3a	3	8	False	False				False	5		V7	Bb	I		V7	V		7			Mm7	False	False	(1, 5, 2, -1)	()	1	1	major	major	I	I, major	V		I	I	False	V7	V7, major		V7, major		V	V7	5		-2	-2	-2	-1	-1	F	F	Bb	Bb	dominant seventh chord	7	True	True	True	True	True	5	5	5	7	True	False	False
96	12	8.0	63	-3	E	-1	3.0	3	True	3	4	2	1	1/4	True	-2	3	3	3	3a	4	8	False	False				False	5		V7	Bb	I		V7	V		7			Mm7	False	False	(1, 5, 2, -1)	()	1	1	major	major	I	I, major	V		I	I	False	V7	V7, major		V7, major		V	V7	5		-2	-2	-2	-1	-1	F	F	Bb	Bb	dominant seventh chord	7	True	True	True	True	True	-1	-1	-1	4	True	False	False
96	12	8.0	75	-3	E	-1	3.0	3	True	3	4	1	1	1/4	True	-2	3	3	3	3a	5	8	False	False				False	5		V7	Bb	I		V7	V		7			Mm7	False	False	(1, 5, 2, -1)	()	1	1	major	major	I	I, major	V		I	I	False	V7	V7, major		V7, major		V	V7	5		-2	-2	-2	-1	-1	F	F	Bb	Bb	dominant seventh chord	7	True	True	True	True	True	-1	-1	-1	4	True	False	False
108	12	9.0	41	-1	F	0	1.0	1	True	3	4	2	1	1/4	True	-2	4	4	4	4a	2	9	False	True				False	6		V(64)	Bb	I		V(64)	V			64		M	False	False	(1, 0, 4)	()	1	1	major	major	I	I, major	V		I	I	False	V	V, major		V(64), major		V	Cad	5		-2	-2	-2	-1	-1	F	F	Bb	Bb	major triad	0	True	True	True	True	True	1	1	1	5	True	True	True
108	12	9.0	74	2	D	0	1.0	1	True	3	4	1	1	1/4	True	-2	4	4	4	4a	5	9	False	True				False	6		V(64)	Bb	I		V(64)	V			64		M	False	False	(1, 0, 4)	()	1	1	major	major	I	I, major	V		I	I	False	V	V, major		V(64), major		V	Cad	5		-2	-2	-2	-1	-1	F	F	Bb	Bb	major triad	0	True	True	True	True	True	4	4	4	3	True	False	False
120	12	10.0	53	-1	F	0	2.0	2	True	3	4	2	1	1/4	True	-2	4	4	4	4a	3	10	False	True	HC	HC	}	True	7		V7|HC}	Bb	I		V7	V		7			Mm7	False	False	(1, 5, 2, -1)	()	1	1	major	major	I	I, major	V		I	I	False	V7	V7, major		V7, major		V	V7	5		-2	-2	-2	-1	-1	F	F	Bb	Bb	dominant seventh chord	7	True	True	True	True	True	1	1	1	5	True	True	True
120	12	10.0	60	0	C	0	2.0	2	True	3	4	2	1	1/4	True	-2	4	4	4	4a	4	10	False	True	HC	HC	}	True	7		V7|HC}	Bb	I		V7	V		7			Mm7	False	False	(1, 5, 2, -1)	()	1	1	major	major	I	I, major	V		I	I	False	V7	V7, major		V7, major		V	V7	5		-2	-2	-2	-1	-1	F	F	Bb	Bb	dominant seventh chord	7	True	True	True	True	True	2	2	2	2	True	False	False
120	12	10.0	63	-3	E	-1	2.0	2	True	3	4	2	1	1/4	True	-2	4	4	4	4a	4	10	False	True	HC	HC	}	True	7		V7|HC}	Bb	I		V7	V		7			Mm7	False	False	(1, 5, 2, -1)	()	1	1	major	major	I	I, major	V		I	I	False	V7	V7, major		V7, major		V	V7	5		-2	-2	-2	-1	-1	F	F	Bb	Bb	dominant seventh chord	7	True	True	True	True	True	-1	-1	-1	4	True	False	False
120	6	10.0	72	0	C	0	2.0	2	True	3	4	1	1	1/8	True	-2	4	4	4	4a	5	10	False	True	HC	HC	}	True	7		V7|HC}	Bb	I		V7	V		7			Mm7	False	False	(1, 5, 2, -1)	()	1	1	major	major	I	I, major	V		I	I	False	V7	V7, major		V7, major		V	V7	5		-2	-2	-2	-1	-1	F	F	Bb	Bb	dominant seventh chord	7	True	True	True	True	True	2	2	2	2	True	False	False
126	6	10.5	69	3	A	0	2.5	0	False	3	4	1	1	1/8	True	-2	4	4	4	4a	4	21/2	False	False				False	7		V7|HC}	Bb	I		V7	V		7			Mm7	False	False	(1, 5, 2, -1)	()	1	1	major	major	I	I, major	V		I	I	False	V7	V7, major		V7, major		V	V7	5		-2	-2	-2	-1	-1	F	F	Bb	Bb	dominant seventh chord	7	True	True	True	True	True	5	5	5	7	True	False	False
132	12	11.0	53	-1	F	0	3.0	3	True	3	4	2	1	1/4	True	-2	4	4	4	4a	3	11	False	False				False	7		V7|HC}	Bb	I		V7	V		7			Mm7	False	False	(1, 5, 2, -1)	()	1	1	major	major	I	I, major	V		I	I	False	V7	V7, major		V7, major		V	V7	5		-2	-2	-2	-1	-1	F	F	Bb	Bb	dominant seventh chord	7	True	True	True	True	True	1	1	1	5	True	True	True
132	12	11.0	60	0	C	0	3.0	3	True	3	4	2	1	1/4	True	-2	4	4	4	4a	4	11	False	False				False	7		V7|HC}	Bb	I		V7	V		7			Mm7	False	False	(1, 5, 2, -1)	()	1	1	major	major	I	I, major	V		I	I	False	V7	V7, major		V7, major		V	V7	5		-2	-2	-2	-1	-1	F	F	Bb	Bb	dominant seventh chord	7	True	True	True	True	True	2	2	2	2	True	False	False
132	12	11.0	63	-3	E	-1	3.0	3	True	3	4	2	1	1/4	True	-2	4	4	4	4a	4	11	False	False				False	7		V7|HC}	Bb	I		V7	V		7			Mm7	False	False	(1, 5, 2, -1)	()	1	1	major	major	I	I, major	V		I	I	False	V7	V7, major		V7, major		V	V7	5		-2	-2	-2	-1	-1	F	F	Bb	Bb	dominant seventh chord	7	True	True	True	True	True	-1	-1	-1	4	True	False	False
132	12	11.0	65	-1	F	0	3.0	3	True	3	4	1	1	1/4	True	-2	4	4	4	4a	4	11	False	False				False	7		V7|HC}	Bb	I		V7	V		7			Mm7	False	False	(1, 5, 2, -1)	()	1	1	major	major	I	I, major	V		I	I	False	V7	V7, major		V7, major		V	V7	5		-2	-2	-2	-1	-1	F	F	Bb	Bb	dominant seventh chord	7	True	True	True	True	True	1	1	1	5	True	True	True
144	0	12.0	65	-1	F	0	1.0	1	True	3	4	1	1	0	True	-2	5	5	5	5a	4	12	False	True			{	False	8		I{	Bb	I		I	I					M	False	False	(0, 4, 1)	()	0	0	major	major	I	I, major	I		I	I	False	I	I, major		I, major		I	I	1		-2	-2	-2	-2	-2	Bb	Bb	Bb	Bb	major triad	0	True	True	True	True	True	1	1	1	5	True	False	False
144	12	12.0	46	-2	B	-1	1.0	1	True	3	4	2	1	1/4	True	-2	5	5	5	5a	2	12	False	True			{	False	8		I{	Bb	I		I	I					M	False	False	(0, 4, 1)	()	0	0	major	major	I	I, major	I		I	I	False	I	I, major		I, major		I	I	1		-2	-2	-2	-2	-2	Bb	Bb	Bb	Bb	major triad	0	True	True	True	True	True	0	0	0	1	True	True	True
144	6	12.0	74	2	D	0	1.0	1	True	3	4	1	1	1/8	True	-2	5	5	5	5a	5	12	False	True			{	False	8		I{	Bb	I		I	I					M	False	False	(0, 4, 1)	()	0	0	major	major	I	I, major	I		I	I	False	I	I, major		I, major		I	I	1		-2	-2	-2	-2	-2	Bb	Bb	Bb	Bb	major triad	0	True	True	True	True	True	4	4	4	3	True	False	False
153	3	12.75	74	2	D	0	1.75	0	False	3	4	1	1	1/16	True	-2	5	5	5	5a	5	51/4	False	False				False	8		I{	Bb	I		I	I					M	False	False	(0, 4, 1)	()	0	0	major	major	I	I, major	I		I	I	False	I	I, major		I, major		I	I	1		-2	-2	-2	-2	-2	Bb	Bb	Bb	Bb	major triad	0	True	True	True	True	True	4	4	4	3	True	False	False
156	12	13.0	53	-1	F	0	2.0	2	True	3	4	2	1	1/4	True	-2	5	5	5	5a	3	13	False	False				False	8		I{	Bb	I		I	I					M	False	False	(0, 4, 1)	()	0	0	major	major	I	I, major	I		I	I	False	I	I, major		I, major		I	I	1		-2	-2	-2	-2	-2	Bb	Bb	Bb	Bb	major triad	0	True	True	True	True	True	1	1	1	5	True	False	False
156	12	13.0	58	-2	B	-1	2.0	2	True	3	4	2	1	1/4	True	-2	5	5	5	5a	3	13	False	False				False	8		I{	Bb	I		I	I					M	False	False	(0, 4, 1)	()	0	0	major	major	I	I, major	I		I	I	False	I	I, major		I, major		I	I	1		-2	-2	-2	-2	-2	Bb	Bb	Bb	Bb	major triad	0	True	True	True	True	True	0	0	0	1	True	True	True
156	12	13.0	62	2	D	0	2.0	2	True	3	4	2	1	1/4	True	-2	5	5	5	5a	4	13	False	False				False	8		I{	Bb	I		I	I					M	False	False	(0, 4, 1)	()	0	0	major	major	I	I, major	I		I	I	False	I	I, major		I, major		I	I	1		-2	-2	-2	-2	-2	Bb	Bb	Bb	Bb	major triad	0	True	True	True	True	True	4	4	4	3	True	False	False
156	12	13.0	70	-2	B	-1	2.0	2	True	3	4	1	1	1/4	True	-2	5	5	5	5a	4	13	False	False				False	8		I{	Bb	I		I	I					M	False	False	(0, 4, 1)	()	0	0	major	major	I	I, major	I		I	I	False	I	I, major		I, major		I	I	1		-2	-2	-2	-2	-2	Bb	Bb	Bb	Bb	major triad	0	True	True	True	True	True	0	0	0	1	True	True	True
168	12	14.0	53	-1	F	0	3.0	3	True	3	4	2	1	1/4	True	-2	5	5	5	5a	3	14	False	True				False	9		I(#2)	Bb	I		I(#2)	I			#2		M	False	False	(0, 9, 1)	()	0	0	major	major	I	I, major	I		I	I	False	I	I, major		I(#2), major		I	I	1		-2	-2	-2	-2	-2	Bb	Bb	Bb	Bb	major triad	0	True	True	True	True	True	1	1	1	5	True	False	False
168	12	14.0	58	-2	B	-1	3.0	3	True	3	4	2	1	1/4	True	-2	5	5	5	5a	3	14	False	True				False	9		I(#2)	Bb	I		I(#2)	I			#2		M	False	False	(0, 9, 1)	()	0	0	major	major	I	I, major	I		I	I	False	I	I, major		I(#2), major		I	I	1		-2	-2	-2	-2	-2	Bb	Bb	Bb	Bb	major triad	0	True	True	True	True	True	0	0	0	1	True	True	True
168	12	14.0	61	7	C	1	3.0	3	True	3	4	2	1	1/4	True	-2	5	5	5	5a	4	14	False	True				False	9		I(#2)	Bb	I		I(#2)	I			#2		M	False	False	(0, 9, 1)	()	0	0	major	major	I	I, major	I		I	I	False	I	I, major		I(#2), major		I	I	1		-2	-2	-2	-2	-2	Bb	Bb	Bb	Bb	major triad	0	True	True	True	True	True	9	9	9	#2	True	False	False
168	12	14.0	73	7	C	1	3.0	3	True	3	4	1	1	1/4	True	-2	5	5	5	5a	5	14	False	True				False	9		I(#2)	Bb	I		I(#2)	I			#2		M	False	False	(0, 9, 1)	()	0	0	major	major	I	I, major	I		I	I	False	I	I, major		I(#2), major		I	I	1		-2	-2	-2	-2	-2	Bb	Bb	Bb	Bb	major triad	0	True	True	True	True	True	9	9	9	#2	True	False	False
180	12	15.0	53	-1	F	0	1.0	1	True	3	4	2	1	1/4	True	-2	6	6	6	6a	3	15	False	True				False	10		V(64)	Bb	I		V(64)	V			64		M	False	False	(1, 0, 4)	()	1	1	major	major	I	I, major	V		I	I	False	V	V, major		V(64), major		V	Cad	5		-2	-2	-2	-1	-1	F	F	Bb	Bb	major triad	0	True	True	True	True	True	1	1	1	5	True	True	True
180	12	15.0	58	-2	B	-1	1.0	1	True	3	4	2	1	1/4	True	-2	6	6	6	6a	3	15	False	True				False	10		V(64)	Bb	I		V(64)	V			64		M	False	False	(1, 0, 4)	()	1	1	major	major	I	I, major	V		I	I	False	V	V, major		V(64), major		V	Cad	5		-2	-2	-2	-1	-1	F	F	Bb	Bb	major triad	0	True	True	True	True	True	0	0	0	1	True	False	False
180	12	15.0	62	2	D	0	1.0	1	True	3	4	2	1	1/4	True	-2	6	6	6	6a	4	15	False	True				False	10		V(64)	Bb	I		V(64)	V			64		M	False	False	(1, 0, 4)	()	1	1	major	major	I	I, major	V		I	I	False	V	V, major		V(64), major		V	Cad	5		-2	-2	-2	-1	-1	F	F	Bb	Bb	major triad	0	True	True	True	True	True	4	4	4	3	True	False	False
180	12	15.0	74	2	D	0	1.0	1	True	3	4	1	1	1/4	True	-2	6	6	6	6a	5	15	False	True				False	10		V(64)	Bb	I		V(64)	V			64		M	False	False	(1, 0, 4)	()	1	1	major	major	I	I, major	V		I	I	False	V	V, major		V(64), major		V	Cad	5		-2	-2	-2	-1	-1	F	F	Bb	Bb	major triad	0	True	True	True	True	True	4	4	4	3	True	False	False
192	12	16.0	53	-1	F	0	2.0	2	True	3	4	2	1	1/4	True	-2	6	6	6	6a	3	16	False	True				False	11		V(9#74)	Bb	I		V(9#74)	V			9#74		M	False	False	(1, 0, 2)	(3, 6)	1	1	major	major	I	I, major	V		I	I	False	V	V, major		V(9#74), major		V	V	5		-2	-2	-2	-1	-1	F	F	Bb	Bb	major triad	0	True	True	True	True	True	1	1	1	5	True	True	True
192	12	16.0	58	-2	B	-1	2.0	2	True	3	4	2	1	1/4	True	-2	6	6	6	6a	3	16	False	True				False	11		V(9#74)	Bb	I		V(9#74)	V			9#74		M	False	False	(1, 0, 2)	(3, 6)	1	1	major	major	I	I, major	V		I	I	False	V	V, major		V(9#74), major		V	V	5		-2	-2	-2	-1	-1	F	F	Bb	Bb	major triad	0	True	True	True	True	True	0	0	0	1	True	False	False
192	12	16.0	64	4	E	0	2.0	2	True	3	4	2	1	1/4	True	-2	6	6	6	6a	4	16	False	True				False	11		V(9#74)	Bb	I		V(9#74)	V			9#74		M	False	False	(1, 0, 2)	(3, 6)	1	1	major	major	I	I, major	V		I	I	False	V	V, major		V(9#74), major		V	V	5		-2	-2	-2	-1	-1	F	F	Bb	Bb	major triad	0	True	True	True	True	True	6	6	6	#4	False	False	False
192	6	16.0	72	0	C	0	2.0	2	True	3	4	1	1	1/8	True	-2	6	6	6	6a	5	16	False	True				False	11		V(9#74)	Bb	I		V(9#74)	V			9#74		M	False	False	(1, 0, 2)	(3, 6)	1	1	major	major	I	I, major	V		I	I	False	V	V, major		V(9#74), major		V	V	5		-2	-2	-2	-1	-1	F	F	Bb	Bb	major triad	0	True	True	True	True	True	2	2	2	2	True	False	False
198	6	16.5	76	4	E	0	2.5	0	False	3	4	1	1	1/8	True	-2	6	6	6	6a	5	33/2	False	False				False	11		V(9#74)	Bb	I		V(9#74)	V			9#74		M	False	False	(1, 0, 2)	(3, 6)	1	1	major	major	I	I, major	V		I	I	False	V	V, major		V(9#74), major		V	V	5		-2	-2	-2	-1	-1	F	F	Bb	Bb	major triad	0	True	True	True	True	True	6	6	6	#4	False	False	False
204	12	17.0	53	-1	F	0	3.0	3	True	3	4	2	1	1/4	True	-2	6	6	6	6a	3	17	False	False				False	11		V(9#74)	Bb	I		V(9#74)	V			9#74		M	False	False	(1, 0, 2)	(3, 6)	1	1	major	major	I	I, major	V		I	I	False	V	V, major		V(9#74), major		V	V	5		-2	-2	-2	-1	-1	F	F	Bb	Bb	major triad	0	True	True	True	True	True	1	1	1	5	True	True	True
204	12	17.0	58	-2	B	-1	3.0	3	True	3	4	2	1	1/4	True	-2	6	6	6	6a	3	17	False	False				False	11		V(9#74)	Bb	I		V(9#74)	V			9#74		M	False	False	(1, 0, 2)	(3, 6)	1	1	major	major	I	I, major	V		I	I	False	V	V, major		V(9#74), major		V	V	5		-2	-2	-2	-1	-1	F	F	Bb	Bb	major triad	0	True	True	True	True	True	0	0	0	1	True	False	False
204	12	17.0	64	4	E	0	3.0	3	True	3	4	2	1	1/4	True	-2	6	6	6	6a	4	17	False	False				False	11		V(9#74)	Bb	I		V(9#74)	V			9#74		M	False	False	(1, 0, 2)	(3, 6)	1	1	major	major	I	I, major	V		I	I	False	V	V, major		V(9#74), major		V	V	5		-2	-2	-2	-1	-1	F	F	Bb	Bb	major triad	0	True	True	True	True	True	6	6	6	#4	False	False	False
204	12	17.0	79	1	G	0	3.0	3	True	3	4	1	1	1/4	True	-2	6	6	6	6a	5	17	False	False				False	11		V(9#74)	Bb	I		V(9#74)	V			9#74		M	False	False	(1, 0, 2)	(3, 6)	1	1	major	major	I	I, major	V		I	I	False	V	V, major		V(9#74), major		V	V	5		-2	-2	-2	-1	-1	F	F	Bb	Bb	major triad	0	True	True	True	True	True	3	3	3	6	False	False	False
216	12	18.0	53	-1	F	0	1.0	1	True	3	4	2	1	1/4	True	-2	7	7	7	7a	3	18	False	True				False	12		V	Bb	I		V	V					M	False	False	(1, 5, 2)	()	1	1	major	major	I	I, major	V		I	I	False	V	V, major		V, major		V	V	5		-2	-2	-2	-1	-1	F	F	Bb	Bb	major triad	0	True	True	True	True	True	1	1	1	5	True	True	True
216	12	18.0	57	3	A	0	1.0	1	True	3	4	2	1	1/4	True	-2	7	7	7	7a	3	18	False	True				False	12		V	Bb	I		V	V					M	False	False	(1, 5, 2)	()	1	1	major	major	I	I, major	V		I	I	False	V	V, major		V, major		V	V	5		-2	-2	-2	-1	-1	F	F	Bb	Bb	major triad	0	True	True	True	True	True	5	5	5	7	True	False	False
216	12	18.0	65	-1	F	0	1.0	1	True	3	4	2	1	1/4	True	-2	7	7	7	7a	4	18	False	True				False	12		V	Bb	I		V	V					M	False	False	(1, 5, 2)	()	1	1	major	major	I	I, major	V		I	I	False	V	V, major		V, major		V	V	5		-2	-2	-2	-1	-1	F	F	Bb	Bb	major triad	0	True	True	True	True	True	1	1	1	5	True	True	True
216	6	18.0	77	-1	F	0	1.0	1	True	3	4	1	1	1/8	True	-2	7	7	7	7a	5	18	False	True				False	12		V	Bb	I		V	V					M	False	False	(1, 5, 2)	()	1	1	major	major	I	I, major	V		I	I	False	V	V, major		V, major		V	V	5		-2	-2	-2	-1	-1	F	F	Bb	Bb	major triad	0	True	True	True	True	True	1	1	1	5	True	True	True
225	3	18.75	77	-1	F	0	1.75	0	False	3	4	1	1	1/16	True	-2	7	7	7	7a	5	75/4	False	False				False	12		V	Bb	I		V	V					M	False	False	(1, 5, 2)	()	1	1	major	major	I	I, major	V		I	I	False	V	V, major		V, major		V	V	5		-2	-2	-2	-1	-1	F	F	Bb	Bb	major triad	0	True	True	True	True	True	1	1	1	5	True	True	True
228	12	19.0	53	-1	F	0	2.0	2	True	3	4	2	1	1/4	True	-2	7	7	7	7a	3	19	False	True				False	13		V7	Bb	I		V7	V		7			Mm7	False	False	(1, 5, 2, -1)	()	1	1	major	major	I	I, major	V		I	I	False	V7	V7, major		V7, major		V	V7	5		-2	-2	-2	-1	-1	F	F	Bb	Bb	dominant seventh chord	7	True	True	True	True	True	1	1	1	5	True	True	True
228	12	19.0	57	3	A	0	2.0	2	True	3	4	2	1	1/4	True	-2	7	7	7	7a	3	19	False	True				False	13		V7	Bb	I		V7	V		7			Mm7	False	False	(1, 5, 2, -1)	()	1	1	major	major	I	I, major	V		I	I	False	V7	V7, major		V7, major		V	V7	5		-2	-2	-2	-1	-1	F	F	Bb	Bb	dominant seventh chord	7	True	True	True	True	True	5	5	5	7	True	False	False
228	12	19.0	63	-3	E	-1	2.0	2	True	3	4	2	1	1/4	True	-2	7	7	7	7a	4	19	False	True				False	13		V7	Bb	I		V7	V		7			Mm7	False	False	(1, 5, 2, -1)	()	1	1	major	major	I	I, major	V		I	I	False	V7	V7, major		V7, major		V	V7	5		-2	-2	-2	-1	-1	F	F	Bb	Bb	dominant seventh chord	7	True	True	True	True	True	-1	-1	-1	4	True	False	False
228	12	19.0	72	0	C	0	2.0	2	True	3	4	1	1	1/4	True	-2	7	7	7	7a	5	19	False	True				False	13		V7	Bb	I		V7	V		7			Mm7	False	False	(1, 5, 2, -1)	()	1	1	major	major	I	I, major	V		I	I	False	V7	V7, major		V7, major		V	V7	5		-2	-2	-2	-1	-1	F	F	Bb	Bb	dominant seventh chord	7	True	True	True	True	True	2	2	2	2	True	False	False
240	12	20.0	53	-1	F	0	3.0	3	True	3	4	2	1	1/4	True	-2	7	7	7	7a	3	20	False	False				False	13		V7	Bb	I		V7	V		7			Mm7	False	False	(1, 5, 2, -1)	()	1	1	major	major	I	I, major	V		I	I	False	V7	V7, major		V7, major		V	V7	5		-2	-2	-2	-1	-1	F	F	Bb	Bb	dominant seventh chord	7	True	True	True	True	True	1	1	1	5	True	True	True
240	12	20.0	57	3	A	0	3.0	3	True	3	4	2	1	1/4	True	-2	7	7	7	7a	3	20	False	False				False	13		V7	Bb	I		V7	V		7			Mm7	False	False	(1, 5, 2, -1)	()	1	1	major	major	I	I, major	V		I	I	False	V7	V7, major		V7, major		V	V7	5		-2	-2	-2	-1	-1	F	F	Bb	Bb	dominant seventh chord	7	True	True	True	True	True	5	5	5	7	True	False	False
240	12	20.0	63	-3	E	-1	3.0	3	True	3	4	2	1	1/4	True	-2	7	7	7	7a	4	20	False	False				False	13		V7	Bb	I		V7	V		7			Mm7	False	False	(1, 5, 2, -1)	()	1	1	major	major	I	I, major	V		I	I	False	V7	V7, major		V7, major		V	V7	5		-2	-2	-2	-1	-1	F	F	Bb	Bb	dominant seventh chord	7	True	True	True	True	True	-1	-1	-1	4	True	False	False
240	12	20.0	75	-3	E	-1	3.0	3	True	3	4	1	1	1/4	True	-2	7	7	7	7a	5	20	False	False				False	13		V7	Bb	I		V7	V		7			Mm7	False	False	(1, 5, 2, -1)	()	1	1	major	major	I	I, major	V		I	I	False	V7	V7, major		V7, major		V	V7	5		-2	-2	-2	-1	-1	F	F	Bb	Bb	dominant seventh chord	7	True	True	True	True	True	-1	-1	-1	4	True	False	False
252	12	21.0	41	-1	F	0	1.0	1	True	3	4	2	1	1/4	True	-2	8	8	8	8a	2	21	False	True				False	14		V(64)	Bb	I		V(64)	V			64		M	False	False	(1, 0, 4)	()	1	1	major	major	I	I, major	V		I	I	False	V	V, major		V(64), major		V	Cad	5		-2	-2	-2	-1	-1	F	F	Bb	Bb	major triad	0	True	True	True	True	True	1	1	1	5	True	True	True
252	12	21.0	74	2	D	0	1.0	1	True	3	4	1	1	1/4	True	-2	8	8	8	8a	5	21	False	True				False	14		V(64)	Bb	I		V(64)	V			64		M	False	False	(1, 0, 4)	()	1	1	major	major	I	I, major	V		I	I	False	V	V, major		V(64), major		V	Cad	5		-2	-2	-2	-1	-1	F	F	Bb	Bb	major triad	0	True	True	True	True	True	4	4	4	3	True	False	False
264	12	22.0	53	-1	F	0	2.0	2	True	3	4	2	1	1/4	True	-2	8	8	8	8a	3	22	False	True	HC	HC	}	True	15		V7|HC}	Bb	I		V7	V		7			Mm7	False	False	(1, 5, 2, -1)	()	1	1	major	major	I	I, major	V		I	I	False	V7	V7, major		V7, major		V	V7	5		-2	-2	-2	-1	-1	F	F	Bb	Bb	dominant seventh chord	7	True	True	True	True	True	1	1	1	5	True	True	True
264	12	22.0	60	0	C	0	2.0	2	True	3	4	2	1	1/4	True	-2	8	8	8	8a	4	22	False	True	HC	HC	}	True	15		V7|HC}	Bb	I		V7	V		7			Mm7	False	False	(1, 5, 2, -1)	()	1	1	major	major	I	I, major	V		I	I	False	V7	V7, major		V7, major		V	V7	5		-2	-2	-2	-1	-1	F	F	Bb	Bb	dominant seventh chord	7	True	True	True	True	True	2	2	2	2	True	False	False
264	12	22.0	63	-3	E	-1	2.0	2	True	3	4	2	1	1/4	True	-2	8	8	8	8a	4	22	False	True	HC	HC	}	True	15		V7|HC}	Bb	I		V7	V		7			Mm7	False	False	(1, 5, 2, -1)	()	1	1	major	major	I	I, major	V		I	I	False	V7	V7, major		V7, major		V	V7	5		-2	-2	-2	-1	-1	F	F	Bb	Bb	dominant seventh chord	7	True	True	True	True	True	-1	-1	-1	4	True	False	False
264	6	22.0	72	0	C	0	2.0	2	True	3	4	1	1	1/8	True	-2	8	8	8	8a	5	22	False	True	HC	HC	}	True	15		V7|HC}	Bb	I		V7	V		7			Mm7	False	False	(1, 5, 2, -1)	()	1	1	major	major	I	I, major	V		I	I	False	V7	V7, major		V7, major		V	V7	5		-2	-2	-2	-1	-1	F	F	Bb	Bb	dominant seventh chord	7	True	True	True	True	True	2	2	2	2	True	False	False
270	6	22.5	69	3	A	0	2.5	0	False	3	4	1	1	1/8	True	-2	8	8	8	8a	4	45/2	False	False				False	15		V7|HC}	Bb	I		V7	V		7			Mm7	False	False	(1, 5, 2, -1)	()	1	1	major	major	I	I, major	V		I	I	False	V7	V7, major		V7, major		V	V7	5		-2	-2	-2	-1	-1	F	F	Bb	Bb	dominant seventh chord	7	True	True	True	True	True	5	5	5	7	True	False	False
276	12	23.0	53	-1	F	0	3.0	3	True	3	4	2	1	1/4	True	-2	8	8	8	8a	3	23	False	False				False	15		V7|HC}	Bb	I		V7	V		7			Mm7	False	False	(1, 5, 2, -1)	()	1	1	major	major	I	I, major	V		I	I	False	V7	V7, major		V7, major		V	V7	5		-2	-2	-2	-1	-1	F	F	Bb	Bb	dominant seventh chord	7	True	True	True	True	True	1	1	1	5	True	True	True
276	12	23.0	60	0	C	0	3.0	3	True	3	4	2	1	1/4	True	-2	8	8	8	8a	4	23	False	False				False	15		V7|HC}	Bb	I		V7	V		7			Mm7	False	False	(1, 5, 2, -1)	()	1	1	major	major	I	I, major	V		I	I	False	V7	V7, major		V7, major		V	V7	5		-2	-2	-2	-1	-1	F	F	Bb	Bb	dominant seventh chord	7	True	True	True	True	True	2	2	2	2	True	False	False
276	12	23.0	63	-3	E	-1	3.0	3	True	3	4	2	1	1/4	True	-2	8	8	8	8a	4	23	False	False				False	15		V7|HC}	Bb	I		V7	V		7			Mm7	False	False	(1, 5, 2, -1)	()	1	1	major	major	I	I, major	V		I	I	False	V7	V7, major		V7, major		V	V7	5		-2	-2	-2	-1	-1	F	F	Bb	Bb	dominant seventh chord	7	True	True	True	True	True	-1	-1	-1	4	True	False	False
276	12	23.0	65	-1	F	0	3.0	3	True	3	4	1	1	1/4	True	-2	8	8	8	8a	4	23	False	False				False	15		V7|HC}	Bb	I		V7	V		7			Mm7	False	False	(1, 5, 2, -1)	()	1	1	major	major	I	I, major	V		I	I	False	V7	V7, major		V7, major		V	V7	5		-2	-2	-2	-1	-1	F	F	Bb	Bb	dominant seventh chord	7	True	True	True	True	True	1	1	1	5	True	True	True
288	12	24.0	46	-2	B	-1	1.0	1	True	3	4	2	1	1/4	True	-2	9	9	9	9a	2	24	True	True			{	False	16		I{	Bb	I		I	I					M	False	False	(0, 4, 1)	()	0	0	major	major	I	I, major	I		I	I	False	I	I, major		I, major		I	I	1		-2	-2	-2	-2	-2	Bb	Bb	Bb	Bb	major triad	0	True	True	True	True	True	0	0	0	1	True	True	True
288	4	24.0	65	-1	F	0	1.0	1	True	3	4	1	1	1/12	True	-2	9	9	9	9a	4	24	True	True			{	False	16		I{	Bb	I		I	I					M	False	False	(0, 4, 1)	()	0	0	major	major	I	I, major	I		I	I	False	I	I, major		I, major		I	I	1		-2	-2	-2	-2	-2	Bb	Bb	Bb	Bb	major triad	0	True	True	True	True	True	1	1	1	5	True	False	False
292	4	24.333	67	1	G	0	1.333	0	False	3	4	1	1	1/12	True	-2	9	9	9	9a	4	73/3	False	False				False	16		I{	Bb	I		I	I					M	False	False	(0, 4, 1)	()	0	0	major	major	I	I, major	I		I	I	False	I	I, major		I, major		I	I	1		-2	-2	-2	-2	-2	Bb	Bb	Bb	Bb	major triad	0	True	True	True	True	True	3	3	3	6	False	False	False
296	4	24.667	69	3	A	0	1.667	0	False	3	4	1	1	1/12	True	-2	9	9	9	9a	4	74/3	False	False				False	16		I{	Bb	I		I	I					M	False	False	(0, 4, 1)	()	0	0	major	major	I	I, major	I		I	I	False	I	I, major		I, major		I	I	1		-2	-2	-2	-2	-2	Bb	Bb	Bb	Bb	major triad	0	True	True	True	True	True	5	5	5	7	False	False	False
300	12	25.0	53	-1	F	0	2.0	2	True	3	4	2	1	1/4	True	-2	9	9	9	9a	3	25	False	False				False	16		I{	Bb	I		I	I					M	False	False	(0, 4, 1)	()	0	0	major	major	I	I, major	I		I	I	False	I	I, major		I, major		I	I	1		-2	-2	-2	-2	-2	Bb	Bb	Bb	Bb	major triad	0	True	True	True	True	True	1	1	1	5	True	False	False
300	12	25.0	58	-2	B	-1	2.0	2	True	3	4	2	1	1/4	True	-2	9	9	9	9a	3	25	False	False				False	16		I{	Bb	I		I	I					M	False	False	(0, 4, 1)	()	0	0	major	major	I	I, major	I		I	I	False	I	I, major		I, major		I	I	1		-2	-2	-2	-2	-2	Bb	Bb	Bb	Bb	major triad	0	True	True	True	True	True	0	0	0	1	True	True	True
300	12	25.0	62	2	D	0	2.0	2	True	3	4	2	1	1/4	True	-2	9	9	9	9a	4	25	False	False				False	16		I{	Bb	I		I	I					M	False	False	(0, 4, 1)	()	0	0	major	major	I	I, major	I		I	I	False	I	I, major		I, major		I	I	1		-2	-2	-2	-2	-2	Bb	Bb	Bb	Bb	major triad	0	True	True	True	True	True	4	4	4	3	True	False	False
300	12	25.0	70	-2	B	-1	2.0	2	True	3	4	1	1	1/4	True	-2	9	9	9	9a	4	25	False	False				False	16		I{	Bb	I		I	I					M	False	False	(0, 4, 1)	()	0	0	major	major	I	I, major	I		I	I	False	I	I, major		I, major		I	I	1		-2	-2	-2	-2	-2	Bb	Bb	Bb	Bb	major triad	0	True	True	True	True	True	0	0	0	1	True	True	True
312	12	26.0	53	-1	F	0	3.0	3	True	3	4	2	1	1/4	True	-2	9	9	9	9a	3	26	False	True				False	17		#viio43/ii	Bb	I		#viio43/ii	#vii	o	43		ii	o7	False	False	(1, -2, 7, 4)	()	7	1	major	major	I	I, major	#vii/ii	ii	ii/I	ii	True	#viio43/ii	#viio43/ii, major		#viio43/ii, major	ii	ii	viio7	#7	2	-2	-2	0	5	-1	B	F	Bb	C	diminished seventh chord	2	True	True	True	True	True	1	1	-1	5	True	False	True
312	12	26.0	56	-4	A	-1	3.0	3	True	3	4	2	1	1/4	True	-2	9	9	9	9a	3	26	False	True				False	17		#viio43/ii	Bb	I		#viio43/ii	#vii	o	43		ii	o7	False	False	(1, -2, 7, 4)	()	7	1	major	major	I	I, major	#vii/ii	ii	ii/I	ii	True	#viio43/ii	#viio43/ii, major		#viio43/ii, major	ii	ii	viio7	#7	2	-2	-2	0	5	-1	B	F	Bb	C	diminished seventh chord	2	True	True	True	True	True	-2	-2	-4	b7	True	False	False
312	12	26.0	62	2	D	0	3.0	3	True	3	4	2	1	1/4	True	-2	9	9	9	9a	4	26	False	True				False	17		#viio43/ii	Bb	I		#viio43/ii	#vii	o	43		ii	o7	False	False	(1, -2, 7, 4)	()	7	1	major	major	I	I, major	#vii/ii	ii	ii/I	ii	True	#viio43/ii	#viio43/ii, major		#viio43/ii, major	ii	ii	viio7	#7	2	-2	-2	0	5	-1	B	F	Bb	C	diminished seventh chord	2	True	True	True	True	True	4	4	2	3	True	False	False
312	12	26.0	71	5	B	0	3.0	3	True	3	4	1	1	1/4	True	-2	9	9	9	9a	4	26	False	True				False	17		#viio43/ii	Bb	I		#viio43/ii	#vii	o	43		ii	o7	False	False	(1, -2, 7, 4)	()	7	1	major	major	I	I, major	#vii/ii	ii	ii/I	ii	True	#viio43/ii	#viio43/ii, major		#viio43/ii, major	ii	ii	viio7	#7	2	-2	-2	0	5	-1	B	F	Bb	C	diminished seventh chord	2	True	True	True	True	True	7	7	5	#1	True	True	False
324	12	27.0	39	-3	E	-1	1.0	1	True	3	4	2	1	1/4	True	-2	10	10	10	10a	2	27	False	True				False	18		ii6	Bb	I		ii6	ii		6			m	False	False	(-1, 3, 2)	()	2	-1	major	major	I	I, major	ii		I	I	False	ii6	ii6, major		ii6, major		ii	ii	2		-2	-2	-2	0	-3	C	Eb	Bb	Bb	minor triad	1	True	True	True	True	True	-1	-1	-1	4	True	False	True
324	6	27.0	72	0	C	0	1.0	1	True	3	4	1	1	1/8	True	-2	10	10	10	10a	5	27	False	True				False	18		ii6	Bb	I		ii6	ii		6			m	False	False	(-1, 3, 2)	()	2	-1	major	major	I	I, major	ii		I	I	False	ii6	ii6, major		ii6, major		ii	ii	2		-2	-2	-2	0	-3	C	Eb	Bb	Bb	minor triad	1	True	True	True	True	True	2	2	2	2	True	True	False
330	6	27.5	74	2	D	0	1.5	0	False	3	4	1	1	1/8	True	-2	10	10	10	10a	5	55/2	False	False				False	18		ii6	Bb	I		ii6	ii		6			m	False	False	(-1, 3, 2)	()	2	-1	major	major	I	I, major	ii		I	I	False	ii6	ii6, major		ii6, major		ii	ii	2		-2	-2	-2	0	-3	C	Eb	Bb	Bb	minor triad	1	True	True	True	True	True	4	4	4	3	False	False	False
336	12	28.0	51	-3	E	-1	2.0	2	True	3	4	2	1	1/4	True	-2	10	10	10	10a	3	28	False	False				False	18		ii6	Bb	I		ii6	ii		6			m	False	False	(-1, 3, 2)	()	2	-1	major	major	I	I, major	ii		I	I	False	ii6	ii6, major		ii6, major		ii	ii	2		-2	-2	-2	0	-3	C	Eb	Bb	Bb	minor triad	1	True	True	True	True	True	-1	-1	-1	4	True	False	True
336	12	28.0	55	1	G	0	2.0	2	True	3	4	2	1	1/4	True	-2	10	10	10	10a	3	28	False	False				False	18		ii6	Bb	I		ii6	ii		6			m	False	False	(-1, 3, 2)	()	2	-1	major	major	I	I, major	ii		I	I	False	ii6	ii6, major		ii6, major		ii	ii	2		-2	-2	-2	0	-3	C	Eb	Bb	Bb	minor triad	1	True	True	True	True	True	3	3	3	6	True	False	False
336	12	28.0	60	0	C	0	2.0	2	True	3	4	2	1	1/4	True	-2	10	10	10	10a	4	28	False	False				False	18		ii6	Bb	I		ii6	ii		6			m	False	False	(-1, 3, 2)	()	2	-1	major	major	I	I, major	ii		I	I	False	ii6	ii6, major		ii6, major		ii	ii	2		-2	-2	-2	0	-3	C	Eb	Bb	Bb	minor triad	1	True	True	True	True	True	2	2	2	2	True	True	False
336	18	28.0	75	-3	E	-1	2.0	2	True	3	4	1	1	3/8	True	-2	10	10	10	10a	5	28	False	False				False	18		ii6	Bb	I		ii6	ii		6			m	False	False	(-1, 3, 2)	()	2	-1	major	major	I	I, major	ii		I	I	False	ii6	ii6, major		ii6, major		ii	ii	2		-2	-2	-2	0	-3	C	Eb	Bb	Bb	minor triad	1	True	True	True	True	True	-1	-1	-1	4	True	False	True
348	12	29.0	51	-3	E	-1	3.0	3	True	3	4	2	1	1/4	True	-2	10	10	10	10a	3	29	False	True				False	19		ii%65	Bb	I		ii%65	ii	%	65			%7	False	False	(-1, -4, 0, 2)	()	2	-1	major	major	I	I, major	ii		I	I	False	ii%65	ii%65, major		ii%65, major		ii	ii%7	2		-2	-2	-2	0	-3	C	Eb	Bb	Bb	half-diminished seventh chord	1	True	True	True	True	True	-1	-1	-1	4	True	False	True
348	12	29.0	54	-6	G	-1	3.0	3	True	3	4	2	1	1/4	True	-2	10	10	10	10a	3	29	False	True				False	19		ii%65	Bb	I		ii%65	ii	%	65			%7	False	False	(-1, -4, 0, 2)	()	2	-1	major	major	I	I, major	ii		I	I	False	ii%65	ii%65, major		ii%65, major		ii	ii%7	2		-2	-2	-2	0	-3	C	Eb	Bb	Bb	half-diminished seventh chord	1	True	True	True	True	True	-4	-4	-4	b6	True	False	False
348	12	29.0	60	0	C	0	3.0	3	True	3	4	2	1	1/4	True	-2	10	10	10	10a	4	29	False	True				False	19		ii%65	Bb	I		ii%65	ii	%	65			%7	False	False	(-1, -4, 0, 2)	()	2	-1	major	major	I	I, major	ii		I	I	False	ii%65	ii%65, major		ii%65, major		ii	ii%7	2		-2	-2	-2	0	-3	C	Eb	Bb	Bb	half-diminished seventh chord	1	True	True	True	True	True	2	2	2	2	True	True	False
354	6	29.5	70	-2	B	-1	3.5	0	False	3	4	1	1	1/8	True	-2	10	10	10	10a	4	59/2	False	False				False	19		ii%65	Bb	I		ii%65	ii	%	65			%7	False	False	(-1, -4, 0, 2)	()	2	-1	major	major	I	I, major	ii		I	I	False	ii%65	ii%65, major		ii%65, major		ii	ii%7	2		-2	-2	-2	0	-3	C	Eb	Bb	Bb	half-diminished seventh chord	1	True	True	True	True	True	0	0	0	1	True	False	False
360	12	30.0	41	-1	F	0	1.0	1	True	3	4	2	1	1/4	True	-2	11	11	11	11a	2	30	False	True				False	20		V7	Bb	I		V7	V		7			Mm7	False	False	(1, 5, 2, -1)	()	1	1	major	major	I	I, major	V		I	I	False	V7	V7, major		V7, major		V	V7	5		-2	-2	-2	-1	-1	F	F	Bb	Bb	dominant seventh chord	7	True	True	True	True	True	1	1	1	5	True	True	True
360	6	30.0	69	3	A	0	1.0	1	True	3	4	1	1	1/8	True	-2	11	11	11	11a	4	30	False	True				False	20		V7	Bb	I		V7	V		7			Mm7	False	False	(1, 5, 2, -1)	()	1	1	major	major	I	I, major	V		I	I	False	V7	V7, major		V7, major		V	V7	5		-2	-2	-2	-1	-1	F	F	Bb	Bb	dominant seventh chord	7	True	True	True	True	True	5	5	5	7	True	False	False
369	3	30.75	79	1	G	0	1.75	0	False	3	4	1	1	1/16	True	-2	11	11	11	11a	5	123/4	False	False				False	20		V7	Bb	I		V7	V		7			Mm7	False	False	(1, 5, 2, -1)	()	1	1	major	major	I	I, major	V		I	I	False	V7	V7, major		V7, major		V	V7	5		-2	-2	-2	-1	-1	F	F	Bb	Bb	dominant seventh chord	7	True	True	True	True	True	3	3	3	6	False	False	False
372	12	31.0	53	-1	F	0	2.0	2	True	3	4	2	1	1/4	True	-2	11	11	11	11a	3	31	False	False				False	20		V7	Bb	I		V7	V		7			Mm7	False	False	(1, 5, 2, -1)	()	1	1	major	major	I	I, major	V		I	I	False	V7	V7, major		V7, major		V	V7	5		-2	-2	-2	-1	-1	F	F	Bb	Bb	dominant seventh chord	7	True	True	True	True	True	1	1	1	5	True	True	True
372	12	31.0	60	0	C	0	2.0	2	True	3	4	2	1	1/4	True	-2	11	11	11	11a	4	31	False	False				False	20		V7	Bb	I		V7	V		7			Mm7	False	False	(1, 5, 2, -1)	()	1	1	major	major	I	I, major	V		I	I	False	V7	V7, major		V7, major		V	V7	5		-2	-2	-2	-1	-1	F	F	Bb	Bb	dominant seventh chord	7	True	True	True	True	True	2	2	2	2	True	False	False
372	12	31.0	63	-3	E	-1	2.0	2	True	3	4	2	1	1/4	True	-2	11	11	11	11a	4	31	False	False				False	20		V7	Bb	I		V7	V		7			Mm7	False	False	(1, 5, 2, -1)	()	1	1	major	major	I	I, major	V		I	I	False	V7	V7, major		V7, major		V	V7	5		-2	-2	-2	-1	-1	F	F	Bb	Bb	dominant seventh chord	7	True	True	True	True	True	-1	-1	-1	4	True	False	False
372	6	31.0	77	-1	F	0	2.0	2	True	3	4	1	1	1/8	True	-2	11	11	11	11a	5	31	False	False				False	20		V7	Bb	I		V7	V		7			Mm7	False	False	(1, 5, 2, -1)	()	1	1	major	major	I	I, major	V		I	I	False	V7	V7, major		V7, major		V	V7	5		-2	-2	-2	-1	-1	F	F	Bb	Bb	dominant seventh chord	7	True	True	True	True	True	1	1	1	5	True	True	True
378	6	31.5	74	2	D	0	2.5	0	False	3	4	1	1	1/8	True	-2	11	11	11	11a	5	63/2	False	False				False	20		V7	Bb	I		V7	V		7			Mm7	False	False	(1, 5, 2, -1)	()	1	1	major	major	I	I, major	V		I	I	False	V7	V7, major		V7, major		V	V7	5		-2	-2	-2	-1	-1	F	F	Bb	Bb	dominant seventh chord	7	True	True	True	True	True	4	4	4	3	False	False	False
384	12	32.0	53	-1	F	0	3.0	3	True	3	4	2	1	1/4	True	-2	11	11	11	11a	3	32	False	False				False	20		V7	Bb	I		V7	V		7			Mm7	False	False	(1, 5, 2, -1)	()	1	1	major	major	I	I, major	V		I	I	False	V7	V7, major		V7, major		V	V7	5		-2	-2	-2	-1	-1	F	F	Bb	Bb	dominant seventh chord	7	True	True	True	True	True	1	1	1	5	True	True	True
384	12	32.0	60	0	C	0	3.0	3	True	3	4	2	1	1/4	True	-2	11	11	11	11a	4	32	False	False				False	20		V7	Bb	I		V7	V		7			Mm7	False	False	(1, 5, 2, -1)	()	1	1	major	major	I	I, major	V		I	I	False	V7	V7, major		V7, major		V	V7	5		-2	-2	-2	-1	-1	F	F	Bb	Bb	dominant seventh chord	7	True	True	True	True	True	2	2	2	2	True	False	False
384	12	32.0	63	-3	E	-1	3.0	3	True	3	4	2	1	1/4	True	-2	11	11	11	11a	4	32	False	False				False	20		V7	Bb	I		V7	V		7			Mm7	False	False	(1, 5, 2, -1)	()	1	1	major	major	I	I, major	V		I	I	False	V7	V7, major		V7, major		V	V7	5		-2	-2	-2	-1	-1	F	F	Bb	Bb	dominant seventh chord	7	True	True	True	True	True	-1	-1	-1	4	True	False	False
384	6	32.0	75	-3	E	-1	3.0	3	True	3	4	1	1	1/8	True	-2	11	11	11	11a	5	32	False	False				False	20		V7	Bb	I		V7	V		7			Mm7	False	False	(1, 5, 2, -1)	()	1	1	major	major	I	I, major	V		I	I	False	V7	V7, major		V7, major		V	V7	5		-2	-2	-2	-1	-1	F	F	Bb	Bb	dominant seventh chord	7	True	True	True	True	True	-1	-1	-1	4	True	False	False
390	6	32.5	69	3	A	0	3.5	0	False	3	4	1	1	1/8	True	-2	11	11	11	11a	4	65/2	False	False				False	20		V7	Bb	I		V7	V		7			Mm7	False	False	(1, 5, 2, -1)	()	1	1	major	major	I	I, major	V		I	I	False	V7	V7, major		V7, major		V	V7	5		-2	-2	-2	-1	-1	F	F	Bb	Bb	dominant seventh chord	7	True	True	True	True	True	5	5	5	7	True	False	False
396	12	33.0	46	-2	B	-1	1.0	1	True	3	4	2	1	1/4	True	-2	12	12	12	12a	2	33	False	True				False	21		I	Bb	I		I	I					M	False	False	(0, 4, 1)	()	0	0	major	major	I	I, major	I		I	I	False	I	I, major		I, major		I	I	1		-2	-2	-2	-2	-2	Bb	Bb	Bb	Bb	major triad	0	True	True	True	True	True	0	0	0	1	True	True	True
396	4	33.0	70	-2	B	-1	1.0	1	True	3	4	1	1	1/12	True	-2	12	12	12	12a	4	33	False	True				False	21		I	Bb	I		I	I					M	False	False	(0, 4, 1)	()	0	0	major	major	I	I, major	I		I	I	False	I	I, major		I, major		I	I	1		-2	-2	-2	-2	-2	Bb	Bb	Bb	Bb	major triad	0	True	True	True	True	True	0	0	0	1	True	True	True
400	4	33.333	72	0	C	0	1.333	0	False	3	4	1	1	1/12	True	-2	12	12	12	12a	5	100/3	False	False				False	21		I	Bb	I		I	I					M	False	False	(0, 4, 1)	()	0	0	major	major	I	I, major	I		I	I	False	I	I, major		I, major		I	I	1		-2	-2	-2	-2	-2	Bb	Bb	Bb	Bb	major triad	0	True	True	True	True	True	2	2	2	2	False	False	False
404	4	33.667	74	2	D	0	1.667	0	False	3	4	1	1	1/12	True	-2	12	12	12	12a	5	101/3	False	False				False	21		I	Bb	I		I	I					M	False	False	(0, 4, 1)	()	0	0	major	major	I	I, major	I		I	I	False	I	I, major		I, major		I	I	1		-2	-2	-2	-2	-2	Bb	Bb	Bb	Bb	major triad	0	True	True	True	True	True	4	4	4	3	True	False	False
408	12	34.0	53	-1	F	0	2.0	2	True	3	4	2	1	1/4	True	-2	12	12	12	12a	3	34	False	True				False	22		V7	Bb	I		V7	V		7			Mm7	False	False	(1, 5, 2, -1)	()	1	1	major	major	I	I, major	V		I	I	False	V7	V7, major		V7, major		V	V7	5		-2	-2	-2	-1	-1	F	F	Bb	Bb	dominant seventh chord	7	True	True	True	True	True	1	1	1	5	True	True	True
408	12	34.0	60	0	C	0	2.0	2	True	3	4	2	1	1/4	True	-2	12	12	12	12a	4	34	False	True				False	22		V7	Bb	I		V7	V		7			Mm7	False	False	(1, 5, 2, -1)	()	1	1	major	major	I	I, major	V		I	I	False	V7	V7, major		V7, major		V	V7	5		-2	-2	-2	-1	-1	F	F	Bb	Bb	dominant seventh chord	7	True	True	True	True	True	2	2	2	2	True	False	False
408	12	34.0	63	-3	E	-1	2.0	2	True	3	4	2	1	1/4	True	-2	12	12	12	12a	4	34	False	True				False	22		V7	Bb	I		V7	V		7			Mm7	False	False	(1, 5, 2, -1)	()	1	1	major	major	I	I, major	V		I	I	False	V7	V7, major		V7, major		V	V7	5		-2	-2	-2	-1	-1	F	F	Bb	Bb	dominant seventh chord	7	True	True	True	True	True	-1	-1	-1	4	True	False	False
408	18	34.0	72	0	C	0	2.0	2	True	3	4	1	1	3/8	True	-2	12	12	12	12a	5	34	False	True				False	22		V7	Bb	I		V7	V		7			Mm7	False	False	(1, 5, 2, -1)	()	1	1	major	major	I	I, major	V		I	I	False	V7	V7, major		V7, major		V	V7	5		-2	-2	-2	-1	-1	F	F	Bb	Bb	dominant seventh chord	7	True	True	True	True	True	2	2	2	2	True	False	False
420	12	35.0	53	-1	F	0	3.0	3	True	3	4	2	1	1/4	True	-2	12	12	12	12a	3	35	False	False				False	22		V7	Bb	I		V7	V		7			Mm7	False	False	(1, 5, 2, -1)	()	1	1	major	major	I	I, major	V		I	I	False	V7	V7, major		V7, major		V	V7	5		-2	-2	-2	-1	-1	F	F	Bb	Bb	dominant seventh chord	7	True	True	True	True	True	1	1	1	5	True	True	True
420	12	35.0	60	0	C	0	3.0	3	True	3	4	2	1	1/4	True	-2	12	12	12	12a	4	35	False	False				False	22		V7	Bb	I		V7	V		7			Mm7	False	False	(1, 5, 2, -1)	()	1	1	major	major	I	I, major	V		I	I	False	V7	V7, major		V7, major		V	V7	5		-2	-2	-2	-1	-1	F	F	Bb	Bb	dominant seventh chord	7	True	True	True	True	True	2	2	2	2	True	False	False
420	12	35.0	63	-3	E	-1	3.0	3	True	3	4	2	1	1/4	True	-2	12	12	12	12a	4	35	False	False				False	22		V7	Bb	I		V7	V		7			Mm7	False	False	(1, 5, 2, -1)	()	1	1	major	major	I	I, major	V		I	I	False	V7	V7, major		V7, major		V	V7	5		-2	-2	-2	-1	-1	F	F	Bb	Bb	dominant seventh chord	7	True	True	True	True	True	-1	-1	-1	4	True	False	False
426	6	35.5	67	1	G	0	3.5	0	False	3	4	1	1	1/8	True	-2	12	12	12	12a	4	71/2	False	False				False	22		V7	Bb	I		V7	V		7			Mm7	False	False	(1, 5, 2, -1)	()	1	1	major	major	I	I, major	V		I	I	False	V7	V7, major		V7, major		V	V7	5		-2	-2	-2	-1	-1	F	F	Bb	Bb	dominant seventh chord	7	True	True	True	True	True	3	3	3	6	False	False	False
432	12	36.0	46	-2	B	-1	1.0	1	True	3	4	2	1	1/4	True	-2	13	13	13	13a	2	36	False	True				False	23		I	Bb	I		I	I					M	False	False	(0, 4, 1)	()	0	0	major	major	I	I, major	I		I	I	False	I	I, major		I, major		I	I	1		-2	-2	-2	-2	-2	Bb	Bb	Bb	Bb	major triad	0	True	True	True	True	True	0	0	0	1	True	True	True
432	4	36.0	65	-1	F	0	1.0	1	True	3	4	1	1	1/12	True	-2	13	13	13	13a	4	36	False	True				False	23		I	Bb	I		I	I					M	False	False	(0, 4, 1)	()	0	0	major	major	I	I, major	I		I	I	False	I	I, major		I, major		I	I	1		-2	-2	-2	-2	-2	Bb	Bb	Bb	Bb	major triad	0	True	True	True	True	True	1	1	1	5	True	False	False
436	4	36.333	67	1	G	0	1.333	0	False	3	4	1	1	1/12	True	-2	13	13	13	13a	4	109/3	False	False				False	23		I	Bb	I		I	I					M	False	False	(0, 4, 1)	()	0	0	major	major	I	I, major	I		I	I	False	I	I, major		I, major		I	I	1		-2	-2	-2	-2	-2	Bb	Bb	Bb	Bb	major triad	0	True	True	True	True	True	3	3	3	6	False	False	False
440	4	36.667	69	3	A	0	1.667	0	False	3	4	1	1	1/12	True	-2	13	13	13	13a	4	110/3	False	False				False	23		I	Bb	I		I	I					M	False	False	(0, 4, 1)	()	0	0	major	major	I	I, major	I		I	I	False	I	I, major		I, major		I	I	1		-2	-2	-2	-2	-2	Bb	Bb	Bb	Bb	major triad	0	True	True	True	True	True	5	5	5	7	False	False	False
444	12	37.0	53	-1	F	0	2.0	2	True	3	4	2	1	1/4	True	-2	13	13	13	13a	3	37	False	False				False	23		I	Bb	I		I	I					M	False	False	(0, 4, 1)	()	0	0	major	major	I	I, major	I		I	I	False	I	I, major		I, major		I	I	1		-2	-2	-2	-2	-2	Bb	Bb	Bb	Bb	major triad	0	True	True	True	True	True	1	1	1	5	True	False	False
444	12	37.0	58	-2	B	-1	2.0	2	True	3	4	2	1	1/4	True	-2	13	13	13	13a	3	37	False	False				False	23		I	Bb	I		I	I					M	False	False	(0, 4, 1)	()	0	0	major	major	I	I, major	I		I	I	False	I	I, major		I, major		I	I	1		-2	-2	-2	-2	-2	Bb	Bb	Bb	Bb	major triad	0	True	True	True	True	True	0	0	0	1	True	True	True
444	12	37.0	62	2	D	0	2.0	2	True	3	4	2	1	1/4	True	-2	13	13	13	13a	4	37	False	False				False	23		I	Bb	I		I	I					M	False	False	(0, 4, 1)	()	0	0	major	major	I	I, major	I		I	I	False	I	I, major		I, major		I	I	1		-2	-2	-2	-2	-2	Bb	Bb	Bb	Bb	major triad	0	True	True	True	True	True	4	4	4	3	True	False	False
444	12	37.0	70	-2	B	-1	2.0	2	True	3	4	1	1	1/4	True	-2	13	13	13	13a	4	37	False	False				False	23		I	Bb	I		I	I					M	False	False	(0, 4, 1)	()	0	0	major	major	I	I, major	I		I	I	False	I	I, major		I, major		I	I	1		-2	-2	-2	-2	-2	Bb	Bb	Bb	Bb	major triad	0	True	True	True	True	True	0	0	0	1	True	True	True
456	12	38.0	53	-1	F	0	3.0	3	True	3	4	2	1	1/4	True	-2	13	13	13	13a	3	38	False	True				False	24		#viio43/ii	Bb	I		#viio43/ii	#vii	o	43		ii	o7	False	False	(1, -2, 7, 4)	()	7	1	major	major	I	I, major	#vii/ii	ii	ii/I	ii	True	#viio43/ii	#viio43/ii, major		#viio43/ii, major	ii	ii	viio7	#7	2	-2	-2	0	5	-1	B	F	Bb	C	diminished seventh chord	2	True	True	True	True	True	1	1	-1	5	True	False	True
456	12	38.0	56	-4	A	-1	3.0	3	True	3	4	2	1	1/4	True	-2	13	13	13	13a	3	38	False	True				False	24		#viio43/ii	Bb	I		#viio43/ii	#vii	o	43		ii	o7	False	False	(1, -2, 7, 4)	()	7	1	major	major	I	I, major	#vii/ii	ii	ii/I	ii	True	#viio43/ii	#viio43/ii, major		#viio43/ii, major	ii	ii	viio7	#7	2	-2	-2	0	5	-1	B	F	Bb	C	diminished seventh chord	2	True	True	True	True	True	-2	-2	-4	b7	True	False	False
456	12	38.0	62	2	D	0	3.0	3	True	3	4	2	1	1/4	True	-2	13	13	13	13a	4	38	False	True				False	24		#viio43/ii	Bb	I		#viio43/ii	#vii	o	43		ii	o7	False	False	(1, -2, 7, 4)	()	7	1	major	major	I	I, major	#vii/ii	ii	ii/I	ii	True	#viio43/ii	#viio43/ii, major		#viio43/ii, major	ii	ii	viio7	#7	2	-2	-2	0	5	-1	B	F	Bb	C	diminished seventh chord	2	True	True	True	True	True	4	4	2	3	True	False	False
456	12	38.0	71	5	B	0	3.0	3	True	3	4	1	1	1/4	True	-2	13	13	13	13a	4	38	False	True				False	24		#viio43/ii	Bb	I		#viio43/ii	#vii	o	43		ii	o7	False	False	(1, -2, 7, 4)	()	7	1	major	major	I	I, major	#vii/ii	ii	ii/I	ii	True	#viio43/ii	#viio43/ii, major		#viio43/ii, major	ii	ii	viio7	#7	2	-2	-2	0	5	-1	B	F	Bb	C	diminished seventh chord	2	True	True	True	True	True	7	7	5	#1	True	True	False
468	12	39.0	39	-3	E	-1	1.0	1	True	3	4	2	1	1/4	True	-2	14	14	14	14a	2	39	False	True				False	25		ii6	Bb	I		ii6	ii		6			m	False	False	(-1, 3, 2)	()	2	-1	major	major	I	I, major	ii		I	I	False	ii6	ii6, major		ii6, major		ii	ii	2		-2	-2	-2	0	-3	C	Eb	Bb	Bb	minor triad	1	True	True	True	True	True	-1	-1	-1	4	True	False	True
468	6	39.0	72	0	C	0	1.0	1	True	3	4	1	1	1/8	True	-2	14	14	14	14a	5	39	False	True				False	25		ii6	Bb	I		ii6	ii		6			m	False	False	(-1, 3, 2)	()	2	-1	major	major	I	I, major	ii		I	I	False	ii6	ii6, major		ii6, major		ii	ii	2		-2	-2	-2	0	-3	C	Eb	Bb	Bb	minor triad	1	True	True	True	True	True	2	2	2	2	True	True	False
474	6	39.5	74	2	D	0	1.5	0	False	3	4	1	1	1/8	True	-2	14	14	14	14a	5	79/2	False	False				False	25		ii6	Bb	I		ii6	ii		6			m	False	False	(-1, 3, 2)	()	2	-1	major	major	I	I, major	ii		I	I	False	ii6	ii6, major		ii6, major		ii	ii	2		-2	-2	-2	0	-3	C	Eb	Bb	Bb	minor triad	1	True	True	True	True	True	4	4	4	3	False	False	False
480	12	40.0	51	-3	E	-1	2.0	2	True	3	4	2	1	1/4	True	-2	14	14	14	14a	3	40	False	False				False	25		ii6	Bb	I		ii6	ii		6			m	False	False	(-1, 3, 2)	()	2	-1	major	major	I	I, major	ii		I	I	False	ii6	ii6, major		ii6, major		ii	ii	2		-2	-2	-2	0	-3	C	Eb	Bb	Bb	minor triad	1	True	True	True	True	True	-1	-1	-1	4	True	False	True
480	12	40.0	55	1	G	0	2.0	2	True	3	4	2	1	1/4	True	-2	14	14	14	14a	3	40	False	False				False	25		ii6	Bb	I		ii6	ii		6			m	False	False	(-1, 3, 2)	()	2	-1	major	major	I	I, major	ii		I	I	False	ii6	ii6, major		ii6, major		ii	ii	2		-2	-2	-2	0	-3	C	Eb	Bb	Bb	minor triad	1	True	True	True	True	True	3	3	3	6	True	False	False
480	12	40.0	60	0	C	0	2.0	2	True	3	4	2	1	1/4	True	-2	14	14	14	14a	4	40	False	False				False	25		ii6	Bb	I		ii6	ii		6			m	False	False	(-1, 3, 2)	()	2	-1	major	major	I	I, major	ii		I	I	False	ii6	ii6, major		ii6, major		ii	ii	2		-2	-2	-2	0	-3	C	Eb	Bb	Bb	minor triad	1	True	True	True	True	True	2	2	2	2	True	True	False
480	18	40.0	75	-3	E	-1	2.0	2	True	3	4	1	1	3/8	True	-2	14	14	14	14a	5	40	False	False				False	25		ii6	Bb	I		ii6	ii		6			m	False	False	(-1, 3, 2)	()	2	-1	major	major	I	I, major	ii		I	I	False	ii6	ii6, major		ii6, major		ii	ii	2		-2	-2	-2	0	-3	C	Eb	Bb	Bb	minor triad	1	True	True	True	True	True	-1	-1	-1	4	True	False	True
492	12	41.0	51	-3	E	-1	3.0	3	True	3	4	2	1	1/4	True	-2	14	14	14	14a	3	41	False	True				False	26		ii%65	Bb	I		ii%65	ii	%	65			%7	False	False	(-1, -4, 0, 2)	()	2	-1	major	major	I	I, major	ii		I	I	False	ii%65	ii%65, major		ii%65, major		ii	ii%7	2		-2	-2	-2	0	-3	C	Eb	Bb	Bb	half-diminished seventh chord	1	True	True	True	True	True	-1	-1	-1	4	True	False	True
492	12	41.0	54	-6	G	-1	3.0	3	True	3	4	2	1	1/4	True	-2	14	14	14	14a	3	41	False	True				False	26		ii%65	Bb	I		ii%65	ii	%	65			%7	False	False	(-1, -4, 0, 2)	()	2	-1	major	major	I	I, major	ii		I	I	False	ii%65	ii%65, major		ii%65, major		ii	ii%7	2		-2	-2	-2	0	-3	C	Eb	Bb	Bb	half-diminished seventh chord	1	True	True	True	True	True	-4	-4	-4	b6	True	False	False
492	12	41.0	60	0	C	0	3.0	3	True	3	4	2	1	1/4	True	-2	14	14	14	14a	4	41	False	True				False	26		ii%65	Bb	I		ii%65	ii	%	65			%7	False	False	(-1, -4, 0, 2)	()	2	-1	major	major	I	I, major	ii		I	I	False	ii%65	ii%65, major		ii%65, major		ii	ii%7	2		-2	-2	-2	0	-3	C	Eb	Bb	Bb	half-diminished seventh chord	1	True	True	True	True	True	2	2	2	2	True	True	False
498	6	41.5	70	-2	B	-1	3.5	0	False	3	4	1	1	1/8	True	-2	14	14	14	14a	4	83/2	False	False				False	26		ii%65	Bb	I		ii%65	ii	%	65			%7	False	False	(-1, -4, 0, 2)	()	2	-1	major	major	I	I, major	ii		I	I	False	ii%65	ii%65, major		ii%65, major		ii	ii%7	2		-2	-2	-2	0	-3	C	Eb	Bb	Bb	half-diminished seventh chord	1	True	True	True	True	True	0	0	0	1	True	False	False
504	12	42.0	41	-1	F	0	1.0	1	True	3	4	2	1	1/4	True	-2	15	15	15	15a	2	42	False	True				False	27		V7	Bb	I		V7	V		7			Mm7	False	False	(1, 5, 2, -1)	()	1	1	major	major	I	I, major	V		I	I	False	V7	V7, major		V7, major		V	V7	5		-2	-2	-2	-1	-1	F	F	Bb	Bb	dominant seventh chord	7	True	True	True	True	True	1	1	1	5	True	True	True
504	6	42.0	69	3	A	0	1.0	1	True	3	4	1	1	1/8	True	-2	15	15	15	15a	4	42	False	True				False	27		V7	Bb	I		V7	V		7			Mm7	False	False	(1, 5, 2, -1)	()	1	1	major	major	I	I, major	V		I	I	False	V7	V7, major		V7, major		V	V7	5		-2	-2	-2	-1	-1	F	F	Bb	Bb	dominant seventh chord	7	True	True	True	True	True	5	5	5	7	True	False	False
513	3	42.75	79	1	G	0	1.75	0	False	3	4	1	1	1/16	True	-2	15	15	15	15a	5	171/4	False	False				False	27		V7	Bb	I		V7	V		7			Mm7	False	False	(1, 5, 2, -1)	()	1	1	major	major	I	I, major	V		I	I	False	V7	V7, major		V7, major		V	V7	5		-2	-2	-2	-1	-1	F	F	Bb	Bb	dominant seventh chord	7	True	True	True	True	True	3	3	3	6	False	False	False
516	12	43.0	53	-1	F	0	2.0	2	True	3	4	2	1	1/4	True	-2	15	15	15	15a	3	43	False	False				False	27		V7	Bb	I		V7	V		7			Mm7	False	False	(1, 5, 2, -1)	()	1	1	major	major	I	I, major	V		I	I	False	V7	V7, major		V7, major		V	V7	5		-2	-2	-2	-1	-1	F	F	Bb	Bb	dominant seventh chord	7	True	True	True	True	True	1	1	1	5	True	True	True
516	12	43.0	60	0	C	0	2.0	2	True	3	4	2	1	1/4	True	-2	15	15	15	15a	4	43	False	False				False	27		V7	Bb	I		V7	V		7			Mm7	False	False	(1, 5, 2, -1)	()	1	1	major	major	I	I, major	V		I	I	False	V7	V7, major		V7, major		V	V7	5		-2	-2	-2	-1	-1	F	F	Bb	Bb	dominant seventh chord	7	True	True	True	True	True	2	2	2	2	True	False	False
516	12	43.0	63	-3	E	-1	2.0	2	True	3	4	2	1	1/4	True	-2	15	15	15	15a	4	43	False	False				False	27		V7	Bb	I		V7	V		7			Mm7	False	False	(1, 5, 2, -1)	()	1	1	major	major	I	I, major	V		I	I	False	V7	V7, major		V7, major		V	V7	5		-2	-2	-2	-1	-1	F	F	Bb	Bb	dominant seventh chord	7	True	True	True	True	True	-1	-1	-1	4	True	False	False
516	6	43.0	77	-1	F	0	2.0	2	True	3	4	1	1	1/8	True	-2	15	15	15	15a	5	43	False	False				False	27		V7	Bb	I		V7	V		7			Mm7	False	False	(1, 5, 2, -1)	()	1	1	major	major	I	I, major	V		I	I	False	V7	V7, major		V7, major		V	V7	5		-2	-2	-2	-1	-1	F	F	Bb	Bb	dominant seventh chord	7	True	True	True	True	True	1	1	1	5	True	True	True
522	6	43.5	74	2	D	0	2.5	0	False	3	4	1	1	1/8	True	-2	15	15	15	15a	5	87/2	False	False				False	27		V7	Bb	I		V7	V		7			Mm7	False	False	(1, 5, 2, -1)	()	1	1	major	major	I	I, major	V		I	I	False	V7	V7, major		V7, major		V	V7	5		-2	-2	-2	-1	-1	F	F	Bb	Bb	dominant seventh chord	7	True	True	True	True	True	4	4	4	3	False	False	False
528	12	44.0	53	-1	F	0	3.0	3	True	3	4	2	1	1/4	True	-2	15	15	15	15a	3	44	False	False				False	27		V7	Bb	I		V7	V		7			Mm7	False	False	(1, 5, 2, -1)	()	1	1	major	major	I	I, major	V		I	I	False	V7	V7, major		V7, major		V	V7	5		-2	-2	-2	-1	-1	F	F	Bb	Bb	dominant seventh chord	7	True	True	True	True	True	1	1	1	5	True	True	True
528	12	44.0	60	0	C	0	3.0	3	True	3	4	2	1	1/4	True	-2	15	15	15	15a	4	44	False	False				False	27		V7	Bb	I		V7	V		7			Mm7	False	False	(1, 5, 2, -1)	()	1	1	major	major	I	I, major	V		I	I	False	V7	V7, major		V7, major		V	V7	5		-2	-2	-2	-1	-1	F	F	Bb	Bb	dominant seventh chord	7	True	True	True	True	True	2	2	2	2	True	False	False
528	12	44.0	63	-3	E	-1	3.0	3	True	3	4	2	1	1/4	True	-2	15	15	15	15a	4	44	False	False				False	27		V7	Bb	I		V7	V		7			Mm7	False	False	(1, 5, 2, -1)	()	1	1	major	major	I	I, major	V		I	I	False	V7	V7, major		V7, major		V	V7	5		-2	-2	-2	-1	-1	F	F	Bb	Bb	dominant seventh chord	7	True	True	True	True	True	-1	-1	-1	4	True	False	False
528	6	44.0	75	-3	E	-1	3.0	3	True	3	4	1	1	1/8	True	-2	15	15	15	15a	5	44	False	False				False	27		V7	Bb	I		V7	V		7			Mm7	False	False	(1, 5, 2, -1)	()	1	1	major	major	I	I, major	V		I	I	False	V7	V7, major		V7, major		V	V7	5		-2	-2	-2	-1	-1	F	F	Bb	Bb	dominant seventh chord	7	True	True	True	True	True	-1	-1	-1	4	True	False	False
534	6	44.5	69	3	A	0	3.5	0	False	3	4	1	1	1/8	True	-2	15	15	15	15a	4	89/2	False	False				False	27		V7	Bb	I		V7	V		7			Mm7	False	False	(1, 5, 2, -1)	()	1	1	major	major	I	I, major	V		I	I	False	V7	V7, major		V7, major		V	V7	5		-2	-2	-2	-1	-1	F	F	Bb	Bb	dominant seventh chord	7	True	True	True	True	True	5	5	5	7	True	False	False
540	12	45.0	46	-2	B	-1	1.0	1	True	3	4	2	1	1/4	True	-2	16	16	16	16a	2	45	False	True	PAC	PAC	}	True	28	1	I|PAC}	Bb	I		I	I					M	False	False	(0, 4, 1)	()	0	0	major	major	I	I, major	I		I	I	False	I	I, major		I, major		I	I	1		-2	-2	-2	-2	-2	Bb	Bb	Bb	Bb	major triad	0	True	True	True	True	True	0	0	0	1	True	True	True
540	4	45.0	70	-2	B	-1	1.0	1	True	3	4	1	1	1/12	True	-2	16	16	16	16a	4	45	False	True	PAC	PAC	}	True	28	1	I|PAC}	Bb	I		I	I					M	False	False	(0, 4, 1)	()	0	0	major	major	I	I, major	I		I	I	False	I	I, major		I, major		I	I	1		-2	-2	-2	-2	-2	Bb	Bb	Bb	Bb	major triad	0	True	True	True	True	True	0	0	0	1	True	True	True
544	4	45.333	70	-2	B	-1	1.333	0	False	3	4	1	1	1/12	True	-2	16	16	16	16a	4	136/3	False	False				False	28	1	I|PAC}	Bb	I		I	I					M	False	False	(0, 4, 1)	()	0	0	major	major	I	I, major	I		I	I	False	I	I, major		I, major		I	I	1		-2	-2	-2	-2	-2	Bb	Bb	Bb	Bb	major triad	0	True	True	True	True	True	0	0	0	1	True	True	True
548	4	45.667	70	-2	B	-1	1.667	0	False	3	4	1	1	1/12	True	-2	16	16	16	16a	4	137/3	False	False				False	28	1	I|PAC}	Bb	I		I	I					M	False	False	(0, 4, 1)	()	0	0	major	major	I	I, major	I		I	I	False	I	I, major		I, major		I	I	1		-2	-2	-2	-2	-2	Bb	Bb	Bb	Bb	major triad	0	True	True	True	True	True	0	0	0	1	True	True	True
552	12	46.0	53	-1	F	0	2.0	2	True	3	4	2	1	1/4	True	-2	16	16	16	16a	3	46	False	False				False	28	1	I|PAC}	Bb	I		I	I					M	False	False	(0, 4, 1)	()	0	0	major	major	I	I, major	I		I	I	False	I	I, major		I, major		I	I	1		-2	-2	-2	-2	-2	Bb	Bb	Bb	Bb	major triad	0	True	True	True	True	True	1	1	1	5	True	False	False
552	12	46.0	58	-2	B	-1	2.0	2	True	3	4	2	1	1/4	True	-2	16	16	16	16a	3	46	False	False				False	28	1	I|PAC}	Bb	I		I	I					M	False	False	(0, 4, 1)	()	0	0	major	major	I	I, major	I		I	I	False	I	I, major		I, major		I	I	1		-2	-2	-2	-2	-2	Bb	Bb	Bb	Bb	major triad	0	True	True	True	True	True	0	0	0	1	True	True	True
552	12	46.0	62	2	D	0	2.0	2	True	3	4	2	1	1/4	True	-2	16	16	16	16a	4	46	False	False				False	28	1	I|PAC}	Bb	I		I	I					M	False	False	(0, 4, 1)	()	0	0	major	major	I	I, major	I		I	I	False	I	I, major		I, major		I	I	1		-2	-2	-2	-2	-2	Bb	Bb	Bb	Bb	major triad	0	True	True	True	True	True	4	4	4	3	True	False	False
552	6	46.0	82	-2	B	-1	2.0	2	True	3	4	1	1	1/8	True	-2	16	16	16	16a	5	46	False	False				False	28	1	I|PAC}	Bb	I		I	I					M	False	False	(0, 4, 1)	()	0	0	major	major	I	I, major	I		I	I	False	I	I, major		I, major		I	I	1		-2	-2	-2	-2	-2	Bb	Bb	Bb	Bb	major triad	0	True	True	True	True	True	0	0	0	1	True	True	True
564	12	47.0	67	1	G	0	3.0	3	True	3	4	1	1	1/4	True	-2	16	16	16	16a	4	47	False	False				False	28	1	I|PAC}	Bb	I		I	I					M	False	False	(0, 4, 1)	()	0	0	major	major	I	I, major	I		I	I	False	I	I, major		I, major		I	I	1		-2	-2	-2	-2	-2	Bb	Bb	Bb	Bb	major triad	0	True	True	True	True	True	3	3	3	6	False	False	False
576	12	48.0	46	-2	B	-1	1.0	1	True	3	4	2	1	1/4	True	-2	9	17	9	9b	2	48	True	False			{	False	29		I{	Bb	I		I	I					M	False	False	(0, 4, 1)	()	0	0	major	major	I	I, major	I		I	I	False	I	I, major		I, major		I	I	1		-2	-2	-2	-2	-2	Bb	Bb	Bb	Bb	major triad	0	True	True	True	True	True	0	0	0	1	True	True	True
576	4	48.0	65	-1	F	0	1.0	1	True	3	4	1	1	1/12	True	-2	9	17	9	9b	4	48	True	False			{	False	29		I{	Bb	I		I	I					M	False	False	(0, 4, 1)	()	0	0	major	major	I	I, major	I		I	I	False	I	I, major		I, major		I	I	1		-2	-2	-2	-2	-2	Bb	Bb	Bb	Bb	major triad	0	True	True	True	True	True	1	1	1	5	True	False	False
580	4	48.333	67	1	G	0	1.333	0	False	3	4	1	1	1/12	True	-2	9	17	9	9b	4	145/3	False	False				False	29		I{	Bb	I		I	I					M	False	False	(0, 4, 1)	()	0	0	major	major	I	I, major	I		I	I	False	I	I, major		I, major		I	I	1		-2	-2	-2	-2	-2	Bb	Bb	Bb	Bb	major triad	0	True	True	True	True	True	3	3	3	6	False	False	False
584	4	48.667	69	3	A	0	1.667	0	False	3	4	1	1	1/12	True	-2	9	17	9	9b	4	146/3	False	False				False	29		I{	Bb	I		I	I					M	False	False	(0, 4, 1)	()	0	0	major	major	I	I, major	I		I	I	False	I	I, major		I, major		I	I	1		-2	-2	-2	-2	-2	Bb	Bb	Bb	Bb	major triad	0	True	True	True	True	True	5	5	5	7	False	False	False
588	12	49.0	53	-1	F	0	2.0	2	True	3	4	2	1	1/4	True	-2	9	17	9	9b	3	49	False	False				False	29		I{	Bb	I		I	I					M	False	False	(0, 4, 1)	()	0	0	major	major	I	I, major	I		I	I	False	I	I, major		I, major		I	I	1		-2	-2	-2	-2	-2	Bb	Bb	Bb	Bb	major triad	0	True	True	True	True	True	1	1	1	5	True	False	False
588	12	49.0	58	-2	B	-1	2.0	2	True	3	4	2	1	1/4	True	-2	9	17	9	9b	3	49	False	False				False	29		I{	Bb	I		I	I					M	False	False	(0, 4, 1)	()	0	0	major	major	I	I, major	I		I	I	False	I	I, major		I, major		I	I	1		-2	-2	-2	-2	-2	Bb	Bb	Bb	Bb	major triad	0	True	True	True	True	True	0	0	0	1	True	True	True
588	12	49.0	62	2	D	0	2.0	2	True	3	4	2	1	1/4	True	-2	9	17	9	9b	4	49	False	False				False	29		I{	Bb	I		I	I					M	False	False	(0, 4, 1)	()	0	0	major	major	I	I, major	I		I	I	False	I	I, major		I, major		I	I	1		-2	-2	-2	-2	-2	Bb	Bb	Bb	Bb	major triad	0	True	True	True	True	True	4	4	4	3	True	False	False
588	12	49.0	70	-2	B	-1	2.0	2	True	3	4	1	1	1/4	True	-2	9	17	9	9b	4	49	False	False				False	29		I{	Bb	I		I	I					M	False	False	(0, 4, 1)	()	0	0	major	major	I	I, major	I		I	I	False	I	I, major		I, major		I	I	1		-2	-2	-2	-2	-2	Bb	Bb	Bb	Bb	major triad	0	True	True	True	True	True	0	0	0	1	True	True	True
600	12	50.0	53	-1	F	0	3.0	3	True	3	4	2	1	1/4	True	-2	9	17	9	9b	3	50	False	True				False	30		#viio43/ii	Bb	I		#viio43/ii	#vii	o	43		ii	o7	False	False	(1, -2, 7, 4)	()	7	1	major	major	I	I, major	#vii/ii	ii	ii/I	ii	True	#viio43/ii	#viio43/ii, major		#viio43/ii, major	ii	ii	viio7	#7	2	-2	-2	0	5	-1	B	F	Bb	C	diminished seventh chord	2	True	True	True	True	True	1	1	-1	5	True	False	True
600	12	50.0	56	-4	A	-1	3.0	3	True	3	4	2	1	1/4	True	-2	9	17	9	9b	3	50	False	True				False	30		#viio43/ii	Bb	I		#viio43/ii	#vii	o	43		ii	o7	False	False	(1, -2, 7, 4)	()	7	1	major	major	I	I, major	#vii/ii	ii	ii/I	ii	True	#viio43/ii	#viio43/ii, major		#viio43/ii, major	ii	ii	viio7	#7	2	-2	-2	0	5	-1	B	F	Bb	C	diminished seventh chord	2	True	True	True	True	True	-2	-2	-4	b7	True	False	False
600	12	50.0	62	2	D	0	3.0	3	True	3	4	2	1	1/4	True	-2	9	17	9	9b	4	50	False	True				False	30		#viio43/ii	Bb	I		#viio43/ii	#vii	o	43		ii	o7	False	False	(1, -2, 7, 4)	()	7	1	major	major	I	I, major	#vii/ii	ii	ii/I	ii	True	#viio43/ii	#viio43/ii, major		#viio43/ii, major	ii	ii	viio7	#7	2	-2	-2	0	5	-1	B	F	Bb	C	diminished seventh chord	2	True	True	True	True	True	4	4	2	3	True	False	False
600	12	50.0	71	5	B	0	3.0	3	True	3	4	1	1	1/4	True	-2	9	17	9	9b	4	50	False	True				False	30		#viio43/ii	Bb	I		#viio43/ii	#vii	o	43		ii	o7	False	False	(1, -2, 7, 4)	()	7	1	major	major	I	I, major	#vii/ii	ii	ii/I	ii	True	#viio43/ii	#viio43/ii, major		#viio43/ii, major	ii	ii	viio7	#7	2	-2	-2	0	5	-1	B	F	Bb	C	diminished seventh chord	2	True	True	True	True	True	7	7	5	#1	True	True	False
612	12	51.0	39	-3	E	-1	1.0	1	True	3	4	2	1	1/4	True	-2	10	18	10	10b	2	51	False	True				False	31		ii6	Bb	I		ii6	ii		6			m	False	False	(-1, 3, 2)	()	2	-1	major	major	I	I, major	ii		I	I	False	ii6	ii6, major		ii6, major		ii	ii	2		-2	-2	-2	0	-3	C	Eb	Bb	Bb	minor triad	1	True	True	True	True	True	-1	-1	-1	4	True	False	True
612	6	51.0	72	0	C	0	1.0	1	True	3	4	1	1	1/8	True	-2	10	18	10	10b	5	51	False	True				False	31		ii6	Bb	I		ii6	ii		6			m	False	False	(-1, 3, 2)	()	2	-1	major	major	I	I, major	ii		I	I	False	ii6	ii6, major		ii6, major		ii	ii	2		-2	-2	-2	0	-3	C	Eb	Bb	Bb	minor triad	1	True	True	True	True	True	2	2	2	2	True	True	False
618	6	51.5	74	2	D	0	1.5	0	False	3	4	1	1	1/8	True	-2	10	18	10	10b	5	103/2	False	False				False	31		ii6	Bb	I		ii6	ii		6			m	False	False	(-1, 3, 2)	()	2	-1	major	major	I	I, major	ii		I	I	False	ii6	ii6, major		ii6, major		ii	ii	2		-2	-2	-2	0	-3	C	Eb	Bb	Bb	minor triad	1	True	True	True	True	True	4	4	4	3	False	False	False
624	12	52.0	51	-3	E	-1	2.0	2	True	3	4	2	1	1/4	True	-2	10	18	10	10b	3	52	False	False				False	31		ii6	Bb	I		ii6	ii		6			m	False	False	(-1, 3, 2)	()	2	-1	major	major	I	I, major	ii		I	I	False	ii6	ii6, major		ii6, major		ii	ii	2		-2	-2	-2	0	-3	C	Eb	Bb	Bb	minor triad	1	True	True	True	True	True	-1	-1	-1	4	True	False	True
624	12	52.0	55	1	G	0	2.0	2	True	3	4	2	1	1/4	True	-2	10	18	10	10b	3	52	False	False				False	31		ii6	Bb	I		ii6	ii		6			m	False	False	(-1, 3, 2)	()	2	-1	major	major	I	I, major	ii		I	I	False	ii6	ii6, major		ii6, major		ii	ii	2		-2	-2	-2	0	-3	C	Eb	Bb	Bb	minor triad	1	True	True	True	True	True	3	3	3	6	True	False	False
624	12	52.0	60	0	C	0	2.0	2	True	3	4	2	1	1/4	True	-2	10	18	10	10b	4	52	False	False				False	31		ii6	Bb	I		ii6	ii		6			m	False	False	(-1, 3, 2)	()	2	-1	major	major	I	I, major	ii		I	I	False	ii6	ii6, major		ii6, major		ii	ii	2		-2	-2	-2	0	-3	C	Eb	Bb	Bb	minor triad	1	True	True	True	True	True	2	2	2	2	True	True	False
624	18	52.0	75	-3	E	-1	2.0	2	True	3	4	1	1	3/8	True	-2	10	18	10	10b	5	52	False	False				False	31		ii6	Bb	I		ii6	ii		6			m	False	False	(-1, 3, 2)	()	2	-1	major	major	I	I, major	ii		I	I	False	ii6	ii6, major		ii6, major		ii	ii	2		-2	-2	-2	0	-3	C	Eb	Bb	Bb	minor triad	1	True	True	True	True	True	-1	-1	-1	4	True	False	True
636	12	53.0	51	-3	E	-1	3.0	3	True	3	4	2	1	1/4	True	-2	10	18	10	10b	3	53	False	True				False	32		ii%65	Bb	I		ii%65	ii	%	65			%7	False	False	(-1, -4, 0, 2)	()	2	-1	major	major	I	I, major	ii		I	I	False	ii%65	ii%65, major		ii%65, major		ii	ii%7	2		-2	-2	-2	0	-3	C	Eb	Bb	Bb	half-diminished seventh chord	1	True	True	True	True	True	-1	-1	-1	4	True	False	True
636	12	53.0	54	-6	G	-1	3.0	3	True	3	4	2	1	1/4	True	-2	10	18	10	10b	3	53	False	True				False	32		ii%65	Bb	I		ii%65	ii	%	65			%7	False	False	(-1, -4, 0, 2)	()	2	-1	major	major	I	I, major	ii		I	I	False	ii%65	ii%65, major		ii%65, major		ii	ii%7	2		-2	-2	-2	0	-3	C	Eb	Bb	Bb	half-diminished seventh chord	1	True	True	True	True	True	-4	-4	-4	b6	True	False	False
636	12	53.0	60	0	C	0	3.0	3	True	3	4	2	1	1/4	True	-2	10	18	10	10b	4	53	False	True				False	32		ii%65	Bb	I		ii%65	ii	%	65			%7	False	False	(-1, -4, 0, 2)	()	2	-1	major	major	I	I, major	ii		I	I	False	ii%65	ii%65, major		ii%65, major		ii	ii%7	2		-2	-2	-2	0	-3	C	Eb	Bb	Bb	half-diminished seventh chord	1	True	True	True	True	True	2	2	2	2	True	True	False
642	6	53.5	70	-2	B	-1	3.5	0	False	3	4	1	1	1/8	True	-2	10	18	10	10b	4	107/2	False	False				False	32		ii%65	Bb	I		ii%65	ii	%	65			%7	False	False	(-1, -4, 0, 2)	()	2	-1	major	major	I	I, major	ii		I	I	False	ii%65	ii%65, major		ii%65, major		ii	ii%7	2		-2	-2	-2	0	-3	C	Eb	Bb	Bb	half-diminished seventh chord	1	True	True	True	True	True	0	0	0	1	True	False	False
648	12	54.0	41	-1	F	0	1.0	1	True	3	4	2	1	1/4	True	-2	11	19	11	11b	2	54	False	True				False	33		V7	Bb	I		V7	V		7			Mm7	False	False	(1, 5, 2, -1)	()	1	1	major	major	I	I, major	V		I	I	False	V7	V7, major		V7, major		V	V7	5		-2	-2	-2	-1	-1	F	F	Bb	Bb	dominant seventh chord	7	True	True	True	True	True	1	1	1	5	True	True	True
648	6	54.0	69	3	A	0	1.0	1	True	3	4	1	1	1/8	True	-2	11	19	11	11b	4	54	False	True				False	33		V7	Bb	I		V7	V		7			Mm7	False	False	(1, 5, 2, -1)	()	1	1	major	major	I	I, major	V		I	I	False	V7	V7, major		V7, major		V	V7	5		-2	-2	-2	-1	-1	F	F	Bb	Bb	dominant seventh chord	7	True	True	True	True	True	5	5	5	7	True	False	False
657	3	54.75	79	1	G	0	1.75	0	False	3	4	1	1	1/16	True	-2	11	19	11	11b	5	219/4	False	False				False	33		V7	Bb	I		V7	V		7			Mm7	False	False	(1, 5, 2, -1)	()	1	1	major	major	I	I, major	V		I	I	False	V7	V7, major		V7, major		V	V7	5		-2	-2	-2	-1	-1	F	F	Bb	Bb	dominant seventh chord	7	True	True	True	True	True	3	3	3	6	False	False	False
660	12	55.0	53	-1	F	0	2.0	2	True	3	4	2	1	1/4	True	-2	11	19	11	11b	3	55	False	False				False	33		V7	Bb	I		V7	V		7			Mm7	False	False	(1, 5, 2, -1)	()	1	1	major	major	I	I, major	V		I	I	False	V7	V7, major		V7, major		V	V7	5		-2	-2	-2	-1	-1	F	F	Bb	Bb	dominant seventh chord	7	True	True	True	True	True	1	1	1	5	True	True	True
660	12	55.0	60	0	C	0	2.0	2	True	3	4	2	1	1/4	True	-2	11	19	11	11b	4	55	False	False				False	33		V7	Bb	I		V7	V		7			Mm7	False	False	(1, 5, 2, -1)	()	1	1	major	major	I	I, major	V		I	I	False	V7	V7, major		V7, major		V	V7	5		-2	-2	-2	-1	-1	F	F	Bb	Bb	dominant seventh chord	7	True	True	True	True	True	2	2	2	2	True	False	False
660	12	55.0	63	-3	E	-1	2.0	2	True	3	4	2	1	1/4	True	-2	11	19	11	11b	4	55	False	False				False	33		V7	Bb	I		V7	V		7			Mm7	False	False	(1, 5, 2, -1)	()	1	1	major	major	I	I, major	V		I	I	False	V7	V7, major		V7, major		V	V7	5		-2	-2	-2	-1	-1	F	F	Bb	Bb	dominant seventh chord	7	True	True	True	True	True	-1	-1	-1	4	True	False	False
660	6	55.0	77	-1	F	0	2.0	2	True	3	4	1	1	1/8	True	-2	11	19	11	11b	5	55	False	False				False	33		V7	Bb	I		V7	V		7			Mm7	False	False	(1, 5, 2, -1)	()	1	1	major	major	I	I, major	V		I	I	False	V7	V7, major		V7, major		V	V7	5		-2	-2	-2	-1	-1	F	F	Bb	Bb	dominant seventh chord	7	True	True	True	True	True	1	1	1	5	True	True	True
666	6	55.5	74	2	D	0	2.5	0	False	3	4	1	1	1/8	True	-2	11	19	11	11b	5	111/2	False	False				False	33		V7	Bb	I		V7	V		7			Mm7	False	False	(1, 5, 2, -1)	()	1	1	major	major	I	I, major	V		I	I	False	V7	V7, major		V7, major		V	V7	5		-2	-2	-2	-1	-1	F	F	Bb	Bb	dominant seventh chord	7	True	True	True	True	True	4	4	4	3	False	False	False
672	12	56.0	53	-1	F	0	3.0	3	True	3	4	2	1	1/4	True	-2	11	19	11	11b	3	56	False	False				False	33		V7	Bb	I		V7	V		7			Mm7	False	False	(1, 5, 2, -1)	()	1	1	major	major	I	I, major	V		I	I	False	V7	V7, major		V7, major		V	V7	5		-2	-2	-2	-1	-1	F	F	Bb	Bb	dominant seventh chord	7	True	True	True	True	True	1	1	1	5	True	True	True
672	12	56.0	60	0	C	0	3.0	3	True	3	4	2	1	1/4	True	-2	11	19	11	11b	4	56	False	False				False	33		V7	Bb	I		V7	V		7			Mm7	False	False	(1, 5, 2, -1)	()	1	1	major	major	I	I, major	V		I	I	False	V7	V7, major		V7, major		V	V7	5		-2	-2	-2	-1	-1	F	F	Bb	Bb	dominant seventh chord	7	True	True	True	True	True	2	2	2	2	True	False	False
672	12	56.0	63	-3	E	-1	3.0	3	True	3	4	2	1	1/4	True	-2	11	19	11	11b	4	56	False	False				False	33		V7	Bb	I		V7	V		7			Mm7	False	False	(1, 5, 2, -1)	()	1	1	major	major	I	I, major	V		I	I	False	V7	V7, major		V7, major		V	V7	5		-2	-2	-2	-1	-1	F	F	Bb	Bb	dominant seventh chord	7	True	True	True	True	True	-1	-1	-1	4	True	False	False
672	6	56.0	75	-3	E	-1	3.0	3	True	3	4	1	1	1/8	True	-2	11	19	11	11b	5	56	False	False				False	33		V7	Bb	I		V7	V		7			Mm7	False	False	(1, 5, 2, -1)	()	1	1	major	major	I	I, major	V		I	I	False	V7	V7, major		V7, major		V	V7	5		-2	-2	-2	-1	-1	F	F	Bb	Bb	dominant seventh chord	7	True	True	True	True	True	-1	-1	-1	4	True	False	False
678	6	56.5	69	3	A	0	3.5	0	False	3	4	1	1	1/8	True	-2	11	19	11	11b	4	113/2	False	False				False	33		V7	Bb	I		V7	V		7			Mm7	False	False	(1, 5, 2, -1)	()	1	1	major	major	I	I, major	V		I	I	False	V7	V7, major		V7, major		V	V7	5		-2	-2	-2	-1	-1	F	F	Bb	Bb	dominant seventh chord	7	True	True	True	True	True	5	5	5	7	True	False	False
684	12	57.0	46	-2	B	-1	1.0	1	True	3	4	2	1	1/4	True	-2	12	20	12	12b	2	57	False	True				False	34		I	Bb	I		I	I					M	False	False	(0, 4, 1)	()	0	0	major	major	I	I, major	I		I	I	False	I	I, major		I, major		I	I	1		-2	-2	-2	-2	-2	Bb	Bb	Bb	Bb	major triad	0	True	True	True	True	True	0	0	0	1	True	True	True
684	4	57.0	70	-2	B	-1	1.0	1	True	3	4	1	1	1/12	True	-2	12	20	12	12b	4	57	False	True				False	34		I	Bb	I		I	I					M	False	False	(0, 4, 1)	()	0	0	major	major	I	I, major	I		I	I	False	I	I, major		I, major		I	I	1		-2	-2	-2	-2	-2	Bb	Bb	Bb	Bb	major triad	0	True	True	True	True	True	0	0	0	1	True	True	True
688	4	57.333	72	0	C	0	1.333	0	False	3	4	1	1	1/12	True	-2	12	20	12	12b	5	172/3	False	False				False	34		I	Bb	I		I	I					M	False	False	(0, 4, 1)	()	0	0	major	major	I	I, major	I		I	I	False	I	I, major		I, major		I	I	1		-2	-2	-2	-2	-2	Bb	Bb	Bb	Bb	major triad	0	True	True	True	True	True	2	2	2	2	False	False	False
692	4	57.667	74	2	D	0	1.667	0	False	3	4	1	1	1/12	True	-2	12	20	12	12b	5	173/3	False	False				False	34		I	Bb	I		I	I					M	False	False	(0, 4, 1)	()	0	0	major	major	I	I, major	I		I	I	False	I	I, major		I, major		I	I	1		-2	-2	-2	-2	-2	Bb	Bb	Bb	Bb	major triad	0	True	True	True	True	True	4	4	4	3	True	False	False
696	12	58.0	53	-1	F	0	2.0	2	True	3	4	2	1	1/4	True	-2	12	20	12	12b	3	58	False	True				False	35		V7	Bb	I		V7	V		7			Mm7	False	False	(1, 5, 2, -1)	()	1	1	major	major	I	I, major	V		I	I	False	V7	V7, major		V7, major		V	V7	5		-2	-2	-2	-1	-1	F	F	Bb	Bb	dominant seventh chord	7	True	True	True	True	True	1	1	1	5	True	True	True
696	12	58.0	60	0	C	0	2.0	2	True	3	4	2	1	1/4	True	-2	12	20	12	12b	4	58	False	True				False	35		V7	Bb	I		V7	V		7			Mm7	False	False	(1, 5, 2, -1)	()	1	1	major	major	I	I, major	V		I	I	False	V7	V7, major		V7, major		V	V7	5		-2	-2	-2	-1	-1	F	F	Bb	Bb	dominant seventh chord	7	True	True	True	True	True	2	2	2	2	True	False	False
696	12	58.0	63	-3	E	-1	2.0	2	True	3	4	2	1	1/4	True	-2	12	20	12	12b	4	58	False	True				False	35		V7	Bb	I		V7	V		7			Mm7	False	False	(1, 5, 2, -1)	()	1	1	major	major	I	I, major	V		I	I	False	V7	V7, major		V7, major		V	V7	5		-2	-2	-2	-1	-1	F	F	Bb	Bb	dominant seventh chord	7	True	True	True	True	True	-1	-1	-1	4	True	False	False
696	18	58.0	72	0	C	0	2.0	2	True	3	4	1	1	3/8	True	-2	12	20	12	12b	5	58	False	True				False	35		V7	Bb	I		V7	V		7			Mm7	False	False	(1, 5, 2, -1)	()	1	1	major	major	I	I, major	V		I	I	False	V7	V7, major		V7, major		V	V7	5		-2	-2	-2	-1	-1	F	F	Bb	Bb	dominant seventh chord	7	True	True	True	True	True	2	2	2	2	True	False	False
708	12	59.0	53	-1	F	0	3.0	3	True	3	4	2	1	1/4	True	-2	12	20	12	12b	3	59	False	False				False	35		V7	Bb	I		V7	V		7			Mm7	False	False	(1, 5, 2, -1)	()	1	1	major	major	I	I, major	V		I	I	False	V7	V7, major		V7, major		V	V7	5		-2	-2	-2	-1	-1	F	F	Bb	Bb	dominant seventh chord	7	True	True	True	True	True	1	1	1	5	True	True	True
708	12	59.0	60	0	C	0	3.0	3	True	3	4	2	1	1/4	True	-2	12	20	12	12b	4	59	False	False				False	35		V7	Bb	I		V7	V		7			Mm7	False	False	(1, 5, 2, -1)	()	1	1	major	major	I	I, major	V		I	I	False	V7	V7, major		V7, major		V	V7	5		-2	-2	-2	-1	-1	F	F	Bb	Bb	dominant seventh chord	7	True	True	True	True	True	2	2	2	2	True	False	False
708	12	59.0	63	-3	E	-1	3.0	3	True	3	4	2	1	1/4	True	-2	12	20	12	12b	4	59	False	False				False	35		V7	Bb	I		V7	V		7			Mm7	False	False	(1, 5, 2, -1)	()	1	1	major	major	I	I, major	V		I	I	False	V7	V7, major		V7, major		V	V7	5		-2	-2	-2	-1	-1	F	F	Bb	Bb	dominant seventh chord	7	True	True	True	True	True	-1	-1	-1	4	True	False	False
714	6	59.5	67	1	G	0	3.5	0	False	3	4	1	1	1/8	True	-2	12	20	12	12b	4	119/2	False	False				False	35		V7	Bb	I		V7	V		7			Mm7	False	False	(1, 5, 2, -1)	()	1	1	major	major	I	I, major	V		I	I	False	V7	V7, major		V7, major		V	V7	5		-2	-2	-2	-1	-1	F	F	Bb	Bb	dominant seventh chord	7	True	True	True	True	True	3	3	3	6	False	False	False
720	12	60.0	46	-2	B	-1	1.0	1	True	3	4	2	1	1/4	True	-2	13	21	13	13b	2	60	False	True				False	36		I	Bb	I		I	I					M	False	False	(0, 4, 1)	()	0	0	major	major	I	I, major	I		I	I	False	I	I, major		I, major		I	I	1		-2	-2	-2	-2	-2	Bb	Bb	Bb	Bb	major triad	0	True	True	True	True	True	0	0	0	1	True	True	True
720	4	60.0	65	-1	F	0	1.0	1	True	3	4	1	1	1/12	True	-2	13	21	13	13b	4	60	False	True				False	36		I	Bb	I		I	I					M	False	False	(0, 4, 1)	()	0	0	major	major	I	I, major	I		I	I	False	I	I, major		I, major		I	I	1		-2	-2	-2	-2	-2	Bb	Bb	Bb	Bb	major triad	0	True	True	True	True	True	1	1	1	5	True	False	False
724	4	60.333	67	1	G	0	1.333	0	False	3	4	1	1	1/12	True	-2	13	21	13	13b	4	181/3	False	False				False	36		I	Bb	I		I	I					M	False	False	(0, 4, 1)	()	0	0	major	major	I	I, major	I		I	I	False	I	I, major		I, major		I	I	1		-2	-2	-2	-2	-2	Bb	Bb	Bb	Bb	major triad	0	True	True	True	True	True	3	3	3	6	False	False	False
728	4	60.667	69	3	A	0	1.667	0	False	3	4	1	1	1/12	True	-2	13	21	13	13b	4	182/3	False	False				False	36		I	Bb	I		I	I					M	False	False	(0, 4, 1)	()	0	0	major	major	I	I, major	I		I	I	False	I	I, major		I, major		I	I	1		-2	-2	-2	-2	-2	Bb	Bb	Bb	Bb	major triad	0	True	True	True	True	True	5	5	5	7	False	False	False
732	12	61.0	53	-1	F	0	2.0	2	True	3	4	2	1	1/4	True	-2	13	21	13	13b	3	61	False	False				False	36		I	Bb	I		I	I					M	False	False	(0, 4, 1)	()	0	0	major	major	I	I, major	I		I	I	False	I	I, major		I, major		I	I	1		-2	-2	-2	-2	-2	Bb	Bb	Bb	Bb	major triad	0	True	True	True	True	True	1	1	1	5	True	False	False
732	12	61.0	58	-2	B	-1	2.0	2	True	3	4	2	1	1/4	True	-2	13	21	13	13b	3	61	False	False				False	36		I	Bb	I		I	I					M	False	False	(0, 4, 1)	()	0	0	major	major	I	I, major	I		I	I	False	I	I, major		I, major		I	I	1		-2	-2	-2	-2	-2	Bb	Bb	Bb	Bb	major triad	0	True	True	True	True	True	0	0	0	1	True	True	True
732	12	61.0	62	2	D	0	2.0	2	True	3	4	2	1	1/4	True	-2	13	21	13	13b	4	61	False	False				False	36		I	Bb	I		I	I					M	False	False	(0, 4, 1)	()	0	0	major	major	I	I, major	I		I	I	False	I	I, major		I, major		I	I	1		-2	-2	-2	-2	-2	Bb	Bb	Bb	Bb	major triad	0	True	True	True	True	True	4	4	4	3	True	False	False
732	12	61.0	70	-2	B	-1	2.0	2	True	3	4	1	1	1/4	True	-2	13	21	13	13b	4	61	False	False				False	36		I	Bb	I		I	I					M	False	False	(0, 4, 1)	()	0	0	major	major	I	I, major	I		I	I	False	I	I, major		I, major		I	I	1		-2	-2	-2	-2	-2	Bb	Bb	Bb	Bb	major triad	0	True	True	True	True	True	0	0	0	1	True	True	True
744	12	62.0	53	-1	F	0	3.0	3	True	3	4	2	1	1/4	True	-2	13	21	13	13b	3	62	False	True				False	37		#viio43/ii	Bb	I		#viio43/ii	#vii	o	43		ii	o7	False	False	(1, -2, 7, 4)	()	7	1	major	major	I	I, major	#vii/ii	ii	ii/I	ii	True	#viio43/ii	#viio43/ii, major		#viio43/ii, major	ii	ii	viio7	#7	2	-2	-2	0	5	-1	B	F	Bb	C	diminished seventh chord	2	True	True	True	True	True	1	1	-1	5	True	False	True
744	12	62.0	56	-4	A	-1	3.0	3	True	3	4	2	1	1/4	True	-2	13	21	13	13b	3	62	False	True				False	37		#viio43/ii	Bb	I		#viio43/ii	#vii	o	43		ii	o7	False	False	(1, -2, 7, 4)	()	7	1	major	major	I	I, major	#vii/ii	ii	ii/I	ii	True	#viio43/ii	#viio43/ii, major		#viio43/ii, major	ii	ii	viio7	#7	2	-2	-2	0	5	-1	B	F	Bb	C	diminished seventh chord	2	True	True	True	True	True	-2	-2	-4	b7	True	False	False
744	12	62.0	62	2	D	0	3.0	3	True	3	4	2	1	1/4	True	-2	13	21	13	13b	4	62	False	True				False	37		#viio43/ii	Bb	I		#viio43/ii	#vii	o	43		ii	o7	False	False	(1, -2, 7, 4)	()	7	1	major	major	I	I, major	#vii/ii	ii	ii/I	ii	True	#viio43/ii	#viio43/ii, major		#viio43/ii, major	ii	ii	viio7	#7	2	-2	-2	0	5	-1	B	F	Bb	C	diminished seventh chord	2	True	True	True	True	True	4	4	2	3	True	False	False
744	12	62.0	71	5	B	0	3.0	3	True	3	4	1	1	1/4	True	-2	13	21	13	13b	4	62	False	True				False	37		#viio43/ii	Bb	I		#viio43/ii	#vii	o	43		ii	o7	False	False	(1, -2, 7, 4)	()	7	1	major	major	I	I, major	#vii/ii	ii	ii/I	ii	True	#viio43/ii	#viio43/ii, major		#viio43/ii, major	ii	ii	viio7	#7	2	-2	-2	0	5	-1	B	F	Bb	C	diminished seventh chord	2	True	True	True	True	True	7	7	5	#1	True	True	False
756	12	63.0	39	-3	E	-1	1.0	1	True	3	4	2	1	1/4	True	-2	14	22	14	14b	2	63	False	True				False	38		ii6	Bb	I		ii6	ii		6			m	False	False	(-1, 3, 2)	()	2	-1	major	major	I	I, major	ii		I	I	False	ii6	ii6, major		ii6, major		ii	ii	2		-2	-2	-2	0	-3	C	Eb	Bb	Bb	minor triad	1	True	True	True	True	True	-1	-1	-1	4	True	False	True
756	6	63.0	72	0	C	0	1.0	1	True	3	4	1	1	1/8	True	-2	14	22	14	14b	5	63	False	True				False	38		ii6	Bb	I		ii6	ii		6			m	False	False	(-1, 3, 2)	()	2	-1	major	major	I	I, major	ii		I	I	False	ii6	ii6, major		ii6, major		ii	ii	2		-2	-2	-2	0	-3	C	Eb	Bb	Bb	minor triad	1	True	True	True	True	True	2	2	2	2	True	True	False
762	6	63.5	74	2	D	0	1.5	0	False	3	4	1	1	1/8	True	-2	14	22	14	14b	5	127/2	False	False				False	38		ii6	Bb	I		ii6	ii		6			m	False	False	(-1, 3, 2)	()	2	-1	major	major	I	I, major	ii		I	I	False	ii6	ii6, major		ii6, major		ii	ii	2		-2	-2	-2	0	-3	C	Eb	Bb	Bb	minor triad	1	True	True	True	True	True	4	4	4	3	False	False	False
768	12	64.0	51	-3	E	-1	2.0	2	True	3	4	2	1	1/4	True	-2	14	22	14	14b	3	64	False	False				False	38		ii6	Bb	I		ii6	ii		6			m	False	False	(-1, 3, 2)	()	2	-1	major	major	I	I, major	ii		I	I	False	ii6	ii6, major		ii6, major		ii	ii	2		-2	-2	-2	0	-3	C	Eb	Bb	Bb	minor triad	1	True	True	True	True	True	-1	-1	-1	4	True	False	True
768	12	64.0	55	1	G	0	2.0	2	True	3	4	2	1	1/4	True	-2	14	22	14	14b	3	64	False	False				False	38		ii6	Bb	I		ii6	ii		6			m	False	False	(-1, 3, 2)	()	2	-1	major	major	I	I, major	ii		I	I	False	ii6	ii6, major		ii6, major		ii	ii	2		-2	-2	-2	0	-3	C	Eb	Bb	Bb	minor triad	1	True	True	True	True	True	3	3	3	6	True	False	False
768	12	64.0	60	0	C	0	2.0	2	True	3	4	2	1	1/4	True	-2	14	22	14	14b	4	64	False	False				False	38		ii6	Bb	I		ii6	ii		6			m	False	False	(-1, 3, 2)	()	2	-1	major	major	I	I, major	ii		I	I	False	ii6	ii6, major		ii6, major		ii	ii	2		-2	-2	-2	0	-3	C	Eb	Bb	Bb	minor triad	1	True	True	True	True	True	2	2	2	2	True	True	False
768	18	64.0	75	-3	E	-1	2.0	2	True	3	4	1	1	3/8	True	-2	14	22	14	14b	5	64	False	False				False	38		ii6	Bb	I		ii6	ii		6			m	False	False	(-1, 3, 2)	()	2	-1	major	major	I	I, major	ii		I	I	False	ii6	ii6, major		ii6, major		ii	ii	2		-2	-2	-2	0	-3	C	Eb	Bb	Bb	minor triad	1	True	True	True	True	True	-1	-1	-1	4	True	False	True
780	12	65.0	51	-3	E	-1	3.0	3	True	3	4	2	1	1/4	True	-2	14	22	14	14b	3	65	False	True				False	39		ii%65	Bb	I		ii%65	ii	%	65			%7	False	False	(-1, -4, 0, 2)	()	2	-1	major	major	I	I, major	ii		I	I	False	ii%65	ii%65, major		ii%65, major		ii	ii%7	2		-2	-2	-2	0	-3	C	Eb	Bb	Bb	half-diminished seventh chord	1	True	True	True	True	True	-1	-1	-1	4	True	False	True
780	12	65.0	54	-6	G	-1	3.0	3	True	3	4	2	1	1/4	True	-2	14	22	14	14b	3	65	False	True				False	39		ii%65	Bb	I		ii%65	ii	%	65			%7	False	False	(-1, -4, 0, 2)	()	2	-1	major	major	I	I, major	ii		I	I	False	ii%65	ii%65, major		ii%65, major		ii	ii%7	2		-2	-2	-2	0	-3	C	Eb	Bb	Bb	half-diminished seventh chord	1	True	True	True	True	True	-4	-4	-4	b6	True	False	False
780	12	65.0	60	0	C	0	3.0	3	True	3	4	2	1	1/4	True	-2	14	22	14	14b	4	65	False	True				False	39		ii%65	Bb	I		ii%65	ii	%	65			%7	False	False	(-1, -4, 0, 2)	()	2	-1	major	major	I	I, major	ii		I	I	False	ii%65	ii%65, major		ii%65, major		ii	ii%7	2		-2	-2	-2	0	-3	C	Eb	Bb	Bb	half-diminished seventh chord	1	True	True	True	True	True	2	2	2	2	True	True	False
786	6	65.5	70	-2	B	-1	3.5	0	False	3	4	1	1	1/8	True	-2	14	22	14	14b	4	131/2	False	False				False	39		ii%65	Bb	I		ii%65	ii	%	65			%7	False	False	(-1, -4, 0, 2)	()	2	-1	major	major	I	I, major	ii		I	I	False	ii%65	ii%65, major		ii%65, major		ii	ii%7	2		-2	-2	-2	0	-3	C	Eb	Bb	Bb	half-diminished seventh chord	1	True	True	True	True	True	0	0	0	1	True	False	False
792	12	66.0	41	-1	F	0	1.0	1	True	3	4	2	1	1/4	True	-2	15	23	15	15b	2	66	False	True				False	40		V7	Bb	I		V7	V		7			Mm7	False	False	(1, 5, 2, -1)	()	1	1	major	major	I	I, major	V		I	I	False	V7	V7, major		V7, major		V	V7	5		-2	-2	-2	-1	-1	F	F	Bb	Bb	dominant seventh chord	7	True	True	True	True	True	1	1	1	5	True	True	True
792	6	66.0	69	3	A	0	1.0	1	True	3	4	1	1	1/8	True	-2	15	23	15	15b	4	66	False	True				False	40		V7	Bb	I		V7	V		7			Mm7	False	False	(1, 5, 2, -1)	()	1	1	major	major	I	I, major	V		I	I	False	V7	V7, major		V7, major		V	V7	5		-2	-2	-2	-1	-1	F	F	Bb	Bb	dominant seventh chord	7	True	True	True	True	True	5	5	5	7	True	False	False
801	3	66.75	79	1	G	0	1.75	0	False	3	4	1	1	1/16	True	-2	15	23	15	15b	5	267/4	False	False				False	40		V7	Bb	I		V7	V		7			Mm7	False	False	(1, 5, 2, -1)	()	1	1	major	major	I	I, major	V		I	I	False	V7	V7, major		V7, major		V	V7	5		-2	-2	-2	-1	-1	F	F	Bb	Bb	dominant seventh chord	7	True	True	True	True	True	3	3	3	6	False	False	False
804	12	67.0	53	-1	F	0	2.0	2	True	3	4	2	1	1/4	True	-2	15	23	15	15b	3	67	False	False				False	40		V7	Bb	I		V7	V		7			Mm7	False	False	(1, 5, 2, -1)	()	1	1	major	major	I	I, major	V		I	I	False	V7	V7, major		V7, major		V	V7	5		-2	-2	-2	-1	-1	F	F	Bb	Bb	dominant seventh chord	7	True	True	True	True	True	1	1	1	5	True	True	True
804	12	67.0	60	0	C	0	2.0	2	True	3	4	2	1	1/4	True	-2	15	23	15	15b	4	67	False	False				False	40		V7	Bb	I		V7	V		7			Mm7	False	False	(1, 5, 2, -1)	()	1	1	major	major	I	I, major	V		I	I	False	V7	V7, major		V7, major		V	V7	5		-2	-2	-2	-1	-1	F	F	Bb	Bb	dominant seventh chord	7	True	True	True	True	True	2	2	2	2	True	False	False
804	12	67.0	63	-3	E	-1	2.0	2	True	3	4	2	1	1/4	True	-2	15	23	15	15b	4	67	False	False				False	40		V7	Bb	I		V7	V		7			Mm7	False	False	(1, 5, 2, -1)	()	1	1	major	major	I	I, major	V		I	I	False	V7	V7, major		V7, major		V	V7	5		-2	-2	-2	-1	-1	F	F	Bb	Bb	dominant seventh chord	7	True	True	True	True	True	-1	-1	-1	4	True	False	False
804	6	67.0	77	-1	F	0	2.0	2	True	3	4	1	1	1/8	True	-2	15	23	15	15b	5	67	False	False				False	40		V7	Bb	I		V7	V		7			Mm7	False	False	(1, 5, 2, -1)	()	1	1	major	major	I	I, major	V		I	I	False	V7	V7, major		V7, major		V	V7	5		-2	-2	-2	-1	-1	F	F	Bb	Bb	dominant seventh chord	7	True	True	True	True	True	1	1	1	5	True	True	True
810	6	67.5	74	2	D	0	2.5	0	False	3	4	1	1	1/8	True	-2	15	23	15	15b	5	135/2	False	False				False	40		V7	Bb	I		V7	V		7			Mm7	False	False	(1, 5, 2, -1)	()	1	1	major	major	I	I, major	V		I	I	False	V7	V7, major		V7, major		V	V7	5		-2	-2	-2	-1	-1	F	F	Bb	Bb	dominant seventh chord	7	True	True	True	True	True	4	4	4	3	False	False	False
816	12	68.0	53	-1	F	0	3.0	3	True	3	4	2	1	1/4	True	-2	15	23	15	15b	3	68	False	False				False	40		V7	Bb	I		V7	V		7			Mm7	False	False	(1, 5, 2, -1)	()	1	1	major	major	I	I, major	V		I	I	False	V7	V7, major		V7, major		V	V7	5		-2	-2	-2	-1	-1	F	F	Bb	Bb	dominant seventh chord	7	True	True	True	True	True	1	1	1	5	True	True	True
816	12	68.0	60	0	C	0	3.0	3	True	3	4	2	1	1/4	True	-2	15	23	15	15b	4	68	False	False				False	40		V7	Bb	I		V7	V		7			Mm7	False	False	(1, 5, 2, -1)	()	1	1	major	major	I	I, major	V		I	I	False	V7	V7, major		V7, major		V	V7	5		-2	-2	-2	-1	-1	F	F	Bb	Bb	dominant seventh chord	7	True	True	True	True	True	2	2	2	2	True	False	False
816	12	68.0	63	-3	E	-1	3.0	3	True	3	4	2	1	1/4	True	-2	15	23	15	15b	4	68	False	False				False	40		V7	Bb	I		V7	V		7			Mm7	False	False	(1, 5, 2, -1)	()	1	1	major	major	I	I, major	V		I	I	False	V7	V7, major		V7, major		V	V7	5		-2	-2	-2	-1	-1	F	F	Bb	Bb	dominant seventh chord	7	True	True	True	True	True	-1	-1	-1	4	True	False	False
816	6	68.0	75	-3	E	-1	3.0	3	True	3	4	1	1	1/8	True	-2	15	23	15	15b	5	68	False	False				False	40		V7	Bb	I		V7	V		7			Mm7	False	False	(1, 5, 2, -1)	()	1	1	major	major	I	I, major	V		I	I	False	V7	V7, major		V7, major		V	V7	5		-2	-2	-2	-1	-1	F	F	Bb	Bb	dominant seventh chord	7	True	True	True	True	True	-1	-1	-1	4	True	False	False
822	6	68.5	69	3	A	0	3.5	0	False	3	4	1	1	1/8	True	-2	15	23	15	15b	4	137/2	False	False				False	40		V7	Bb	I		V7	V		7			Mm7	False	False	(1, 5, 2, -1)	()	1	1	major	major	I	I, major	V		I	I	False	V7	V7, major		V7, major		V	V7	5		-2	-2	-2	-1	-1	F	F	Bb	Bb	dominant seventh chord	7	True	True	True	True	True	5	5	5	7	True	False	False
828	12	69.0	46	-2	B	-1	1.0	1	True	3	4	2	1	1/4	True	-2	17	24	16	16b	2	69	False	True	PAC	PAC	}	True	41	2	I|PAC}	Bb	I		I	I					M	False	False	(0, 4, 1)	()	0	0	major	major	I	I, major	I		I	I	False	I	I, major		I, major		I	I	1		-2	-2	-2	-2	-2	Bb	Bb	Bb	Bb	major triad	0	True	True	True	True	True	0	0	0	1	True	True	True
828	4	69.0	70	-2	B	-1	1.0	1	True	3	4	1	1	1/12	True	-2	17	24	16	16b	4	69	False	True	PAC	PAC	}	True	41	2	I|PAC}	Bb	I		I	I					M	False	False	(0, 4, 1)	()	0	0	major	major	I	I, major	I		I	I	False	I	I, major		I, major		I	I	1		-2	-2	-2	-2	-2	Bb	Bb	Bb	Bb	major triad	0	True	True	True	True	True	0	0	0	1	True	True	True
832	4	69.333	70	-2	B	-1	1.333	0	False	3	4	1	1	1/12	True	-2	17	24	16	16b	4	208/3	False	False				False	41	2	I|PAC}	Bb	I		I	I					M	False	False	(0, 4, 1)	()	0	0	major	major	I	I, major	I		I	I	False	I	I, major		I, major		I	I	1		-2	-2	-2	-2	-2	Bb	Bb	Bb	Bb	major triad	0	True	True	True	True	True	0	0	0	1	True	True	True
836	4	69.667	70	-2	B	-1	1.667	0	False	3	4	1	1	1/12	True	-2	17	24	16	16b	4	209/3	False	False				False	41	2	I|PAC}	Bb	I		I	I					M	False	False	(0, 4, 1)	()	0	0	major	major	I	I, major	I		I	I	False	I	I, major		I, major		I	I	1		-2	-2	-2	-2	-2	Bb	Bb	Bb	Bb	major triad	0	True	True	True	True	True	0	0	0	1	True	True	True
840	12	70.0	53	-1	F	0	2.0	2	True	3	4	2	1	1/4	True	-2	17	24	16	16b	3	70	False	False				False	41	2	I|PAC}	Bb	I		I	I					M	False	False	(0, 4, 1)	()	0	0	major	major	I	I, major	I		I	I	False	I	I, major		I, major		I	I	1		-2	-2	-2	-2	-2	Bb	Bb	Bb	Bb	major triad	0	True	True	True	True	True	1	1	1	5	True	False	False
840	12	70.0	58	-2	B	-1	2.0	2	True	3	4	2	1	1/4	True	-2	17	24	16	16b	3	70	False	False				False	41	2	I|PAC}	Bb	I		I	I					M	False	False	(0, 4, 1)	()	0	0	major	major	I	I, major	I		I	I	False	I	I, major		I, major		I	I	1		-2	-2	-2	-2	-2	Bb	Bb	Bb	Bb	major triad	0	True	True	True	True	True	0	0	0	1	True	True	True
840	12	70.0	62	2	D	0	2.0	2	True	3	4	2	1	1/4	True	-2	17	24	16	16b	4	70	False	False				False	41	2	I|PAC}	Bb	I		I	I					M	False	False	(0, 4, 1)	()	0	0	major	major	I	I, major	I		I	I	False	I	I, major		I, major		I	I	1		-2	-2	-2	-2	-2	Bb	Bb	Bb	Bb	major triad	0	True	True	True	True	True	4	4	4	3	True	False	False
840	6	70.0	82	-2	B	-1	2.0	2	True	3	4	1	1	1/8	True	-2	17	24	16	16b	5	70	False	False				False	41	2	I|PAC}	Bb	I		I	I					M	False	False	(0, 4, 1)	()	0	0	major	major	I	I, major	I		I	I	False	I	I, major		I, major		I	I	1		-2	-2	-2	-2	-2	Bb	Bb	Bb	Bb	major triad	0	True	True	True	True	True	0	0	0	1	True	True	True
852	12	71.0	82	-2	B	-1	3.0	3	True	3	4	1	1	1/4	True	-2	17	24	16	16b	5	71	False	False				False	41	2	I|PAC}	Bb	I		I	I					M	False	False	(0, 4, 1)	()	0	0	major	major	I	I, major	I		I	I	False	I	I, major		I, major		I	I	1		-2	-2	-2	-2	-2	Bb	Bb	Bb	Bb	major triad	0	True	True	True	True	True	0	0	0	1	True	True	True
