onset_div	duration_div	onset_beat	pitch	tpc	step	alter	beat_float	downbeat	is_downbeat	ts_beats	ts_beat_type	staff	voice	duration	is_note_onset	ks_fifths	mc	mc_playthrough	mn	mn_playthrough	octave	quarterbeats_playthrough	section_start	a_isOnset	cadence	cadence_type	phraseend	a_phraseend	unfolded_harmony_index	volta	label	alt_label	globalkey	localkey	pedal	chord	numeral	form	figbass	changes	relativeroot	chord_type	globalkey_is_minor	localkey_is_minor	chord_tones	added_tones	root	bass_note	globalkey_mode	localkey_mode	localkey_resolved	localkey_and_mode	root_roman	relativeroot_resolved	effective_localkey	effective_localkey_resolved	effective_localkey_is_minor	chord_reduced	chord_reduced_and_mode	pedal_resolved	chord_and_mode	applied_to_numeral	numeral_or_applied_to_numeral	a_simpleNumeral	a_degree1	a_degree2	globalkey_tpc	localkey_tpc	tonicized_tpc	root_tpc	bass_note_tpc	a_root	a_bass	a_localKey	a_tonicizedKey	a_quality	a_inversion	valid_chord_label	valid_cadence_label	valid_phrase_label	valid_pedal_point_label	valid_section_start_label	sic_with_global	sic_with_local	sic_with_tonicized	note_degree	tpc_is_in_label	tpc_is_root	tpc_is_bass
0	2	0.0	51	-3	E	-1	1.0	1	True	3	4	2	1	1/8	True	-3	1	1	1	1a	3	0	True	True			{	False	0		Eb.I{		Eb	I		I	I					M	False	False	(0, 4, 1)	()	0	0	major	major	I	I, major	I		I	I	False	I	I, major		I, major		I	I	1		-3	-3	-3	-3	-3	Eb	Eb	Eb	Eb	major triad	0	True	True	True	True	True	0	0	0	1	True	True	True
0	2	0.0	67	1	G	0	1.0	1	True	3	4	1	1	1/8	True	-3	1	1	1	1a	4	0	True	True			{	False	0		Eb.I{		Eb	I		I	I					M	False	False	(0, 4, 1)	()	0	0	major	major	I	I, major	I		I	I	False	I	I, major		I, major		I	I	1		-3	-3	-3	-3	-3	Eb	Eb	Eb	Eb	major triad	0	True	True	True	True	True	4	4	4	3	True	False	False
2	2	0.5	53	-1	F	0	1.5	0	False	3	4	2	1	1/8	True	-3	1	1	1	1a	3	1/2	False	False				False	0		Eb.I{		Eb	I		I	I					M	False	False	(0, 4, 1)	()	0	0	major	major	I	I, major	I		I	I	False	I	I, major		I, major		I	I	1		-3	-3	-3	-3	-3	Eb	Eb	Eb	Eb	major triad	0	True	True	True	True	True	2	2	2	2	False	False	False
2	2	0.5	70	-2	B	-1	1.5	0	False	3	4	1	1	1/8	True	-3	1	1	1	1a	4	1/2	False	False				False	0		Eb.I{		Eb	I		I	I					M	False	False	(0, 4, 1)	()	0	0	major	major	I	I, major	I		I	I	False	I	I, major		I, major		I	I	1		-3	-3	-3	-3	-3	Eb	Eb	Eb	Eb	major triad	0	True	True	True	True	True	1	1	1	5	True	False	False
4	4	1.0	55	1	G	0	2.0	2	True	3	4	2	1	1/4	True	-3	1	1	1	1a	3	1	False	True				False	1		V65/IV		Eb	I		V65/IV	V		65		IV	Mm7	False	False	(4, 1, -2, 0)	()	0	4	major	major	I	I, major	V/IV	IV	IV/I	IV	False	V65/IV	V65/IV, major		V65/IV, major	IV	IV	V7	5	4	-3	-3	-4	-3	1	Eb	G	Eb	Ab	dominant seventh chord	1	True	True	True	True	True	4	4	5	3	True	False	True
4	2	1.0	75	-3	E	-1	2.0	2	True	3	4	1	1	1/8	True	-3	1	1	1	1a	5	1	False	True				False	1		V65/IV		Eb	I		V65/IV	V		65		IV	Mm7	False	False	(4, 1, -2, 0)	()	0	4	major	major	I	I, major	V/IV	IV	IV/I	IV	False	V65/IV	V65/IV, major		V65/IV, major	IV	IV	V7	5	4	-3	-3	-4	-3	1	Eb	G	Eb	Ab	dominant seventh chord	1	True	True	True	True	True	0	0	1	1	True	True	False
6	2	1.5	73	-5	D	-1	2.5	0	False	3	4	1	1	1/8	True	-3	1	1	1	1a	5	3/2	False	False				False	1		V65/IV		Eb	I		V65/IV	V		65		IV	Mm7	False	False	(4, 1, -2, 0)	()	0	4	major	major	I	I, major	V/IV	IV	IV/I	IV	False	V65/IV	V65/IV, major		V65/IV, major	IV	IV	V7	5	4	-3	-3	-4	-3	1	Eb	G	Eb	Ab	dominant seventh chord	1	True	True	True	True	True	-2	-2	-1	b7	True	False	False
8	4	2.0	51	-3	E	-1	3.0	3	True	3	4	2	1	1/4	True	-3	1	1	1	1a	3	2	False	True				False	2		V7/IV		Eb	I		V7/IV	V		7		IV	Mm7	False	False	(0, 4, 1, -2)	()	0	0	major	major	I	I, major	V/IV	IV	IV/I	IV	False	V7/IV	V7/IV, major		V7/IV, major	IV	IV	V7	5	4	-3	-3	-4	-3	-3	Eb	Eb	Eb	Ab	dominant seventh chord	7	True	True	True	True	True	0	0	1	1	True	True	True
8	2	2.0	73	-5	D	-1	3.0	3	True	3	4	1	1	1/8	True	-3	1	1	1	1a	5	2	False	True				False	2		V7/IV		Eb	I		V7/IV	V		7		IV	Mm7	False	False	(0, 4, 1, -2)	()	0	0	major	major	I	I, major	V/IV	IV	IV/I	IV	False	V7/IV	V7/IV, major		V7/IV, major	IV	IV	V7	5	4	-3	-3	-4	-3	-3	Eb	Eb	Eb	Ab	dominant seventh chord	7	True	True	True	True	True	-2	-2	-1	b7	True	False	False
10	2	2.5	72	0	C	0	3.5	0	False	3	4	1	1	1/8	True	-3	1	1	1	1a	5	5/2	False	False				False	2		V7/IV		Eb	I		V7/IV	V		7		IV	Mm7	False	False	(0, 4, 1, -2)	()	0	0	major	major	I	I, major	V/IV	IV	IV/I	IV	False	V7/IV	V7/IV, major		V7/IV, major	IV	IV	V7	5	4	-3	-3	-4	-3	-3	Eb	Eb	Eb	Ab	dominant seventh chord	7	True	True	True	True	True	3	3	4	6	False	False	False
12	4	3.0	56	-4	A	-1	1.0	1	True	3	4	2	1	1/4	True	-3	2	2	2	2a	3	3	False	True				False	3		IV		Eb	I		IV	IV					M	False	False	(-1, 3, 0)	()	-1	-1	major	major	I	I, major	IV		I	I	False	IV	IV, major		IV, major		IV	IV	4		-3	-3	-3	-4	-4	Ab	Ab	Eb	Eb	major triad	0	True	True	True	True	True	-1	-1	-1	4	True	True	True
12	2	3.0	72	0	C	0	1.0	1	True	3	4	1	1	1/8	True	-3	2	2	2	2a	5	3	False	True				False	3		IV		Eb	I		IV	IV					M	False	False	(-1, 3, 0)	()	-1	-1	major	major	I	I, major	IV		I	I	False	IV	IV, major		IV, major		IV	IV	4		-3	-3	-3	-4	-4	Ab	Ab	Eb	Eb	major triad	0	True	True	True	True	True	3	3	3	6	True	False	False
14	2	3.5	75	-3	E	-1	1.5	0	False	3	4	1	1	1/8	True	-3	2	2	2	2a	5	7/2	False	False				False	3		IV		Eb	I		IV	IV					M	False	False	(-1, 3, 0)	()	-1	-1	major	major	I	I, major	IV		I	I	False	IV	IV, major		IV, major		IV	IV	4		-3	-3	-3	-4	-4	Ab	Ab	Eb	Eb	major triad	0	True	True	True	True	True	0	0	0	1	True	False	False
16	4	4.0	55	1	G	0	2.0	2	True	3	4	2	1	1/4	True	-3	2	2	2	2a	3	4	False	True				False	4		I6		Eb	I		I6	I		6			M	False	False	(4, 1, 0)	()	0	4	major	major	I	I, major	I		I	I	False	I6	I6, major		I6, major		I	I	1		-3	-3	-3	-3	1	Eb	G	Eb	Eb	major triad	1	True	True	True	True	True	4	4	4	3	True	False	True
16	2	4.0	70	-2	B	-1	2.0	2	True	3	4	1	1	1/8	True	-3	2	2	2	2a	4	4	False	True				False	4		I6		Eb	I		I6	I		6			M	False	False	(4, 1, 0)	()	0	4	major	major	I	I, major	I		I	I	False	I6	I6, major		I6, major		I	I	1		-3	-3	-3	-3	1	Eb	G	Eb	Eb	major triad	1	True	True	True	True	True	1	1	1	5	True	False	False
18	2	4.5	75	-3	E	-1	2.5	0	False	3	4	1	1	1/8	True	-3	2	2	2	2a	5	9/2	False	False				False	4		I6		Eb	I		I6	I		6			M	False	False	(4, 1, 0)	()	0	4	major	major	I	I, major	I		I	I	False	I6	I6, major		I6, major		I	I	1		-3	-3	-3	-3	1	Eb	G	Eb	Eb	major triad	1	True	True	True	True	True	0	0	0	1	True	True	False
20	4	5.0	53	-1	F	0	3.0	3	True	3	4	2	1	1/4	True	-3	2	2	2	2a	3	5	False	True				False	5		ii	viio6	Eb	I		ii	ii					m	False	False	(2, -1, 3)	()	2	2	major	major	I	I, major	ii		I	I	False	ii	ii, major		ii, major		ii	ii	2		-3	-3	-3	-1	-1	F	F	Eb	Eb	minor triad	0	True	True	True	True	True	2	2	2	2	True	True	True
20	2	5.0	68	-4	A	-1	3.0	3	True	3	4	1	1	1/8	True	-3	2	2	2	2a	4	5	False	True				False	5		ii	viio6	Eb	I		ii	ii					m	False	False	(2, -1, 3)	()	2	2	major	major	I	I, major	ii		I	I	False	ii	ii, major		ii, major		ii	ii	2		-3	-3	-3	-1	-1	F	F	Eb	Eb	minor triad	0	True	True	True	True	True	-1	-1	-1	4	True	False	False
22	2	5.5	77	-1	F	0	3.5	0	False	3	4	1	1	1/8	True	-3	2	2	2	2a	5	11/2	False	False				False	5		ii	viio6	Eb	I		ii	ii					m	False	False	(2, -1, 3)	()	2	2	major	major	I	I, major	ii		I	I	False	ii	ii, major		ii, major		ii	ii	2		-3	-3	-3	-1	-1	F	F	Eb	Eb	minor triad	0	True	True	True	True	True	2	2	2	2	True	True	True
24	2	6.0	51	-3	E	-1	1.0	1	True	3	4	2	1	1/8	True	-3	3	3	3	3a	3	6	False	True				False	6		I		Eb	I		I	I					M	False	False	(0, 4, 1)	()	0	0	major	major	I	I, major	I		I	I	False	I	I, major		I, major		I	I	1		-3	-3	-3	-3	-3	Eb	Eb	Eb	Eb	major triad	0	True	True	True	True	True	0	0	0	1	True	True	True
24	8	6.0	67	1	G	0	1.0	1	True	3	4	1	1	1/2	True	-3	3	3	3	3a	4	6	False	True				False	6		I		Eb	I		I	I					M	False	False	(0, 4, 1)	()	0	0	major	major	I	I, major	I		I	I	False	I	I, major		I, major		I	I	1		-3	-3	-3	-3	-3	Eb	Eb	Eb	Eb	major triad	0	True	True	True	True	True	4	4	4	3	True	False	False
26	2	6.5	58	-2	B	-1	1.5	0	False	3	4	2	1	1/8	True	-3	3	3	3	3a	3	13/2	False	False				False	6		I		Eb	I		I	I					M	False	False	(0, 4, 1)	()	0	0	major	major	I	I, major	I		I	I	False	I	I, major		I, major		I	I	1		-3	-3	-3	-3	-3	Eb	Eb	Eb	Eb	major triad	0	True	True	True	True	True	1	1	1	5	True	False	False
28	2	7.0	63	-3	E	-1	2.0	2	True	3	4	2	1	1/8	True	-3	3	3	3	3a	4	7	False	False				False	6		I		Eb	I		I	I					M	False	False	(0, 4, 1)	()	0	0	major	major	I	I, major	I		I	I	False	I	I, major		I, major		I	I	1		-3	-3	-3	-3	-3	Eb	Eb	Eb	Eb	major triad	0	True	True	True	True	True	0	0	0	1	True	True	True
30	2	7.5	61	-5	D	-1	2.5	0	False	3	4	2	1	1/8	True	-3	3	3	3	3a	4	15/2	False	False				False	6		I		Eb	I		I	I					M	False	False	(0, 4, 1)	()	0	0	major	major	I	I, major	I		I	I	False	I	I, major		I, major		I	I	1		-3	-3	-3	-3	-3	Eb	Eb	Eb	Eb	major triad	0	True	True	True	True	True	-2	-2	-2	b7	False	False	False
32	2	8.0	61	-5	D	-1	3.0	3	True	3	4	2	1	1/8	True	-3	3	3	3	3a	4	8	False	True				False	7		V2/IV		Eb	I		V2/IV	V		2		IV	Mm7	False	False	(-2, 0, 4, 1)	()	0	-2	major	major	I	I, major	V/IV	IV	IV/I	IV	False	V2/IV	V2/IV, major		V2/IV, major	IV	IV	V7	5	4	-3	-3	-4	-3	-5	Eb	Db	Eb	Ab	dominant seventh chord	3	True	True	True	True	True	-2	-2	-1	b7	True	False	True
32	2	8.0	67	1	G	0	3.0	3	True	3	4	1	1	1/8	True	-3	3	3	3	3a	4	8	False	True				False	7		V2/IV		Eb	I		V2/IV	V		2		IV	Mm7	False	False	(-2, 0, 4, 1)	()	0	-2	major	major	I	I, major	V/IV	IV	IV/I	IV	False	V2/IV	V2/IV, major		V2/IV, major	IV	IV	V7	5	4	-3	-3	-4	-3	-5	Eb	Db	Eb	Ab	dominant seventh chord	3	True	True	True	True	True	4	4	5	3	True	False	False
34	2	8.5	60	0	C	0	3.5	0	False	3	4	2	1	1/8	True	-3	3	3	3	3a	4	17/2	False	False				False	7		V2/IV		Eb	I		V2/IV	V		2		IV	Mm7	False	False	(-2, 0, 4, 1)	()	0	-2	major	major	I	I, major	V/IV	IV	IV/I	IV	False	V2/IV	V2/IV, major		V2/IV, major	IV	IV	V7	5	4	-3	-3	-4	-3	-5	Eb	Db	Eb	Ab	dominant seventh chord	3	True	True	True	True	True	3	3	4	6	False	False	False
34	1	8.5	68	-4	A	-1	3.5	0	False	3	4	1	1	1/16	True	-3	3	3	3	3a	4	17/2	False	False				False	7		V2/IV		Eb	I		V2/IV	V		2		IV	Mm7	False	False	(-2, 0, 4, 1)	()	0	-2	major	major	I	I, major	V/IV	IV	IV/I	IV	False	V2/IV	V2/IV, major		V2/IV, major	IV	IV	V7	5	4	-3	-3	-4	-3	-5	Eb	Db	Eb	Ab	dominant seventh chord	3	True	True	True	True	True	-1	-1	0	4	False	False	False
35	1	8.75	70	-2	B	-1	3.75	0	False	3	4	1	1	1/16	True	-3	3	3	3	3a	4	35/4	False	False				False	7		V2/IV		Eb	I		V2/IV	V		2		IV	Mm7	False	False	(-2, 0, 4, 1)	()	0	-2	major	major	I	I, major	V/IV	IV	IV/I	IV	False	V2/IV	V2/IV, major		V2/IV, major	IV	IV	V7	5	4	-3	-3	-4	-3	-5	Eb	Db	Eb	Ab	dominant seventh chord	3	True	True	True	True	True	1	1	2	5	True	False	False
36	2	9.0	60	0	C	0	1.0	1	True	3	4	2	1	1/8	True	-3	4	4	4	4a	4	9	False	True				False	8		IV6		Eb	I		IV6	IV		6			M	False	False	(3, 0, -1)	()	-1	3	major	major	I	I, major	IV		I	I	False	IV6	IV6, major		IV6, major		IV	IV	4		-3	-3	-3	-4	0	Ab	C	Eb	Eb	major triad	1	True	True	True	True	True	3	3	3	6	True	False	True
36	4	9.0	68	-4	A	-1	1.0	1	True	3	4	1	1	1/4	True	-3	4	4	4	4a	4	9	False	True				False	8		IV6		Eb	I		IV6	IV		6			M	False	False	(3, 0, -1)	()	-1	3	major	major	I	I, major	IV		I	I	False	IV6	IV6, major		IV6, major		IV	IV	4		-3	-3	-3	-4	0	Ab	C	Eb	Eb	major triad	1	True	True	True	True	True	-1	-1	-1	4	True	True	False
38	2	9.5	63	-3	E	-1	1.5	0	False	3	4	2	1	1/8	True	-3	4	4	4	4a	4	19/2	False	False				False	8		IV6		Eb	I		IV6	IV		6			M	False	False	(3, 0, -1)	()	-1	3	major	major	I	I, major	IV		I	I	False	IV6	IV6, major		IV6, major		IV	IV	4		-3	-3	-3	-4	0	Ab	C	Eb	Eb	major triad	1	True	True	True	True	True	0	0	0	1	True	False	False
40	2	10.0	58	-2	B	-1	2.0	2	True	3	4	2	1	1/8	True	-3	4	4	4	4a	3	10	False	True				False	9		I64		Eb	I		I64	I		64			M	False	False	(1, 0, 4)	()	0	1	major	major	I	I, major	I		I	I	False	I64	I64, major		I64, major		I	I	1		-3	-3	-3	-3	-2	Eb	Bb	Eb	Eb	major triad	2	True	True	True	True	True	1	1	1	5	True	False	True
40	4	10.0	67	1	G	0	2.0	2	True	3	4	1	1	1/4	True	-3	4	4	4	4a	4	10	False	True				False	9		I64		Eb	I		I64	I		64			M	False	False	(1, 0, 4)	()	0	1	major	major	I	I, major	I		I	I	False	I64	I64, major		I64, major		I	I	1		-3	-3	-3	-3	-2	Eb	Bb	Eb	Eb	major triad	2	True	True	True	True	True	4	4	4	3	True	False	False
42	2	10.5	63	-3	E	-1	2.5	0	False	3	4	2	1	1/8	True	-3	4	4	4	4a	4	21/2	False	False				False	9		I64		Eb	I		I64	I		64			M	False	False	(1, 0, 4)	()	0	1	major	major	I	I, major	I		I	I	False	I64	I64, major		I64, major		I	I	1		-3	-3	-3	-3	-2	Eb	Bb	Eb	Eb	major triad	2	True	True	True	True	True	0	0	0	1	True	True	False
44	2	11.0	56	-4	A	-1	3.0	3	True	3	4	2	1	1/8	True	-3	4	4	4	4a	3	11	False	True				False	10		ii6		Eb	I		ii6	ii		6			m	False	False	(-1, 3, 2)	()	2	-1	major	major	I	I, major	ii		I	I	False	ii6	ii6, major		ii6, major		ii	ii	2		-3	-3	-3	-1	-4	F	Ab	Eb	Eb	minor triad	1	True	True	True	True	True	-1	-1	-1	4	True	False	True
44	4	11.0	72	0	C	0	3.0	3	True	3	4	1	1	1/4	True	-3	4	4	4	4a	5	11	False	True				False	10		ii6		Eb	I		ii6	ii		6			m	False	False	(-1, 3, 2)	()	2	-1	major	major	I	I, major	ii		I	I	False	ii6	ii6, major		ii6, major		ii	ii	2		-3	-3	-3	-1	-4	F	Ab	Eb	Eb	minor triad	1	True	True	True	True	True	3	3	3	6	True	False	False
46	2	11.5	65	-1	F	0	3.5	0	False	3	4	2	1	1/8	True	-3	4	4	4	4a	4	23/2	False	False				False	10		ii6		Eb	I		ii6	ii		6			m	False	False	(-1, 3, 2)	()	2	-1	major	major	I	I, major	ii		I	I	False	ii6	ii6, major		ii6, major		ii	ii	2		-3	-3	-3	-1	-4	F	Ab	Eb	Eb	minor triad	1	True	True	True	True	True	2	2	2	2	True	True	False
48	2	12.0	55	1	G	0	1.0	1	True	3	4	2	1	1/8	True	-3	5	5	5	5a	3	12	False	True				False	11		I6		Eb	I		I6	I		6			M	False	False	(4, 1, 0)	()	0	4	major	major	I	I, major	I		I	I	False	I6	I6, major		I6, major		I	I	1		-3	-3	-3	-3	1	Eb	G	Eb	Eb	major triad	1	True	True	True	True	True	4	4	4	3	True	False	True
48	2	12.0	70	-2	B	-1	1.0	1	True	3	4	1	1	1/8	True	-3	5	5	5	5a	4	12	False	True				False	11		I6		Eb	I		I6	I		6			M	False	False	(4, 1, 0)	()	0	4	major	major	I	I, major	I		I	I	False	I6	I6, major		I6, major		I	I	1		-3	-3	-3	-3	1	Eb	G	Eb	Eb	major triad	1	True	True	True	True	True	1	1	1	5	True	False	False
50	2	12.5	58	-2	B	-1	1.5	0	False	3	4	2	1	1/8	True	-3	5	5	5	5a	3	25/2	False	False				False	11		I6		Eb	I		I6	I		6			M	False	False	(4, 1, 0)	()	0	4	major	major	I	I, major	I		I	I	False	I6	I6, major		I6, major		I	I	1		-3	-3	-3	-3	1	Eb	G	Eb	Eb	major triad	1	True	True	True	True	True	1	1	1	5	True	False	False
50	2	12.5	75	-3	E	-1	1.5	0	False	3	4	1	1	1/8	True	-3	5	5	5	5a	5	25/2	False	False				False	11		I6		Eb	I		I6	I		6			M	False	False	(4, 1, 0)	()	0	4	major	major	I	I, major	I		I	I	False	I6	I6, major		I6, major		I	I	1		-3	-3	-3	-3	1	Eb	G	Eb	Eb	major triad	1	True	True	True	True	True	0	0	0	1	True	True	False
52	4	13.0	63	-3	E	-1	2.0	2	True	3	4	2	1	1/4	True	-3	5	5	5	5a	4	13	False	True				False	12		I		Eb	I		I	I					M	False	False	(0, 4, 1)	()	0	0	major	major	I	I, major	I		I	I	False	I	I, major		I, major		I	I	1		-3	-3	-3	-3	-3	Eb	Eb	Eb	Eb	major triad	0	True	True	True	True	True	0	0	0	1	True	True	True
52	2	13.0	79	1	G	0	2.0	2	True	3	4	1	1	1/8	True	-3	5	5	5	5a	5	13	False	True				False	12		I		Eb	I		I	I					M	False	False	(0, 4, 1)	()	0	0	major	major	I	I, major	I		I	I	False	I	I, major		I, major		I	I	1		-3	-3	-3	-3	-3	Eb	Eb	Eb	Eb	major triad	0	True	True	True	True	True	4	4	4	3	True	False	False
54	2	13.5	77	-1	F	0	2.5	0	False	3	4	1	1	1/8	True	-3	5	5	5	5a	5	27/2	False	False				False	12		I		Eb	I		I	I					M	False	False	(0, 4, 1)	()	0	0	major	major	I	I, major	I		I	I	False	I	I, major		I, major		I	I	1		-3	-3	-3	-3	-3	Eb	Eb	Eb	Eb	major triad	0	True	True	True	True	True	2	2	2	2	False	False	False
56	4	14.0	62	2	D	0	3.0	3	True	3	4	2	1	1/4	True	-3	5	5	5	5a	4	14	False	True				False	13		V6		Eb	I		V6	V		6			M	False	False	(5, 2, 1)	()	1	5	major	major	I	I, major	V		I	I	False	V6	V6, major		V6, major		V	V	5		-3	-3	-3	-2	2	Bb	D	Eb	Eb	major triad	1	True	True	True	True	True	5	5	5	7	True	False	True
56	2	14.0	77	-1	F	0	3.0	3	True	3	4	1	1	1/8	True	-3	5	5	5	5a	5	14	False	True				False	13		V6		Eb	I		V6	V		6			M	False	False	(5, 2, 1)	()	1	5	major	major	I	I, major	V		I	I	False	V6	V6, major		V6, major		V	V	5		-3	-3	-3	-2	2	Bb	D	Eb	Eb	major triad	1	True	True	True	True	True	2	2	2	2	True	False	False
58	2	14.5	75	-3	E	-1	3.5	0	False	3	4	1	1	1/8	True	-3	5	5	5	5a	5	29/2	False	False				False	13		V6		Eb	I		V6	V		6			M	False	False	(5, 2, 1)	()	1	5	major	major	I	I, major	V		I	I	False	V6	V6, major		V6, major		V	V	5		-3	-3	-3	-2	2	Bb	D	Eb	Eb	major triad	1	True	True	True	True	True	0	0	0	1	False	False	False
60	2	15.0	60	0	C	0	1.0	1	True	3	4	2	1	1/8	True	-3	6	6	6	6a	4	15	False	True				False	14		V.viio		Eb	V		viio	vii	o				o	False	False	(5, 2, -1)	()	5	5	major	major	V	V, major	vii		V	V	False	viio	viio, major		viio, major		vii	viio	7		-3	-2	-2	3	3	A	A	Bb	Bb	diminished triad	0	True	True	True	True	True	3	2	2	2	True	False	False
60	2	15.0	69	3	A	0	1.0	1	True	3	4	1	1	1/8	True	-3	6	6	6	6a	4	15	False	True				False	14		V.viio		Eb	V		viio	vii	o				o	False	False	(5, 2, -1)	()	5	5	major	major	V	V, major	vii		V	V	False	viio	viio, major		viio, major		vii	viio	7		-3	-2	-2	3	3	A	A	Bb	Bb	diminished triad	0	True	True	True	True	True	6	5	5	7	True	True	True
62	2	15.5	57	3	A	0	1.5	0	False	3	4	2	1	1/8	True	-3	6	6	6	6a	3	31/2	False	False				False	14		V.viio		Eb	V		viio	vii	o				o	False	False	(5, 2, -1)	()	5	5	major	major	V	V, major	vii		V	V	False	viio	viio, major		viio, major		vii	viio	7		-3	-2	-2	3	3	A	A	Bb	Bb	diminished triad	0	True	True	True	True	True	6	5	5	7	True	True	True
62	2	15.5	72	0	C	0	1.5	0	False	3	4	1	1	1/8	True	-3	6	6	6	6a	5	31/2	False	False				False	14		V.viio		Eb	V		viio	vii	o				o	False	False	(5, 2, -1)	()	5	5	major	major	V	V, major	vii		V	V	False	viio	viio, major		viio, major		vii	viio	7		-3	-2	-2	3	3	A	A	Bb	Bb	diminished triad	0	True	True	True	True	True	3	2	2	2	True	False	False
64	4	16.0	53	-1	F	0	2.0	2	True	3	4	2	1	1/4	True	-3	6	6	6	6a	3	16	False	True				False	15		V7		Eb	V		V7	V		7			Mm7	False	False	(1, 5, 2, -1)	()	1	1	major	major	V	V, major	V		V	V	False	V7	V7, major		V7, major		V	V7	5		-3	-2	-2	-1	-1	F	F	Bb	Bb	dominant seventh chord	7	True	True	True	True	True	2	1	1	5	True	True	True
64	2	16.0	75	-3	E	-1	2.0	2	True	3	4	1	1	1/8	True	-3	6	6	6	6a	5	16	False	True				False	15		V7		Eb	V		V7	V		7			Mm7	False	False	(1, 5, 2, -1)	()	1	1	major	major	V	V, major	V		V	V	False	V7	V7, major		V7, major		V	V7	5		-3	-2	-2	-1	-1	F	F	Bb	Bb	dominant seventh chord	7	True	True	True	True	True	0	-1	-1	4	True	False	False
66	2	16.5	74	2	D	0	2.5	0	False	3	4	1	1	1/8	True	-3	6	6	6	6a	5	33/2	False	False				False	15		V7		Eb	V		V7	V		7			Mm7	False	False	(1, 5, 2, -1)	()	1	1	major	major	V	V, major	V		V	V	False	V7	V7, major		V7, major		V	V7	5		-3	-2	-2	-1	-1	F	F	Bb	Bb	dominant seventh chord	7	True	True	True	True	True	5	4	4	3	False	False	False
68	4	17.0	58	-2	B	-1	3.0	3	True	3	4	2	1	1/4	True	-3	6	6	6	6a	3	17	False	True				False	16		I		Eb	V		I	I					M	False	False	(0, 4, 1)	()	0	0	major	major	V	V, major	I		V	V	False	I	I, major		I, major		I	I	1		-3	-2	-2	-2	-2	Bb	Bb	Bb	Bb	major triad	0	True	True	True	True	True	1	0	0	1	True	True	True
68	2	17.0	74	2	D	0	3.0	3	True	3	4	1	1	1/8	True	-3	6	6	6	6a	5	17	False	True				False	16		I		Eb	V		I	I					M	False	False	(0, 4, 1)	()	0	0	major	major	V	V, major	I		V	V	False	I	I, major		I, major		I	I	1		-3	-2	-2	-2	-2	Bb	Bb	Bb	Bb	major triad	0	True	True	True	True	True	5	4	4	3	True	False	False
70	2	17.5	72	0	C	0	3.5	0	False	3	4	1	1	1/8	True	-3	6	6	6	6a	5	35/2	False	False				False	16		I		Eb	V		I	I					M	False	False	(0, 4, 1)	()	0	0	major	major	V	V, major	I		V	V	False	I	I, major		I, major		I	I	1		-3	-2	-2	-2	-2	Bb	Bb	Bb	Bb	major triad	0	True	True	True	True	True	3	2	2	2	False	False	False
72	4	18.0	51	-3	E	-1	1.0	1	True	3	4	2	1	1/4	True	-3	7	7	7	7a	3	18	False	True				False	17		ii65		Eb	V		ii65	ii		65			mm7	False	False	(-1, 3, 0, 2)	()	2	-1	major	major	V	V, major	ii		V	V	False	ii65	ii65, major		ii65, major		ii	ii7	2		-3	-2	-2	0	-3	C	Eb	Bb	Bb	minor seventh chord	1	True	True	True	True	True	0	-1	-1	4	True	False	True
72	2	18.0	72	0	C	0	1.0	1	True	3	4	1	1	1/8	True	-3	7	7	7	7a	5	18	False	True				False	17		ii65		Eb	V		ii65	ii		65			mm7	False	False	(-1, 3, 0, 2)	()	2	-1	major	major	V	V, major	ii		V	V	False	ii65	ii65, major		ii65, major		ii	ii7	2		-3	-2	-2	0	-3	C	Eb	Bb	Bb	minor seventh chord	1	True	True	True	True	True	3	2	2	2	True	True	False
74	2	18.5	82	-2	B	-1	1.5	0	False	3	4	1	1	1/8	True	-3	7	7	7	7a	5	37/2	False	False				False	17		ii65		Eb	V		ii65	ii		65			mm7	False	False	(-1, 3, 0, 2)	()	2	-1	major	major	V	V, major	ii		V	V	False	ii65	ii65, major		ii65, major		ii	ii7	2		-3	-2	-2	0	-3	C	Eb	Bb	Bb	minor seventh chord	1	True	True	True	True	True	1	0	0	1	True	False	False
76	4	19.0	53	-1	F	0	2.0	2	True	3	4	2	1	1/4	True	-3	7	7	7	7a	3	19	False	True				False	18		V(64)		Eb	V		V(64)	V			64		M	False	False	(1, 0, 4)	()	1	1	major	major	V	V, major	V		V	V	False	V	V, major		V(64), major		V	Cad	5		-3	-2	-2	-1	-1	F	F	Bb	Bb	major triad	0	True	True	True	True	True	2	1	1	5	True	True	True
76	2	19.0	74	2	D	0	2.0	2	True	3	4	1	1	1/8	True	-3	7	7	7	7a	5	19	False	True				False	18		V(64)		Eb	V		V(64)	V			64		M	False	False	(1, 0, 4)	()	1	1	major	major	V	V, major	V		V	V	False	V	V, major		V(64), major		V	Cad	5		-3	-2	-2	-1	-1	F	F	Bb	Bb	major triad	0	True	True	True	True	True	5	4	4	3	True	False	False
78	2	19.5	82	-2	B	-1	2.5	0	False	3	4	1	1	1/8	True	-3	7	7	7	7a	5	39/2	False	False				False	18		V(64)		Eb	V		V(64)	V			64		M	False	False	(1, 0, 4)	()	1	1	major	major	V	V, major	V		V	V	False	V	V, major		V(64), major		V	Cad	5		-3	-2	-2	-1	-1	F	F	Bb	Bb	major triad	0	True	True	True	True	True	1	0	0	1	True	False	False
80	4	20.0	41	-1	F	0	3.0	3	True	3	4	2	1	1/4	True	-3	7	7	7	7a	2	20	False	True				False	19		V7		Eb	V		V7	V		7			Mm7	False	False	(1, 5, 2, -1)	()	1	1	major	major	V	V, major	V		V	V	False	V7	V7, major		V7, major		V	V7	5		-3	-2	-2	-1	-1	F	F	Bb	Bb	dominant seventh chord	7	True	True	True	True	True	2	1	1	5	True	True	True
80	2	20.0	75	-3	E	-1	3.0	3	True	3	4	1	1	1/8	True	-3	7	7	7	7a	5	20	False	True				False	19		V7		Eb	V		V7	V		7			Mm7	False	False	(1, 5, 2, -1)	()	1	1	major	major	V	V, major	V		V	V	False	V7	V7, major		V7, major		V	V7	5		-3	-2	-2	-1	-1	F	F	Bb	Bb	dominant seventh chord	7	True	True	True	True	True	0	-1	-1	4	True	False	False
82	2	20.5	81	3	A	0	3.5	0	False	3	4	1	1	1/8	True	-3	7	7	7	7a	5	41/2	False	False				False	19		V7		Eb	V		V7	V		7			Mm7	False	False	(1, 5, 2, -1)	()	1	1	major	major	V	V, major	V		V	V	False	V7	V7, major		V7, major		V	V7	5		-3	-2	-2	-1	-1	F	F	Bb	Bb	dominant seventh chord	7	True	True	True	True	True	6	5	5	7	True	False	False
84	2	21.0	46	-2	B	-1	1.0	1	True	3	4	2	1	1/8	True	-3	8	8	8	8a	2	21	False	True	PAC	PAC	}	True	20	1	I|PAC}		Eb	V		I	I					M	False	False	(0, 4, 1)	()	0	0	major	major	V	V, major	I		V	V	False	I	I, major		I, major		I	I	1		-3	-2	-2	-2	-2	Bb	Bb	Bb	Bb	major triad	0	True	True	True	True	True	1	0	0	1	True	True	True
84	4	21.0	82	-2	B	-1	1.0	1	True	3	4	1	1	1/4	True	-3	8	8	8	8a	5	21	False	True	PAC	PAC	}	True	20	1	I|PAC}		Eb	V		I	I					M	False	False	(0, 4, 1)	()	0	0	major	major	V	V, major	I		V	V	False	I	I, major		I, major		I	I	1		-3	-2	-2	-2	-2	Bb	Bb	Bb	Bb	major triad	0	True	True	True	True	True	1	0	0	1	True	True	True
86	2	21.5	53	-1	F	0	1.5	0	False	3	4	2	1	1/8	True	-3	8	8	8	8a	3	43/2	False	False				False	20	1	I|PAC}		Eb	V		I	I					M	False	False	(0, 4, 1)	()	0	0	major	major	V	V, major	I		V	V	False	I	I, major		I, major		I	I	1		-3	-2	-2	-2	-2	Bb	Bb	Bb	Bb	major triad	0	True	True	True	True	True	2	1	1	5	True	False	False
88	2	22.0	58	-2	B	-1	2.0	2	True	3	4	2	1	1/8	True	-3	8	8	8	8a	3	22	False	True				False	21	1	V7/IV		Eb	V		V7/IV	V		7		IV	Mm7	False	False	(0, 4, 1, -2)	()	0	0	major	major	V	V, major	V/IV	IV	IV/V	I	False	V7/IV	V7/IV, major		V7/IV, major	IV	IV	V7	5	4	-3	-2	-3	-2	-2	Bb	Bb	Bb	Eb	dominant seventh chord	7	True	True	True	True	True	1	0	1	1	True	True	True
88	8	22.0	70	-2	B	-1	2.0	2	True	3	4	1	1	1/2	True	-3	8	8	8	8a	4	22	False	True				False	21	1	V7/IV		Eb	V		V7/IV	V		7		IV	Mm7	False	False	(0, 4, 1, -2)	()	0	0	major	major	V	V, major	V/IV	IV	IV/V	I	False	V7/IV	V7/IV, major		V7/IV, major	IV	IV	V7	5	4	-3	-2	-3	-2	-2	Bb	Bb	Bb	Eb	dominant seventh chord	7	True	True	True	True	True	1	0	1	1	True	True	True
90	2	22.5	56	-4	A	-1	2.5	0	False	3	4	2	1	1/8	True	-3	8	8	8	8a	3	45/2	False	False				False	21	1	V7/IV		Eb	V		V7/IV	V		7		IV	Mm7	False	False	(0, 4, 1, -2)	()	0	0	major	major	V	V, major	V/IV	IV	IV/V	I	False	V7/IV	V7/IV, major		V7/IV, major	IV	IV	V7	5	4	-3	-2	-3	-2	-2	Bb	Bb	Bb	Eb	dominant seventh chord	7	True	True	True	True	True	-1	-2	-1	b7	True	False	False
92	2	23.0	55	1	G	0	3.0	3	True	3	4	2	1	1/8	True	-3	8	8	8	8a	3	23	False	False				False	21	1	V7/IV		Eb	V		V7/IV	V		7		IV	Mm7	False	False	(0, 4, 1, -2)	()	0	0	major	major	V	V, major	V/IV	IV	IV/V	I	False	V7/IV	V7/IV, major		V7/IV, major	IV	IV	V7	5	4	-3	-2	-3	-2	-2	Bb	Bb	Bb	Eb	dominant seventh chord	7	True	True	True	True	True	4	3	4	6	False	False	False
94	2	23.5	53	-1	F	0	3.5	0	False	3	4	2	1	1/8	True	-3	8	8	8	8a	3	47/2	False	False				False	21	1	V7/IV		Eb	V		V7/IV	V		7		IV	Mm7	False	False	(0, 4, 1, -2)	()	0	0	major	major	V	V, major	V/IV	IV	IV/V	I	False	V7/IV	V7/IV, major		V7/IV, major	IV	IV	V7	5	4	-3	-2	-3	-2	-2	Bb	Bb	Bb	Eb	dominant seventh chord	7	True	True	True	True	True	2	1	2	5	True	False	False
96	2	24.0	51	-3	E	-1	1.0	1	True	3	4	2	1	1/8	True	-3	1	9	1	1b	3	24	True	True			{	False	22		Eb.I{		Eb	I		I	I					M	False	False	(0, 4, 1)	()	0	0	major	major	I	I, major	I		I	I	False	I	I, major		I, major		I	I	1		-3	-3	-3	-3	-3	Eb	Eb	Eb	Eb	major triad	0	True	True	True	True	True	0	0	0	1	True	True	True
96	2	24.0	67	1	G	0	1.0	1	True	3	4	1	1	1/8	True	-3	1	9	1	1b	4	24	True	True			{	False	22		Eb.I{		Eb	I		I	I					M	False	False	(0, 4, 1)	()	0	0	major	major	I	I, major	I		I	I	False	I	I, major		I, major		I	I	1		-3	-3	-3	-3	-3	Eb	Eb	Eb	Eb	major triad	0	True	True	True	True	True	4	4	4	3	True	False	False
98	2	24.5	53	-1	F	0	1.5	0	False	3	4	2	1	1/8	True	-3	1	9	1	1b	3	49/2	False	False				False	22		Eb.I{		Eb	I		I	I					M	False	False	(0, 4, 1)	()	0	0	major	major	I	I, major	I		I	I	False	I	I, major		I, major		I	I	1		-3	-3	-3	-3	-3	Eb	Eb	Eb	Eb	major triad	0	True	True	True	True	True	2	2	2	2	False	False	False
98	2	24.5	70	-2	B	-1	1.5	0	False	3	4	1	1	1/8	True	-3	1	9	1	1b	4	49/2	False	False				False	22		Eb.I{		Eb	I		I	I					M	False	False	(0, 4, 1)	()	0	0	major	major	I	I, major	I		I	I	False	I	I, major		I, major		I	I	1		-3	-3	-3	-3	-3	Eb	Eb	Eb	Eb	major triad	0	True	True	True	True	True	1	1	1	5	True	False	False
100	4	25.0	55	1	G	0	2.0	2	True	3	4	2	1	1/4	True	-3	1	9	1	1b	3	25	False	True				False	23		V65/IV		Eb	I		V65/IV	V		65		IV	Mm7	False	False	(4, 1, -2, 0)	()	0	4	major	major	I	I, major	V/IV	IV	IV/I	IV	False	V65/IV	V65/IV, major		V65/IV, major	IV	IV	V7	5	4	-3	-3	-4	-3	1	Eb	G	Eb	Ab	dominant seventh chord	1	True	True	True	True	True	4	4	5	3	True	False	True
100	2	25.0	75	-3	E	-1	2.0	2	True	3	4	1	1	1/8	True	-3	1	9	1	1b	5	25	False	True				False	23		V65/IV		Eb	I		V65/IV	V		65		IV	Mm7	False	False	(4, 1, -2, 0)	()	0	4	major	major	I	I, major	V/IV	IV	IV/I	IV	False	V65/IV	V65/IV, major		V65/IV, major	IV	IV	V7	5	4	-3	-3	-4	-3	1	Eb	G	Eb	Ab	dominant seventh chord	1	True	True	True	True	True	0	0	1	1	True	True	False
102	2	25.5	73	-5	D	-1	2.5	0	False	3	4	1	1	1/8	True	-3	1	9	1	1b	5	51/2	False	False				False	23		V65/IV		Eb	I		V65/IV	V		65		IV	Mm7	False	False	(4, 1, -2, 0)	()	0	4	major	major	I	I, major	V/IV	IV	IV/I	IV	False	V65/IV	V65/IV, major		V65/IV, major	IV	IV	V7	5	4	-3	-3	-4	-3	1	Eb	G	Eb	Ab	dominant seventh chord	1	True	True	True	True	True	-2	-2	-1	b7	True	False	False
104	4	26.0	51	-3	E	-1	3.0	3	True	3	4	2	1	1/4	True	-3	1	9	1	1b	3	26	False	True				False	24		V7/IV		Eb	I		V7/IV	V		7		IV	Mm7	False	False	(0, 4, 1, -2)	()	0	0	major	major	I	I, major	V/IV	IV	IV/I	IV	False	V7/IV	V7/IV, major		V7/IV, major	IV	IV	V7	5	4	-3	-3	-4	-3	-3	Eb	Eb	Eb	Ab	dominant seventh chord	7	True	True	True	True	True	0	0	1	1	True	True	True
104	2	26.0	73	-5	D	-1	3.0	3	True	3	4	1	1	1/8	True	-3	1	9	1	1b	5	26	False	True				False	24		V7/IV		Eb	I		V7/IV	V		7		IV	Mm7	False	False	(0, 4, 1, -2)	()	0	0	major	major	I	I, major	V/IV	IV	IV/I	IV	False	V7/IV	V7/IV, major		V7/IV, major	IV	IV	V7	5	4	-3	-3	-4	-3	-3	Eb	Eb	Eb	Ab	dominant seventh chord	7	True	True	True	True	True	-2	-2	-1	b7	True	False	False
106	2	26.5	72	0	C	0	3.5	0	False	3	4	1	1	1/8	True	-3	1	9	1	1b	5	53/2	False	False				False	24		V7/IV		Eb	I		V7/IV	V		7		IV	Mm7	False	False	(0, 4, 1, -2)	()	0	0	major	major	I	I, major	V/IV	IV	IV/I	IV	False	V7/IV	V7/IV, major		V7/IV, major	IV	IV	V7	5	4	-3	-3	-4	-3	-3	Eb	Eb	Eb	Ab	dominant seventh chord	7	True	True	True	True	True	3	3	4	6	False	False	False
108	4	27.0	56	-4	A	-1	1.0	1	True	3	4	2	1	1/4	True	-3	2	10	2	2b	3	27	False	True				False	25		IV		Eb	I		IV	IV					M	False	False	(-1, 3, 0)	()	-1	-1	major	major	I	I, major	IV		I	I	False	IV	IV, major		IV, major		IV	IV	4		-3	-3	-3	-4	-4	Ab	Ab	Eb	Eb	major triad	0	True	True	True	True	True	-1	-1	-1	4	True	True	True
108	2	27.0	72	0	C	0	1.0	1	True	3	4	1	1	1/8	True	-3	2	10	2	2b	5	27	False	True				False	25		IV		Eb	I		IV	IV					M	False	False	(-1, 3, 0)	()	-1	-1	major	major	I	I, major	IV		I	I	False	IV	IV, major		IV, major		IV	IV	4		-3	-3	-3	-4	-4	Ab	Ab	Eb	Eb	major triad	0	True	True	True	True	True	3	3	3	6	True	False	False
110	2	27.5	75	-3	E	-1	1.5	0	False	3	4	1	1	1/8	True	-3	2	10	2	2b	5	55/2	False	False				False	25		IV		Eb	I		IV	IV					M	False	False	(-1, 3, 0)	()	-1	-1	major	major	I	I, major	IV		I	I	False	IV	IV, major		IV, major		IV	IV	4		-3	-3	-3	-4	-4	Ab	Ab	Eb	Eb	major triad	0	True	True	True	True	True	0	0	0	1	True	False	False
112	4	28.0	55	1	G	0	2.0	2	True	3	4	2	1	1/4	True	-3	2	10	2	2b	3	28	False	True				False	26		I6		Eb	I		I6	I		6			M	False	False	(4, 1, 0)	()	0	4	major	major	I	I, major	I		I	I	False	I6	I6, major		I6, major		I	I	1		-3	-3	-3	-3	1	Eb	G	Eb	Eb	major triad	1	True	True	True	True	True	4	4	4	3	True	False	True
112	2	28.0	70	-2	B	-1	2.0	2	True	3	4	1	1	1/8	True	-3	2	10	2	2b	4	28	False	True				False	26		I6		Eb	I		I6	I		6			M	False	False	(4, 1, 0)	()	0	4	major	major	I	I, major	I		I	I	False	I6	I6, major		I6, major		I	I	1		-3	-3	-3	-3	1	Eb	G	Eb	Eb	major triad	1	True	True	True	True	True	1	1	1	5	True	False	False
114	2	28.5	75	-3	E	-1	2.5	0	False	3	4	1	1	1/8	True	-3	2	10	2	2b	5	57/2	False	False				False	26		I6		Eb	I		I6	I		6			M	False	False	(4, 1, 0)	()	0	4	major	major	I	I, major	I		I	I	False	I6	I6, major		I6, major		I	I	1		-3	-3	-3	-3	1	Eb	G	Eb	Eb	major triad	1	True	True	True	True	True	0	0	0	1	True	True	False
116	4	29.0	53	-1	F	0	3.0	3	True	3	4	2	1	1/4	True	-3	2	10	2	2b	3	29	False	True				False	27		ii	viio6	Eb	I		ii	ii					m	False	False	(2, -1, 3)	()	2	2	major	major	I	I, major	ii		I	I	False	ii	ii, major		ii, major		ii	ii	2		-3	-3	-3	-1	-1	F	F	Eb	Eb	minor triad	0	True	True	True	True	True	2	2	2	2	True	True	True
116	2	29.0	68	-4	A	-1	3.0	3	True	3	4	1	1	1/8	True	-3	2	10	2	2b	4	29	False	True				False	27		ii	viio6	Eb	I		ii	ii					m	False	False	(2, -1, 3)	()	2	2	major	major	I	I, major	ii		I	I	False	ii	ii, major		ii, major		ii	ii	2		-3	-3	-3	-1	-1	F	F	Eb	Eb	minor triad	0	True	True	True	True	True	-1	-1	-1	4	True	False	False
118	2	29.5	77	-1	F	0	3.5	0	False	3	4	1	1	1/8	True	-3	2	10	2	2b	5	59/2	False	False				False	27		ii	viio6	Eb	I		ii	ii					m	False	False	(2, -1, 3)	()	2	2	major	major	I	I, major	ii		I	I	False	ii	ii, major		ii, major		ii	ii	2		-3	-3	-3	-1	-1	F	F	Eb	Eb	minor triad	0	True	True	True	True	True	2	2	2	2	True	True	True
120	2	30.0	51	-3	E	-1	1.0	1	True	3	4	2	1	1/8	True	-3	3	11	3	3b	3	30	False	True				False	28		I		Eb	I		I	I					M	False	False	(0, 4, 1)	()	0	0	major	major	I	I, major	I		I	I	False	I	I, major		I, major		I	I	1		-3	-3	-3	-3	-3	Eb	Eb	Eb	Eb	major triad	0	True	True	True	True	True	0	0	0	1	True	True	True
120	8	30.0	67	1	G	0	1.0	1	True	3	4	1	1	1/2	True	-3	3	11	3	3b	4	30	False	True				False	28		I		Eb	I		I	I					M	False	False	(0, 4, 1)	()	0	0	major	major	I	I, major	I		I	I	False	I	I, major		I, major		I	I	1		-3	-3	-3	-3	-3	Eb	Eb	Eb	Eb	major triad	0	True	True	True	True	True	4	4	4	3	True	False	False
122	2	30.5	58	-2	B	-1	1.5	0	False	3	4	2	1	1/8	True	-3	3	11	3	3b	3	61/2	False	False				False	28		I		Eb	I		I	I					M	False	False	(0, 4, 1)	()	0	0	major	major	I	I, major	I		I	I	False	I	I, major		I, major		I	I	1		-3	-3	-3	-3	-3	Eb	Eb	Eb	Eb	major triad	0	True	True	True	True	True	1	1	1	5	True	False	False
124	2	31.0	63	-3	E	-1	2.0	2	True	3	4	2	1	1/8	True	-3	3	11	3	3b	4	31	False	False				False	28		I		Eb	I		I	I					M	False	False	(0, 4, 1)	()	0	0	major	major	I	I, major	I		I	I	False	I	I, major		I, major		I	I	1		-3	-3	-3	-3	-3	Eb	Eb	Eb	Eb	major triad	0	True	True	True	True	True	0	0	0	1	True	True	True
126	2	31.5	61	-5	D	-1	2.5	0	False	3	4	2	1	1/8	True	-3	3	11	3	3b	4	63/2	False	False				False	28		I		Eb	I		I	I					M	False	False	(0, 4, 1)	()	0	0	major	major	I	I, major	I		I	I	False	I	I, major		I, major		I	I	1		-3	-3	-3	-3	-3	Eb	Eb	Eb	Eb	major triad	0	True	True	True	True	True	-2	-2	-2	b7	False	False	False
128	2	32.0	61	-5	D	-1	3.0	3	True	3	4	2	1	1/8	True	-3	3	11	3	3b	4	32	False	True				False	29		V2/IV		Eb	I		V2/IV	V		2		IV	Mm7	False	False	(-2, 0, 4, 1)	()	0	-2	major	major	I	I, major	V/IV	IV	IV/I	IV	False	V2/IV	V2/IV, major		V2/IV, major	IV	IV	V7	5	4	-3	-3	-4	-3	-5	Eb	Db	Eb	Ab	dominant seventh chord	3	True	True	True	True	True	-2	-2	-1	b7	True	False	True
128	2	32.0	67	1	G	0	3.0	3	True	3	4	1	1	1/8	True	-3	3	11	3	3b	4	32	False	True				False	29		V2/IV		Eb	I		V2/IV	V		2		IV	Mm7	False	False	(-2, 0, 4, 1)	()	0	-2	major	major	I	I, major	V/IV	IV	IV/I	IV	False	V2/IV	V2/IV, major		V2/IV, major	IV	IV	V7	5	4	-3	-3	-4	-3	-5	Eb	Db	Eb	Ab	dominant seventh chord	3	True	True	True	True	True	4	4	5	3	True	False	False
130	2	32.5	60	0	C	0	3.5	0	False	3	4	2	1	1/8	True	-3	3	11	3	3b	4	65/2	False	False				False	29		V2/IV		Eb	I		V2/IV	V		2		IV	Mm7	False	False	(-2, 0, 4, 1)	()	0	-2	major	major	I	I, major	V/IV	IV	IV/I	IV	False	V2/IV	V2/IV, major		V2/IV, major	IV	IV	V7	5	4	-3	-3	-4	-3	-5	Eb	Db	Eb	Ab	dominant seventh chord	3	True	True	True	True	True	3	3	4	6	False	False	False
130	1	32.5	68	-4	A	-1	3.5	0	False	3	4	1	1	1/16	True	-3	3	11	3	3b	4	65/2	False	False				False	29		V2/IV		Eb	I		V2/IV	V		2		IV	Mm7	False	False	(-2, 0, 4, 1)	()	0	-2	major	major	I	I, major	V/IV	IV	IV/I	IV	False	V2/IV	V2/IV, major		V2/IV, major	IV	IV	V7	5	4	-3	-3	-4	-3	-5	Eb	Db	Eb	Ab	dominant seventh chord	3	True	True	True	True	True	-1	-1	0	4	False	False	False
131	1	32.75	70	-2	B	-1	3.75	0	False	3	4	1	1	1/16	True	-3	3	11	3	3b	4	131/4	False	False				False	29		V2/IV		Eb	I		V2/IV	V		2		IV	Mm7	False	False	(-2, 0, 4, 1)	()	0	-2	major	major	I	I, major	V/IV	IV	IV/I	IV	False	V2/IV	V2/IV, major		V2/IV, major	IV	IV	V7	5	4	-3	-3	-4	-3	-5	Eb	Db	Eb	Ab	dominant seventh chord	3	True	True	True	True	True	1	1	2	5	True	False	False
132	2	33.0	60	0	C	0	1.0	1	True	3	4	2	1	1/8	True	-3	4	12	4	4b	4	33	False	True				False	30		IV6		Eb	I		IV6	IV		6			M	False	False	(3, 0, -1)	()	-1	3	major	major	I	I, major	IV		I	I	False	IV6	IV6, major		IV6, major		IV	IV	4		-3	-3	-3	-4	0	Ab	C	Eb	Eb	major triad	1	True	True	True	True	True	3	3	3	6	True	False	True
132	4	33.0	68	-4	A	-1	1.0	1	True	3	4	1	1	1/4	True	-3	4	12	4	4b	4	33	False	True				False	30		IV6		Eb	I		IV6	IV		6			M	False	False	(3, 0, -1)	()	-1	3	major	major	I	I, major	IV		I	I	False	IV6	IV6, major		IV6, major		IV	IV	4		-3	-3	-3	-4	0	Ab	C	Eb	Eb	major triad	1	True	True	True	True	True	-1	-1	-1	4	True	True	False
134	2	33.5	63	-3	E	-1	1.5	0	False	3	4	2	1	1/8	True	-3	4	12	4	4b	4	67/2	False	False				False	30		IV6		Eb	I		IV6	IV		6			M	False	False	(3, 0, -1)	()	-1	3	major	major	I	I, major	IV		I	I	False	IV6	IV6, major		IV6, major		IV	IV	4		-3	-3	-3	-4	0	Ab	C	Eb	Eb	major triad	1	True	True	True	True	True	0	0	0	1	True	False	False
136	2	34.0	58	-2	B	-1	2.0	2	True	3	4	2	1	1/8	True	-3	4	12	4	4b	3	34	False	True				False	31		I64		Eb	I		I64	I		64			M	False	False	(1, 0, 4)	()	0	1	major	major	I	I, major	I		I	I	False	I64	I64, major		I64, major		I	I	1		-3	-3	-3	-3	-2	Eb	Bb	Eb	Eb	major triad	2	True	True	True	True	True	1	1	1	5	True	False	True
136	4	34.0	67	1	G	0	2.0	2	True	3	4	1	1	1/4	True	-3	4	12	4	4b	4	34	False	True				False	31		I64		Eb	I		I64	I		64			M	False	False	(1, 0, 4)	()	0	1	major	major	I	I, major	I		I	I	False	I64	I64, major		I64, major		I	I	1		-3	-3	-3	-3	-2	Eb	Bb	Eb	Eb	major triad	2	True	True	True	True	True	4	4	4	3	True	False	False
138	2	34.5	63	-3	E	-1	2.5	0	False	3	4	2	1	1/8	True	-3	4	12	4	4b	4	69/2	False	False				False	31		I64		Eb	I		I64	I		64			M	False	False	(1, 0, 4)	()	0	1	major	major	I	I, major	I		I	I	False	I64	I64, major		I64, major		I	I	1		-3	-3	-3	-3	-2	Eb	Bb	Eb	Eb	major triad	2	True	True	True	True	True	0	0	0	1	True	True	False
140	2	35.0	56	-4	A	-1	3.0	3	True	3	4	2	1	1/8	True	-3	4	12	4	4b	3	35	False	True				False	32		ii6		Eb	I		ii6	ii		6			m	False	False	(-1, 3, 2)	()	2	-1	major	major	I	I, major	ii		I	I	False	ii6	ii6, major		ii6, major		ii	ii	2		-3	-3	-3	-1	-4	F	Ab	Eb	Eb	minor triad	1	True	True	True	True	True	-1	-1	-1	4	True	False	True
140	4	35.0	72	0	C	0	3.0	3	True	3	4	1	1	1/4	True	-3	4	12	4	4b	5	35	False	True				False	32		ii6		Eb	I		ii6	ii		6			m	False	False	(-1, 3, 2)	()	2	-1	major	major	I	I, major	ii		I	I	False	ii6	ii6, major		ii6, major		ii	ii	2		-3	-3	-3	-1	-4	F	Ab	Eb	Eb	minor triad	1	True	True	True	True	True	3	3	3	6	True	False	False
142	2	35.5	65	-1	F	0	3.5	0	False	3	4	2	1	1/8	True	-3	4	12	4	4b	4	71/2	False	False				False	32		ii6		Eb	I		ii6	ii		6			m	False	False	(-1, 3, 2)	()	2	-1	major	major	I	I, major	ii		I	I	False	ii6	ii6, major		ii6, major		ii	ii	2		-3	-3	-3	-1	-4	F	Ab	Eb	Eb	minor triad	1	True	True	True	True	True	2	2	2	2	True	True	False
144	2	36.0	55	1	G	0	1.0	1	True	3	4	2	1	1/8	True	-3	5	13	5	5b	3	36	False	True				False	33		I6		Eb	I		I6	I		6			M	False	False	(4, 1, 0)	()	0	4	major	major	I	I, major	I		I	I	False	I6	I6, major		I6, major		I	I	1		-3	-3	-3	-3	1	Eb	G	Eb	Eb	major triad	1	True	True	True	True	True	4	4	4	3	True	False	True
144	2	36.0	70	-2	B	-1	1.0	1	True	3	4	1	1	1/8	True	-3	5	13	5	5b	4	36	False	True				False	33		I6		Eb	I		I6	I		6			M	False	False	(4, 1, 0)	()	0	4	major	major	I	I, major	I		I	I	False	I6	I6, major		I6, major		I	I	1		-3	-3	-3	-3	1	Eb	G	Eb	Eb	major triad	1	True	True	True	True	True	1	1	1	5	True	False	False
146	2	36.5	58	-2	B	-1	1.5	0	False	3	4	2	1	1/8	True	-3	5	13	5	5b	3	73/2	False	False				False	33		I6		Eb	I		I6	I		6			M	False	False	(4, 1, 0)	()	0	4	major	major	I	I, major	I		I	I	False	I6	I6, major		I6, major		I	I	1		-3	-3	-3	-3	1	Eb	G	Eb	Eb	major triad	1	True	True	True	True	True	1	1	1	5	True	False	False
146	2	36.5	75	-3	E	-1	1.5	0	False	3	4	1	1	1/8	True	-3	5	13	5	5b	5	73/2	False	False				False	33		I6		Eb	I		I6	I		6			M	False	False	(4, 1, 0)	()	0	4	major	major	I	I, major	I		I	I	False	I6	I6, major		I6, major		I	I	1		-3	-3	-3	-3	1	Eb	G	Eb	Eb	major triad	1	True	True	True	True	True	0	0	0	1	True	True	False
148	4	37.0	63	-3	E	-1	2.0	2	True	3	4	2	1	1/4	True	-3	5	13	5	5b	4	37	False	True				False	34		I		Eb	I		I	I					M	False	False	(0, 4, 1)	()	0	0	major	major	I	I, major	I		I	I	False	I	I, major		I, major		I	I	1		-3	-3	-3	-3	-3	Eb	Eb	Eb	Eb	major triad	0	True	True	True	True	True	0	0	0	1	True	True	True
148	2	37.0	79	1	G	0	2.0	2	True	3	4	1	1	1/8	True	-3	5	13	5	5b	5	37	False	True				False	34		I		Eb	I		I	I					M	False	False	(0, 4, 1)	()	0	0	major	major	I	I, major	I		I	I	False	I	I, major		I, major		I	I	1		-3	-3	-3	-3	-3	Eb	Eb	Eb	Eb	major triad	0	True	True	True	True	True	4	4	4	3	True	False	False
150	2	37.5	77	-1	F	0	2.5	0	False	3	4	1	1	1/8	True	-3	5	13	5	5b	5	75/2	False	False				False	34		I		Eb	I		I	I					M	False	False	(0, 4, 1)	()	0	0	major	major	I	I, major	I		I	I	False	I	I, major		I, major		I	I	1		-3	-3	-3	-3	-3	Eb	Eb	Eb	Eb	major triad	0	True	True	True	True	True	2	2	2	2	False	False	False
152	4	38.0	62	2	D	0	3.0	3	True	3	4	2	1	1/4	True	-3	5	13	5	5b	4	38	False	True				False	35		V6		Eb	I		V6	V		6			M	False	False	(5, 2, 1)	()	1	5	major	major	I	I, major	V		I	I	False	V6	V6, major		V6, major		V	V	5		-3	-3	-3	-2	2	Bb	D	Eb	Eb	major triad	1	True	True	True	True	True	5	5	5	7	True	False	True
152	2	38.0	77	-1	F	0	3.0	3	True	3	4	1	1	1/8	True	-3	5	13	5	5b	5	38	False	True				False	35		V6		Eb	I		V6	V		6			M	False	False	(5, 2, 1)	()	1	5	major	major	I	I, major	V		I	I	False	V6	V6, major		V6, major		V	V	5		-3	-3	-3	-2	2	Bb	D	Eb	Eb	major triad	1	True	True	True	True	True	2	2	2	2	True	False	False
154	2	38.5	75	-3	E	-1	3.5	0	False	3	4	1	1	1/8	True	-3	5	13	5	5b	5	77/2	False	False				False	35		V6		Eb	I		V6	V		6			M	False	False	(5, 2, 1)	()	1	5	major	major	I	I, major	V		I	I	False	V6	V6, major		V6, major		V	V	5		-3	-3	-3	-2	2	Bb	D	Eb	Eb	major triad	1	True	True	True	True	True	0	0	0	1	False	False	False
156	2	39.0	60	0	C	0	1.0	1	True	3	4	2	1	1/8	True	-3	6	14	6	6b	4	39	False	True				False	36		V.viio		Eb	V		viio	vii	o				o	False	False	(5, 2, -1)	()	5	5	major	major	V	V, major	vii		V	V	False	viio	viio, major		viio, major		vii	viio	7		-3	-2	-2	3	3	A	A	Bb	Bb	diminished triad	0	True	True	True	True	True	3	2	2	2	True	False	False
156	2	39.0	69	3	A	0	1.0	1	True	3	4	1	1	1/8	True	-3	6	14	6	6b	4	39	False	True				False	36		V.viio		Eb	V		viio	vii	o				o	False	False	(5, 2, -1)	()	5	5	major	major	V	V, major	vii		V	V	False	viio	viio, major		viio, major		vii	viio	7		-3	-2	-2	3	3	A	A	Bb	Bb	diminished triad	0	True	True	True	True	True	6	5	5	7	True	True	True
158	2	39.5	57	3	A	0	1.5	0	False	3	4	2	1	1/8	True	-3	6	14	6	6b	3	79/2	False	False				False	36		V.viio		Eb	V		viio	vii	o				o	False	False	(5, 2, -1)	()	5	5	major	major	V	V, major	vii		V	V	False	viio	viio, major		viio, major		vii	viio	7		-3	-2	-2	3	3	A	A	Bb	Bb	diminished triad	0	True	True	True	True	True	6	5	5	7	True	True	True
158	2	39.5	72	0	C	0	1.5	0	False	3	4	1	1	1/8	True	-3	6	14	6	6b	5	79/2	False	False				False	36		V.viio		Eb	V		viio	vii	o				o	False	False	(5, 2, -1)	()	5	5	major	major	V	V, major	vii		V	V	False	viio	viio, major		viio, major		vii	viio	7		-3	-2	-2	3	3	A	A	Bb	Bb	diminished triad	0	True	True	True	True	True	3	2	2	2	True	False	False
160	4	40.0	53	-1	F	0	2.0	2	True	3	4	2	1	1/4	True	-3	6	14	6	6b	3	40	False	True				False	37		V7		Eb	V		V7	V		7			Mm7	False	False	(1, 5, 2, -1)	()	1	1	major	major	V	V, major	V		V	V	False	V7	V7, major		V7, major		V	V7	5		-3	-2	-2	-1	-1	F	F	Bb	Bb	dominant seventh chord	7	True	True	True	True	True	2	1	1	5	True	True	True
160	2	40.0	75	-3	E	-1	2.0	2	True	3	4	1	1	1/8	True	-3	6	14	6	6b	5	40	False	True				False	37		V7		Eb	V		V7	V		7			Mm7	False	False	(1, 5, 2, -1)	()	1	1	major	major	V	V, major	V		V	V	False	V7	V7, major		V7, major		V	V7	5		-3	-2	-2	-1	-1	F	F	Bb	Bb	dominant seventh chord	7	True	True	True	True	True	0	-1	-1	4	True	False	False
162	2	40.5	74	2	D	0	2.5	0	False	3	4	1	1	1/8	True	-3	6	14	6	6b	5	81/2	False	False				False	37		V7		Eb	V		V7	V		7			Mm7	False	False	(1, 5, 2, -1)	()	1	1	major	major	V	V, major	V		V	V	False	V7	V7, major		V7, major		V	V7	5		-3	-2	-2	-1	-1	F	F	Bb	Bb	dominant seventh chord	7	True	True	True	True	True	5	4	4	3	False	False	False
164	4	41.0	58	-2	B	-1	3.0	3	True	3	4	2	1	1/4	True	-3	6	14	6	6b	3	41	False	True				False	38		I		Eb	V		I	I					M	False	False	(0, 4, 1)	()	0	0	major	major	V	V, major	I		V	V	False	I	I, major		I, major		I	I	1		-3	-2	-2	-2	-2	Bb	Bb	Bb	Bb	major triad	0	True	True	True	True	True	1	0	0	1	True	True	True
164	2	41.0	74	2	D	0	3.0	3	True	3	4	1	1	1/8	True	-3	6	14	6	6b	5	41	False	True				False	38		I		Eb	V		I	I					M	False	False	(0, 4, 1)	()	0	0	major	major	V	V, major	I		V	V	False	I	I, major		I, major		I	I	1		-3	-2	-2	-2	-2	Bb	Bb	Bb	Bb	major triad	0	True	True	True	True	True	5	4	4	3	True	False	False
166	2	41.5	72	0	C	0	3.5	0	False	3	4	1	1	1/8	True	-3	6	14	6	6b	5	83/2	False	False				False	38		I		Eb	V		I	I					M	False	False	(0, 4, 1)	()	0	0	major	major	V	V, major	I		V	V	False	I	I, major		I, major		I	I	1		-3	-2	-2	-2	-2	Bb	Bb	Bb	Bb	major triad	0	True	True	True	True	True	3	2	2	2	False	False	False
168	4	42.0	51	-3	E	-1	1.0	1	True	3	4	2	1	1/4	True	-3	7	15	7	7b	3	42	False	True				False	39		ii65		Eb	V		ii65	ii		65			mm7	False	False	(-1, 3, 0, 2)	()	2	-1	major	major	V	V, major	ii		V	V	False	ii65	ii65, major		ii65, major		ii	ii7	2		-3	-2	-2	0	-3	C	Eb	Bb	Bb	minor seventh chord	1	True	True	True	True	True	0	-1	-1	4	True	False	True
168	2	42.0	72	0	C	0	1.0	1	True	3	4	1	1	1/8	True	-3	7	15	7	7b	5	42	False	True				False	39		ii65		Eb	V		ii65	ii		65			mm7	False	False	(-1, 3, 0, 2)	()	2	-1	major	major	V	V, major	ii		V	V	False	ii65	ii65, major		ii65, major		ii	ii7	2		-3	-2	-2	0	-3	C	Eb	Bb	Bb	minor seventh chord	1	True	True	True	True	True	3	2	2	2	True	True	False
170	2	42.5	82	-2	B	-1	1.5	0	False	3	4	1	1	1/8	True	-3	7	15	7	7b	5	85/2	False	False				False	39		ii65		Eb	V		ii65	ii		65			mm7	False	False	(-1, 3, 0, 2)	()	2	-1	major	major	V	V, major	ii		V	V	False	ii65	ii65, major		ii65, major		ii	ii7	2		-3	-2	-2	0	-3	C	Eb	Bb	Bb	minor seventh chord	1	True	True	True	True	True	1	0	0	1	True	False	False
172	4	43.0	53	-1	F	0	2.0	2	True	3	4	2	1	1/4	True	-3	7	15	7	7b	3	43	False	True				False	40		V(64)		Eb	V		V(64)	V			64		M	False	False	(1, 0, 4)	()	1	1	major	major	V	V, major	V		V	V	False	V	V, major		V(64), major		V	Cad	5		-3	-2	-2	-1	-1	F	F	Bb	Bb	major triad	0	True	True	True	True	True	2	1	1	5	True	True	True
172	2	43.0	74	2	D	0	2.0	2	True	3	4	1	1	1/8	True	-3	7	15	7	7b	5	43	False	True				False	40		V(64)		Eb	V		V(64)	V			64		M	False	False	(1, 0, 4)	()	1	1	major	major	V	V, major	V		V	V	False	V	V, major		V(64), major		V	Cad	5		-3	-2	-2	-1	-1	F	F	Bb	Bb	major triad	0	True	True	True	True	True	5	4	4	3	True	False	False
174	2	43.5	82	-2	B	-1	2.5	0	False	3	4	1	1	1/8	True	-3	7	15	7	7b	5	87/2	False	False				False	40		V(64)		Eb	V		V(64)	V			64		M	False	False	(1, 0, 4)	()	1	1	major	major	V	V, major	V		V	V	False	V	V, major		V(64), major		V	Cad	5		-3	-2	-2	-1	-1	F	F	Bb	Bb	major triad	0	True	True	True	True	True	1	0	0	1	True	False	False
176	4	44.0	41	-1	F	0	3.0	3	True	3	4	2	1	1/4	True	-3	7	15	7	7b	2	44	False	True				False	41		V7		Eb	V		V7	V		7			Mm7	False	False	(1, 5, 2, -1)	()	1	1	major	major	V	V, major	V		V	V	False	V7	V7, major		V7, major		V	V7	5		-3	-2	-2	-1	-1	F	F	Bb	Bb	dominant seventh chord	7	True	True	True	True	True	2	1	1	5	True	True	True
176	2	44.0	75	-3	E	-1	3.0	3	True	3	4	1	1	1/8	True	-3	7	15	7	7b	5	44	False	True				False	41		V7		Eb	V		V7	V		7			Mm7	False	False	(1, 5, 2, -1)	()	1	1	major	major	V	V, major	V		V	V	False	V7	V7, major		V7, major		V	V7	5		-3	-2	-2	-1	-1	F	F	Bb	Bb	dominant seventh chord	7	True	True	True	True	True	0	-1	-1	4	True	False	False
178	2	44.5	81	3	A	0	3.5	0	False	3	4	1	1	1/8	True	-3	7	15	7	7b	5	89/2	False	False				False	41		V7		Eb	V		V7	V		7			Mm7	False	False	(1, 5, 2, -1)	()	1	1	major	major	V	V, major	V		V	V	False	V7	V7, major		V7, major		V	V7	5		-3	-2	-2	-1	-1	F	F	Bb	Bb	dominant seventh chord	7	True	True	True	True	True	6	5	5	7	True	False	False
180	2	45.0	46	-2	B	-1	1.0	1	True	3	4	2	1	1/8	True	-3	9	16	8	8b	2	45	False	True	PAC	PAC	}	True	42	2	I|PAC}		Eb	V		I	I					M	False	False	(0, 4, 1)	()	0	0	major	major	V	V, major	I		V	V	False	I	I, major		I, major		I	I	1		-3	-2	-2	-2	-2	Bb	Bb	Bb	Bb	major triad	0	True	True	True	True	True	1	0	0	1	True	True	True
180	4	45.0	82	-2	B	-1	1.0	1	True	3	4	1	1	1/4	True	-3	9	16	8	8b	5	45	False	True	PAC	PAC	}	True	42	2	I|PAC}		Eb	V		I	I					M	False	False	(0, 4, 1)	()	0	0	major	major	V	V, major	I		V	V	False	I	I, major		I, major		I	I	1		-3	-2	-2	-2	-2	Bb	Bb	Bb	Bb	major triad	0	True	True	True	True	True	1	0	0	1	True	True	True
182	2	45.5	53	-1	F	0	1.5	0	False	3	4	2	1	1/8	True	-3	9	16	8	8b	3	91/2	False	False				False	42	2	I|PAC}		Eb	V		I	I					M	False	False	(0, 4, 1)	()	0	0	major	major	V	V, major	I		V	V	False	I	I, major		I, major		I	I	1		-3	-2	-2	-2	-2	Bb	Bb	Bb	Bb	major triad	0	True	True	True	True	True	2	1	1	5	True	False	False
184	8	46.0	58	-2	B	-1	2.0	2	True	3	4	2	1	1/2	True	-3	9	16	8	8b	3	46	False	False				False	42	2	I|PAC}		Eb	V		I	I					M	False	False	(0, 4, 1)	()	0	0	major	major	V	V, major	I		V	V	False	I	I, major		I, major		I	I	1		-3	-2	-2	-2	-2	Bb	Bb	Bb	Bb	major triad	0	True	True	True	True	True	1	0	0	1	True	True	True
184	8	46.0	70	-2	B	-1	2.0	2	True	3	4	1	1	1/2	True	-3	9	16	8	8b	4	46	False	False				False	42	2	I|PAC}		Eb	V		I	I					M	False	False	(0, 4, 1)	()	0	0	major	major	V	V, major	I		V	V	False	I	I, major		I, major		I	I	1		-3	-2	-2	-2	-2	Bb	Bb	Bb	Bb	major triad	0	True	True	True	True	True	1	0	0	1	True	True	True
192	2	48.0	46	-2	B	-1	1.0	1	True	3	4	2	1	1/8	True	-3	10	17	9	9a	2	48	True	False			{	False	43	2	{		Eb	V		I	I					M	False	False	()	()	0	0	major	major	V	V, major	I		V	V	False		, major		I, major		I	I	1		-3	-2	-2	-2	-2	Bb	Bb	Bb	Bb	None	0	False	True	True	True	True	1	0	0	1	False	True	True
192	2	48.0	74	2	D	0	1.0	1	True	3	4	1	1	1/8	True	-3	10	17	9	9a	5	48	True	False			{	False	43	2	{		Eb	V		I	I					M	False	False	()	()	0	0	major	major	V	V, major	I		V	V	False		, major		I, major		I	I	1		-3	-2	-2	-2	-2	Bb	Bb	Bb	Bb	None	0	False	True	True	True	True	5	4	4	3	False	False	False
194	2	48.5	48	0	C	0	1.5	0	False	3	4	2	1	1/8	True	-3	10	17	9	9a	3	97/2	False	False				False	43	2	{		Eb	V		I	I					M	False	False	()	()	0	0	major	major	V	V, major	I		V	V	False		, major		I, major		I	I	1		-3	-2	-2	-2	-2	Bb	Bb	Bb	Bb	None	0	False	True	True	True	True	3	2	2	2	False	False	False
194	1	48.5	75	-3	E	-1	1.5	0	False	3	4	1	1	1/16	True	-3	10	17	9	9a	5	97/2	False	False				False	43	2	{		Eb	V		I	I					M	False	False	()	()	0	0	major	major	V	V, major	I		V	V	False		, major		I, major		I	I	1		-3	-2	-2	-2	-2	Bb	Bb	Bb	Bb	None	0	False	True	True	True	True	0	-1	-1	4	False	False	False
195	1	48.75	77	-1	F	0	1.75	0	False	3	4	1	1	1/16	True	-3	10	17	9	9a	5	195/4	False	False				False	43	2	{		Eb	V		I	I					M	False	False	()	()	0	0	major	major	V	V, major	I		V	V	False		, major		I, major		I	I	1		-3	-2	-2	-2	-2	Bb	Bb	Bb	Bb	None	0	False	True	True	True	True	2	1	1	5	False	False	False
196	4	49.0	50	2	D	0	2.0	2	True	3	4	2	1	1/4	True	-3	10	17	9	9a	3	49	False	True				False	44		I.viio		Eb	I		viio	vii	o				o	False	False	(5, 2, -1)	()	5	5	major	major	I	I, major	vii		I	I	False	viio	viio, major		viio, major		vii	viio	7		-3	-3	-3	2	2	D	D	Eb	Eb	diminished triad	0	True	True	True	True	True	5	5	5	7	True	True	True
196	2	49.0	68	-4	A	-1	2.0	2	True	3	4	1	1	1/8	True	-3	10	17	9	9a	4	49	False	True				False	44		I.viio		Eb	I		viio	vii	o				o	False	False	(5, 2, -1)	()	5	5	major	major	I	I, major	vii		I	I	False	viio	viio, major		viio, major		vii	viio	7		-3	-3	-3	2	2	D	D	Eb	Eb	diminished triad	0	True	True	True	True	True	-1	-1	-1	4	True	False	False
198	2	49.5	67	1	G	0	2.5	0	False	3	4	1	1	1/8	True	-3	10	17	9	9a	4	99/2	False	False				False	44		I.viio		Eb	I		viio	vii	o				o	False	False	(5, 2, -1)	()	5	5	major	major	I	I, major	vii		I	I	False	viio	viio, major		viio, major		vii	viio	7		-3	-3	-3	2	2	D	D	Eb	Eb	diminished triad	0	True	True	True	True	True	4	4	4	3	False	False	False
200	4	50.0	51	-3	E	-1	3.0	3	True	3	4	2	1	1/4	True	-3	10	17	9	9a	3	50	False	True				False	45		I		Eb	I		I	I					M	False	False	(0, 4, 1)	()	0	0	major	major	I	I, major	I		I	I	False	I	I, major		I, major		I	I	1		-3	-3	-3	-3	-3	Eb	Eb	Eb	Eb	major triad	0	True	True	True	True	True	0	0	0	1	True	True	True
200	2	50.0	67	1	G	0	3.0	3	True	3	4	1	1	1/8	True	-3	10	17	9	9a	4	50	False	True				False	45		I		Eb	I		I	I					M	False	False	(0, 4, 1)	()	0	0	major	major	I	I, major	I		I	I	False	I	I, major		I, major		I	I	1		-3	-3	-3	-3	-3	Eb	Eb	Eb	Eb	major triad	0	True	True	True	True	True	4	4	4	3	True	False	False
202	2	50.5	68	-4	A	-1	3.5	0	False	3	4	1	1	1/8	True	-3	10	17	9	9a	4	101/2	False	False				False	45		I		Eb	I		I	I					M	False	False	(0, 4, 1)	()	0	0	major	major	I	I, major	I		I	I	False	I	I, major		I, major		I	I	1		-3	-3	-3	-3	-3	Eb	Eb	Eb	Eb	major triad	0	True	True	True	True	True	-1	-1	-1	4	False	False	False
204	2	51.0	50	2	D	0	1.0	1	True	3	4	2	1	1/8	True	-3	11	18	10	10a	3	51	False	True				False	46		viio		Eb	I		viio	vii	o				o	False	False	(5, 2, -1)	()	5	5	major	major	I	I, major	vii		I	I	False	viio	viio, major		viio, major		vii	viio	7		-3	-3	-3	2	2	D	D	Eb	Eb	diminished triad	0	True	True	True	True	True	5	5	5	7	True	True	True
204	2	51.0	68	-4	A	-1	1.0	1	True	3	4	1	1	1/8	True	-3	11	18	10	10a	4	51	False	True				False	46		viio		Eb	I		viio	vii	o				o	False	False	(5, 2, -1)	()	5	5	major	major	I	I, major	vii		I	I	False	viio	viio, major		viio, major		vii	viio	7		-3	-3	-3	2	2	D	D	Eb	Eb	diminished triad	0	True	True	True	True	True	-1	-1	-1	4	True	False	False
206	2	51.5	56	-4	A	-1	1.5	0	False	3	4	2	1	1/8	True	-3	11	18	10	10a	3	103/2	False	False				False	46		viio		Eb	I		viio	vii	o				o	False	False	(5, 2, -1)	()	5	5	major	major	I	I, major	vii		I	I	False	viio	viio, major		viio, major		vii	viio	7		-3	-3	-3	2	2	D	D	Eb	Eb	diminished triad	0	True	True	True	True	True	-1	-1	-1	4	True	False	False
206	2	51.5	77	-1	F	0	1.5	0	False	3	4	1	1	1/8	True	-3	11	18	10	10a	5	103/2	False	False				False	46		viio		Eb	I		viio	vii	o				o	False	False	(5, 2, -1)	()	5	5	major	major	I	I, major	vii		I	I	False	viio	viio, major		viio, major		vii	viio	7		-3	-3	-3	2	2	D	D	Eb	Eb	diminished triad	0	True	True	True	True	True	2	2	2	2	True	False	False
208	2	52.0	48	0	C	0	2.0	2	True	3	4	2	1	1/8	True	-3	11	18	10	10a	3	52	False	True				False	47		V7(2)		Eb	I		V7(2)	V		7	2		Mm7	False	False	(3, 5, 2, -1)	()	1	3	major	major	I	I, major	V		I	I	False	V7	V7, major		V7(2), major		V	V7	5		-3	-3	-3	-2	0	Bb	C	Eb	Eb	dominant seventh chord	7	True	True	True	True	True	3	3	3	6	True	False	True
208	8	52.0	74	2	D	0	2.0	2	True	3	4	1	1	1/2	True	-3	11	18	10	10a	5	52	False	True				False	47		V7(2)		Eb	I		V7(2)	V		7	2		Mm7	False	False	(3, 5, 2, -1)	()	1	3	major	major	I	I, major	V		I	I	False	V7	V7, major		V7(2), major		V	V7	5		-3	-3	-3	-2	0	Bb	C	Eb	Eb	dominant seventh chord	7	True	True	True	True	True	5	5	5	7	True	False	False
210	2	52.5	56	-4	A	-1	2.5	0	False	3	4	2	1	1/8	True	-3	11	18	10	10a	3	105/2	False	False				False	47		V7(2)		Eb	I		V7(2)	V		7	2		Mm7	False	False	(3, 5, 2, -1)	()	1	3	major	major	I	I, major	V		I	I	False	V7	V7, major		V7(2), major		V	V7	5		-3	-3	-3	-2	0	Bb	C	Eb	Eb	dominant seventh chord	7	True	True	True	True	True	-1	-1	-1	4	True	False	False
212	2	53.0	46	-2	B	-1	3.0	3	True	3	4	2	1	1/8	True	-3	11	18	10	10a	2	53	False	True				False	48		V7		Eb	I		V7	V		7			Mm7	False	False	(1, 5, 2, -1)	()	1	1	major	major	I	I, major	V		I	I	False	V7	V7, major		V7, major		V	V7	5		-3	-3	-3	-2	-2	Bb	Bb	Eb	Eb	dominant seventh chord	7	True	True	True	True	True	1	1	1	5	True	True	True
214	2	53.5	56	-4	A	-1	3.5	0	False	3	4	2	1	1/8	True	-3	11	18	10	10a	3	107/2	False	False				False	48		V7		Eb	I		V7	V		7			Mm7	False	False	(1, 5, 2, -1)	()	1	1	major	major	I	I, major	V		I	I	False	V7	V7, major		V7, major		V	V7	5		-3	-3	-3	-2	-2	Bb	Bb	Eb	Eb	dominant seventh chord	7	True	True	True	True	True	-1	-1	-1	4	True	False	False
216	2	54.0	55	1	G	0	1.0	1	True	3	4	2	1	1/8	True	-3	12	19	11	11a	3	54	False	True				False	49		I6		Eb	I		I6	I		6			M	False	False	(4, 1, 0)	()	0	4	major	major	I	I, major	I		I	I	False	I6	I6, major		I6, major		I	I	1		-3	-3	-3	-3	1	Eb	G	Eb	Eb	major triad	1	True	True	True	True	True	4	4	4	3	True	False	True
216	2	54.0	75	-3	E	-1	1.0	1	True	3	4	1	1	1/8	True	-3	12	19	11	11a	5	54	False	True				False	49		I6		Eb	I		I6	I		6			M	False	False	(4, 1, 0)	()	0	4	major	major	I	I, major	I		I	I	False	I6	I6, major		I6, major		I	I	1		-3	-3	-3	-3	1	Eb	G	Eb	Eb	major triad	1	True	True	True	True	True	0	0	0	1	True	True	False
218	2	54.5	58	-2	B	-1	1.5	0	False	3	4	2	1	1/8	True	-3	12	19	11	11a	3	109/2	False	False				False	49		I6		Eb	I		I6	I		6			M	False	False	(4, 1, 0)	()	0	4	major	major	I	I, major	I		I	I	False	I6	I6, major		I6, major		I	I	1		-3	-3	-3	-3	1	Eb	G	Eb	Eb	major triad	1	True	True	True	True	True	1	1	1	5	True	False	False
218	1	54.5	77	-1	F	0	1.5	0	False	3	4	1	1	1/16	True	-3	12	19	11	11a	5	109/2	False	False				False	49		I6		Eb	I		I6	I		6			M	False	False	(4, 1, 0)	()	0	4	major	major	I	I, major	I		I	I	False	I6	I6, major		I6, major		I	I	1		-3	-3	-3	-3	1	Eb	G	Eb	Eb	major triad	1	True	True	True	True	True	2	2	2	2	False	False	False
219	1	54.75	79	1	G	0	1.75	0	False	3	4	1	1	1/16	True	-3	12	19	11	11a	5	219/4	False	False				False	49		I6		Eb	I		I6	I		6			M	False	False	(4, 1, 0)	()	0	4	major	major	I	I, major	I		I	I	False	I6	I6, major		I6, major		I	I	1		-3	-3	-3	-3	1	Eb	G	Eb	Eb	major triad	1	True	True	True	True	True	4	4	4	3	True	False	True
220	4	55.0	61	-5	D	-1	2.0	2	True	3	4	2	1	1/4	True	-3	12	19	11	11a	4	55	False	True				False	50		iv6/ii		Eb	I		iv6/ii	iv		6		ii	m	False	False	(-2, 2, 1)	()	1	-2	major	major	I	I, major	iv/ii	ii	ii/I	ii	True	iv6/ii	iv6/ii, major		iv6/ii, major	ii	ii	iv	4	2	-3	-3	-1	-2	-5	Bb	Db	Eb	F	minor triad	1	True	True	True	True	True	-2	-2	-4	b7	True	False	True
220	2	55.0	70	-2	B	-1	2.0	2	True	3	4	1	1	1/8	True	-3	12	19	11	11a	4	55	False	True				False	50		iv6/ii		Eb	I		iv6/ii	iv		6		ii	m	False	False	(-2, 2, 1)	()	1	-2	major	major	I	I, major	iv/ii	ii	ii/I	ii	True	iv6/ii	iv6/ii, major		iv6/ii, major	ii	ii	iv	4	2	-3	-3	-1	-2	-5	Bb	Db	Eb	F	minor triad	1	True	True	True	True	True	1	1	-1	5	True	True	False
222	2	55.5	72	0	C	0	2.5	0	False	3	4	1	1	1/8	True	-3	12	19	11	11a	5	111/2	False	False				False	50		iv6/ii		Eb	I		iv6/ii	iv		6		ii	m	False	False	(-2, 2, 1)	()	1	-2	major	major	I	I, major	iv/ii	ii	ii/I	ii	True	iv6/ii	iv6/ii, major		iv6/ii, major	ii	ii	iv	4	2	-3	-3	-1	-2	-5	Bb	Db	Eb	F	minor triad	1	True	True	True	True	True	3	3	1	6	False	False	False
224	4	56.0	53	-1	F	0	3.0	3	True	3	4	2	1	1/4	True	-3	12	19	11	11a	3	56	False	True				False	51		ii		Eb	I		ii	ii					m	False	False	(2, -1, 3)	()	2	2	major	major	I	I, major	ii		I	I	False	ii	ii, major		ii, major		ii	ii	2		-3	-3	-3	-1	-1	F	F	Eb	Eb	minor triad	0	True	True	True	True	True	2	2	2	2	True	True	True
224	2	56.0	72	0	C	0	3.0	3	True	3	4	1	1	1/8	True	-3	12	19	11	11a	5	56	False	True				False	51		ii		Eb	I		ii	ii					m	False	False	(2, -1, 3)	()	2	2	major	major	I	I, major	ii		I	I	False	ii	ii, major		ii, major		ii	ii	2		-3	-3	-3	-1	-1	F	F	Eb	Eb	minor triad	0	True	True	True	True	True	3	3	3	6	True	False	False
226	2	56.5	73	-5	D	-1	3.5	0	False	3	4	1	1	1/8	True	-3	12	19	11	11a	5	113/2	False	False				False	51		ii		Eb	I		ii	ii					m	False	False	(2, -1, 3)	()	2	2	major	major	I	I, major	ii		I	I	False	ii	ii, major		ii, major		ii	ii	2		-3	-3	-3	-1	-1	F	F	Eb	Eb	minor triad	0	True	True	True	True	True	-2	-2	-2	b7	False	False	False
228	2	57.0	52	4	E	0	1.0	1	True	3	4	2	1	1/8	True	-3	13	20	12	12a	3	57	False	True				False	52		#viio7/ii		Eb	I		#viio7/ii	#vii	o	7		ii	o7	False	False	(7, 4, 1, -2)	()	7	7	major	major	I	I, major	#vii/ii	ii	ii/I	ii	True	#viio7/ii	#viio7/ii, major		#viio7/ii, major	ii	ii	viio7	#7	2	-3	-3	-1	4	4	E	E	Eb	F	diminished seventh chord	7	True	True	True	True	True	7	7	5	#1	True	True	True
228	2	57.0	73	-5	D	-1	1.0	1	True	3	4	1	1	1/8	True	-3	13	20	12	12a	5	57	False	True				False	52		#viio7/ii		Eb	I		#viio7/ii	#vii	o	7		ii	o7	False	False	(7, 4, 1, -2)	()	7	7	major	major	I	I, major	#vii/ii	ii	ii/I	ii	True	#viio7/ii	#viio7/ii, major		#viio7/ii, major	ii	ii	viio7	#7	2	-3	-3	-1	4	4	E	E	Eb	F	diminished seventh chord	7	True	True	True	True	True	-2	-2	-4	b7	True	False	False
230	2	57.5	55	1	G	0	1.5	0	False	3	4	2	1	1/8	True	-3	13	20	12	12a	3	115/2	False	False				False	52		#viio7/ii		Eb	I		#viio7/ii	#vii	o	7		ii	o7	False	False	(7, 4, 1, -2)	()	7	7	major	major	I	I, major	#vii/ii	ii	ii/I	ii	True	#viio7/ii	#viio7/ii, major		#viio7/ii, major	ii	ii	viio7	#7	2	-3	-3	-1	4	4	E	E	Eb	F	diminished seventh chord	7	True	True	True	True	True	4	4	2	3	True	False	False
230	2	57.5	82	-2	B	-1	1.5	0	False	3	4	1	1	1/8	True	-3	13	20	12	12a	5	115/2	False	False				False	52		#viio7/ii		Eb	I		#viio7/ii	#vii	o	7		ii	o7	False	False	(7, 4, 1, -2)	()	7	7	major	major	I	I, major	#vii/ii	ii	ii/I	ii	True	#viio7/ii	#viio7/ii, major		#viio7/ii, major	ii	ii	viio7	#7	2	-3	-3	-1	4	4	E	E	Eb	F	diminished seventh chord	7	True	True	True	True	True	1	1	-1	5	True	False	False
232	2	58.0	58	-2	B	-1	2.0	2	True	3	4	2	1	1/8	True	-3	13	20	12	12a	3	58	False	False				False	52		#viio7/ii		Eb	I		#viio7/ii	#vii	o	7		ii	o7	False	False	(7, 4, 1, -2)	()	7	7	major	major	I	I, major	#vii/ii	ii	ii/I	ii	True	#viio7/ii	#viio7/ii, major		#viio7/ii, major	ii	ii	viio7	#7	2	-3	-3	-1	4	4	E	E	Eb	F	diminished seventh chord	7	True	True	True	True	True	1	1	-1	5	True	False	False
232	8	58.0	79	1	G	0	2.0	2	True	3	4	1	1	1/2	True	-3	13	20	12	12a	5	58	False	False				False	52		#viio7/ii		Eb	I		#viio7/ii	#vii	o	7		ii	o7	False	False	(7, 4, 1, -2)	()	7	7	major	major	I	I, major	#vii/ii	ii	ii/I	ii	True	#viio7/ii	#viio7/ii, major		#viio7/ii, major	ii	ii	viio7	#7	2	-3	-3	-1	4	4	E	E	Eb	F	diminished seventh chord	7	True	True	True	True	True	4	4	2	3	True	False	False
234	2	58.5	56	-4	A	-1	2.5	0	False	3	4	2	1	1/8	True	-3	13	20	12	12a	3	117/2	False	False				False	52		#viio7/ii		Eb	I		#viio7/ii	#vii	o	7		ii	o7	False	False	(7, 4, 1, -2)	()	7	7	major	major	I	I, major	#vii/ii	ii	ii/I	ii	True	#viio7/ii	#viio7/ii, major		#viio7/ii, major	ii	ii	viio7	#7	2	-3	-3	-1	4	4	E	E	Eb	F	diminished seventh chord	7	True	True	True	True	True	-1	-1	-3	4	False	False	False
236	2	59.0	56	-4	A	-1	3.0	3	True	3	4	2	1	1/8	True	-3	13	20	12	12a	3	59	False	False				False	52		#viio7/ii		Eb	I		#viio7/ii	#vii	o	7		ii	o7	False	False	(7, 4, 1, -2)	()	7	7	major	major	I	I, major	#vii/ii	ii	ii/I	ii	True	#viio7/ii	#viio7/ii, major		#viio7/ii, major	ii	ii	viio7	#7	2	-3	-3	-1	4	4	E	E	Eb	F	diminished seventh chord	7	True	True	True	True	True	-1	-1	-3	4	False	False	False
238	2	59.5	55	1	G	0	3.5	0	False	3	4	2	1	1/8	True	-3	13	20	12	12a	3	119/2	False	False				False	52		#viio7/ii		Eb	I		#viio7/ii	#vii	o	7		ii	o7	False	False	(7, 4, 1, -2)	()	7	7	major	major	I	I, major	#vii/ii	ii	ii/I	ii	True	#viio7/ii	#viio7/ii, major		#viio7/ii, major	ii	ii	viio7	#7	2	-3	-3	-1	4	4	E	E	Eb	F	diminished seventh chord	7	True	True	True	True	True	4	4	2	3	True	False	False
240	4	60.0	53	-1	F	0	1.0	1	True	3	4	2	1	1/4	True	-3	14	21	13	13a	3	60	False	True				False	53		ii		Eb	I		ii	ii					m	False	False	(2, -1, 3)	()	2	2	major	major	I	I, major	ii		I	I	False	ii	ii, major		ii, major		ii	ii	2		-3	-3	-3	-1	-1	F	F	Eb	Eb	minor triad	0	True	True	True	True	True	2	2	2	2	True	True	True
240	2	60.0	80	-4	A	-1	1.0	1	True	3	4	1	1	1/8	True	-3	14	21	13	13a	5	60	False	True				False	53		ii		Eb	I		ii	ii					m	False	False	(2, -1, 3)	()	2	2	major	major	I	I, major	ii		I	I	False	ii	ii, major		ii, major		ii	ii	2		-3	-3	-3	-1	-1	F	F	Eb	Eb	minor triad	0	True	True	True	True	True	-1	-1	-1	4	True	False	False
242	2	60.5	77	-1	F	0	1.5	0	False	3	4	1	1	1/8	True	-3	14	21	13	13a	5	121/2	False	False				False	53		ii		Eb	I		ii	ii					m	False	False	(2, -1, 3)	()	2	2	major	major	I	I, major	ii		I	I	False	ii	ii, major		ii, major		ii	ii	2		-3	-3	-3	-1	-1	F	F	Eb	Eb	minor triad	0	True	True	True	True	True	2	2	2	2	True	True	True
244	4	61.0	65	-1	F	0	2.0	2	True	3	4	2	1	1/4	True	-3	14	21	13	13a	4	61	False	True				False	54		viio6		Eb	I		viio6	vii	o	6			o	False	False	(2, -1, 5)	()	5	2	major	major	I	I, major	vii		I	I	False	viio6	viio6, major		viio6, major		vii	viio	7		-3	-3	-3	2	-1	D	F	Eb	Eb	diminished triad	1	True	True	True	True	True	2	2	2	2	True	False	True
244	2	61.0	74	2	D	0	2.0	2	True	3	4	1	1	1/8	True	-3	14	21	13	13a	5	61	False	True				False	54		viio6		Eb	I		viio6	vii	o	6			o	False	False	(2, -1, 5)	()	5	2	major	major	I	I, major	vii		I	I	False	viio6	viio6, major		viio6, major		vii	viio	7		-3	-3	-3	2	-1	D	F	Eb	Eb	diminished triad	1	True	True	True	True	True	5	5	5	7	True	True	False
246	2	61.5	75	-3	E	-1	2.5	0	False	3	4	1	1	1/8	True	-3	14	21	13	13a	5	123/2	False	False				False	54		viio6		Eb	I		viio6	vii	o	6			o	False	False	(2, -1, 5)	()	5	2	major	major	I	I, major	vii		I	I	False	viio6	viio6, major		viio6, major		vii	viio	7		-3	-3	-3	2	-1	D	F	Eb	Eb	diminished triad	1	True	True	True	True	True	0	0	0	1	False	False	False
248	4	62.0	63	-3	E	-1	3.0	3	True	3	4	2	1	1/4	True	-3	14	21	13	13a	4	62	False	True				False	55		I		Eb	I		I	I					M	False	False	(0, 4, 1)	()	0	0	major	major	I	I, major	I		I	I	False	I	I, major		I, major		I	I	1		-3	-3	-3	-3	-3	Eb	Eb	Eb	Eb	major triad	0	True	True	True	True	True	0	0	0	1	True	True	True
248	2	62.0	75	-3	E	-1	3.0	3	True	3	4	1	1	1/8	True	-3	14	21	13	13a	5	62	False	True				False	55		I		Eb	I		I	I					M	False	False	(0, 4, 1)	()	0	0	major	major	I	I, major	I		I	I	False	I	I, major		I, major		I	I	1		-3	-3	-3	-3	-3	Eb	Eb	Eb	Eb	major triad	0	True	True	True	True	True	0	0	0	1	True	True	True
250	2	62.5	77	-1	F	0	3.5	0	False	3	4	1	1	1/8	True	-3	14	21	13	13a	5	125/2	False	False				False	55		I		Eb	I		I	I					M	False	False	(0, 4, 1)	()	0	0	major	major	I	I, major	I		I	I	False	I	I, major		I, major		I	I	1		-3	-3	-3	-3	-3	Eb	Eb	Eb	Eb	major triad	0	True	True	True	True	True	2	2	2	2	False	False	False
252	4	63.0	62	2	D	0	1.0	1	True	3	4	2	1	1/4	True	-3	15	22	14	14a	4	63	False	True				False	56		viio		Eb	I		viio	vii	o				o	False	False	(5, 2, -1)	()	5	5	major	major	I	I, major	vii		I	I	False	viio	viio, major		viio, major		vii	viio	7		-3	-3	-3	2	2	D	D	Eb	Eb	diminished triad	0	True	True	True	True	True	5	5	5	7	True	True	True
252	2	63.0	77	-1	F	0	1.0	1	True	3	4	1	1	1/8	True	-3	15	22	14	14a	5	63	False	True				False	56		viio		Eb	I		viio	vii	o				o	False	False	(5, 2, -1)	()	5	5	major	major	I	I, major	vii		I	I	False	viio	viio, major		viio, major		vii	viio	7		-3	-3	-3	2	2	D	D	Eb	Eb	diminished triad	0	True	True	True	True	True	2	2	2	2	True	False	False
254	2	63.5	68	-4	A	-1	1.5	0	False	3	4	1	1	1/8	True	-3	15	22	14	14a	4	127/2	False	False				False	56		viio		Eb	I		viio	vii	o				o	False	False	(5, 2, -1)	()	5	5	major	major	I	I, major	vii		I	I	False	viio	viio, major		viio, major		vii	viio	7		-3	-3	-3	2	2	D	D	Eb	Eb	diminished triad	0	True	True	True	True	True	-1	-1	-1	4	True	False	False
256	4	64.0	58	-2	B	-1	2.0	2	True	3	4	2	1	1/4	True	-3	15	22	14	14a	3	64	False	True				False	57		V7		Eb	I		V7	V		7			Mm7	False	False	(1, 5, 2, -1)	()	1	1	major	major	I	I, major	V		I	I	False	V7	V7, major		V7, major		V	V7	5		-3	-3	-3	-2	-2	Bb	Bb	Eb	Eb	dominant seventh chord	7	True	True	True	True	True	1	1	1	5	True	True	True
256	2	64.0	68	-4	A	-1	2.0	2	True	3	4	1	1	1/8	True	-3	15	22	14	14a	4	64	False	True				False	57		V7		Eb	I		V7	V		7			Mm7	False	False	(1, 5, 2, -1)	()	1	1	major	major	I	I, major	V		I	I	False	V7	V7, major		V7, major		V	V7	5		-3	-3	-3	-2	-2	Bb	Bb	Eb	Eb	dominant seventh chord	7	True	True	True	True	True	-1	-1	-1	4	True	False	False
258	2	64.5	67	1	G	0	2.5	0	False	3	4	1	1	1/8	True	-3	15	22	14	14a	4	129/2	False	False				False	57		V7		Eb	I		V7	V		7			Mm7	False	False	(1, 5, 2, -1)	()	1	1	major	major	I	I, major	V		I	I	False	V7	V7, major		V7, major		V	V7	5		-3	-3	-3	-2	-2	Bb	Bb	Eb	Eb	dominant seventh chord	7	True	True	True	True	True	4	4	4	3	False	False	False
260	4	65.0	63	-3	E	-1	3.0	3	True	3	4	2	1	1/4	True	-3	15	22	14	14a	4	65	False	True				False	58		I		Eb	I		I	I					M	False	False	(0, 4, 1)	()	0	0	major	major	I	I, major	I		I	I	False	I	I, major		I, major		I	I	1		-3	-3	-3	-3	-3	Eb	Eb	Eb	Eb	major triad	0	True	True	True	True	True	0	0	0	1	True	True	True
260	2	65.0	67	1	G	0	3.0	3	True	3	4	1	1	1/8	True	-3	15	22	14	14a	4	65	False	True				False	58		I		Eb	I		I	I					M	False	False	(0, 4, 1)	()	0	0	major	major	I	I, major	I		I	I	False	I	I, major		I, major		I	I	1		-3	-3	-3	-3	-3	Eb	Eb	Eb	Eb	major triad	0	True	True	True	True	True	4	4	4	3	True	False	False
262	2	65.5	70	-2	B	-1	3.5	0	False	3	4	1	1	1/8	True	-3	15	22	14	14a	4	131/2	False	False				False	58		I		Eb	I		I	I					M	False	False	(0, 4, 1)	()	0	0	major	major	I	I, major	I		I	I	False	I	I, major		I, major		I	I	1		-3	-3	-3	-3	-3	Eb	Eb	Eb	Eb	major triad	0	True	True	True	True	True	1	1	1	5	True	False	False
264	2	66.0	55	1	G	0	1.0	1	True	3	4	2	1	1/8	True	-3	16	23	15	15a	3	66	False	True				False	59		vi64		Eb	I		vi64	vi		64			m	False	False	(4, 3, 0)	()	3	4	major	major	I	I, major	vi		I	I	False	vi64	vi64, major		vi64, major		vi	vi	6		-3	-3	-3	0	1	C	G	Eb	Eb	minor triad	2	True	True	True	True	True	4	4	4	3	True	False	True
264	2	66.0	75	-3	E	-1	1.0	1	True	3	4	1	1	1/8	True	-3	16	23	15	15a	5	66	False	True				False	59		vi64		Eb	I		vi64	vi		64			m	False	False	(4, 3, 0)	()	3	4	major	major	I	I, major	vi		I	I	False	vi64	vi64, major		vi64, major		vi	vi	6		-3	-3	-3	0	1	C	G	Eb	Eb	minor triad	2	True	True	True	True	True	0	0	0	1	True	False	False
266	2	66.5	60	0	C	0	1.5	0	False	3	4	2	1	1/8	True	-3	16	23	15	15a	4	133/2	False	False				False	59		vi64		Eb	I		vi64	vi		64			m	False	False	(4, 3, 0)	()	3	4	major	major	I	I, major	vi		I	I	False	vi64	vi64, major		vi64, major		vi	vi	6		-3	-3	-3	0	1	C	G	Eb	Eb	minor triad	2	True	True	True	True	True	3	3	3	6	True	True	False
266	2	66.5	67	1	G	0	1.5	0	False	3	4	1	1	1/8	True	-3	16	23	15	15a	4	133/2	False	False				False	59		vi64		Eb	I		vi64	vi		64			m	False	False	(4, 3, 0)	()	3	4	major	major	I	I, major	vi		I	I	False	vi64	vi64, major		vi64, major		vi	vi	6		-3	-3	-3	0	1	C	G	Eb	Eb	minor triad	2	True	True	True	True	True	4	4	4	3	True	False	True
268	2	67.0	58	-2	B	-1	2.0	2	True	3	4	2	1	1/8	True	-3	16	23	15	15a	3	67	False	True				False	60		I6(11)		Eb	I		I6(11)	I		6	11		M	False	False	(4, 1, 0)	(-1,)	0	4	major	major	I	I, major	I		I	I	False	I6	I6, major		I6(11), major		I	I	1		-3	-3	-3	-3	1	Eb	G	Eb	Eb	major triad	1	True	True	True	True	True	1	1	1	5	True	False	False
268	4	67.0	68	-4	A	-1	2.0	2	True	3	4	1	1	1/4	True	-3	16	23	15	15a	4	67	False	True				False	60		I6(11)		Eb	I		I6(11)	I		6	11		M	False	False	(4, 1, 0)	(-1,)	0	4	major	major	I	I, major	I		I	I	False	I6	I6, major		I6(11), major		I	I	1		-3	-3	-3	-3	1	Eb	G	Eb	Eb	major triad	1	True	True	True	True	True	-1	-1	-1	4	False	False	False
270	2	67.5	55	1	G	0	2.5	0	False	3	4	2	1	1/8	True	-3	16	23	15	15a	3	135/2	False	False				False	60		I6(11)		Eb	I		I6(11)	I		6	11		M	False	False	(4, 1, 0)	(-1,)	0	4	major	major	I	I, major	I		I	I	False	I6	I6, major		I6(11), major		I	I	1		-3	-3	-3	-3	1	Eb	G	Eb	Eb	major triad	1	True	True	True	True	True	4	4	4	3	True	False	True
272	2	68.0	56	-4	A	-1	3.0	3	True	3	4	2	1	1/8	True	-3	16	23	15	15a	3	68	False	True				False	61		ii6		Eb	I		ii6	ii		6			m	False	False	(-1, 3, 2)	()	2	-1	major	major	I	I, major	ii		I	I	False	ii6	ii6, major		ii6, major		ii	ii	2		-3	-3	-3	-1	-4	F	Ab	Eb	Eb	minor triad	1	True	True	True	True	True	-1	-1	-1	4	True	False	True
272	4	68.0	65	-1	F	0	3.0	3	True	3	4	1	1	1/4	True	-3	16	23	15	15a	4	68	False	True				False	61		ii6		Eb	I		ii6	ii		6			m	False	False	(-1, 3, 2)	()	2	-1	major	major	I	I, major	ii		I	I	False	ii6	ii6, major		ii6, major		ii	ii	2		-3	-3	-3	-1	-4	F	Ab	Eb	Eb	minor triad	1	True	True	True	True	True	2	2	2	2	True	True	False
274	2	68.5	58	-2	B	-1	3.5	0	False	3	4	2	1	1/8	True	-3	16	23	15	15a	3	137/2	False	True				False	62		V		Eb	I		V	V					M	False	False	(1, 5, 2)	()	1	1	major	major	I	I, major	V		I	I	False	V	V, major		V, major		V	V	5		-3	-3	-3	-2	-2	Bb	Bb	Eb	Eb	major triad	0	True	True	True	True	True	1	1	1	5	True	True	True
276	2	69.0	51	-3	E	-1	1.0	1	True	3	4	2	1	1/8	True	-3	17	24	16	16a	3	69	False	True	PAC	PAC	}	True	63	1	I|PAC}		Eb	I		I	I					M	False	False	(0, 4, 1)	()	0	0	major	major	I	I, major	I		I	I	False	I	I, major		I, major		I	I	1		-3	-3	-3	-3	-3	Eb	Eb	Eb	Eb	major triad	0	True	True	True	True	True	0	0	0	1	True	True	True
276	12	69.0	63	-3	E	-1	1.0	1	True	3	4	1	1	3/4	True	-3	17	24	16	16a	4	69	False	True	PAC	PAC	}	True	63	1	I|PAC}		Eb	I		I	I					M	False	False	(0, 4, 1)	()	0	0	major	major	I	I, major	I		I	I	False	I	I, major		I, major		I	I	1		-3	-3	-3	-3	-3	Eb	Eb	Eb	Eb	major triad	0	True	True	True	True	True	0	0	0	1	True	True	True
278	2	69.5	56	-4	A	-1	1.5	0	False	3	4	2	1	1/8	True	-3	17	24	16	16a	3	139/2	False	False				False	63	1	I|PAC}		Eb	I		I	I					M	False	False	(0, 4, 1)	()	0	0	major	major	I	I, major	I		I	I	False	I	I, major		I, major		I	I	1		-3	-3	-3	-3	-3	Eb	Eb	Eb	Eb	major triad	0	True	True	True	True	True	-1	-1	-1	4	False	False	False
280	2	70.0	55	1	G	0	2.0	2	True	3	4	2	1	1/8	True	-3	17	24	16	16a	3	70	False	False				False	63	1	I|PAC}		Eb	I		I	I					M	False	False	(0, 4, 1)	()	0	0	major	major	I	I, major	I		I	I	False	I	I, major		I, major		I	I	1		-3	-3	-3	-3	-3	Eb	Eb	Eb	Eb	major triad	0	True	True	True	True	True	4	4	4	3	True	False	False
282	2	70.5	51	-3	E	-1	2.5	0	False	3	4	2	1	1/8	True	-3	17	24	16	16a	3	141/2	False	False				False	63	1	I|PAC}		Eb	I		I	I					M	False	False	(0, 4, 1)	()	0	0	major	major	I	I, major	I		I	I	False	I	I, major		I, major		I	I	1		-3	-3	-3	-3	-3	Eb	Eb	Eb	Eb	major triad	0	True	True	True	True	True	0	0	0	1	True	True	True
284	2	71.0	53	-1	F	0	3.0	3	True	3	4	2	1	1/8	True	-3	17	24	16	16a	3	71	False	False				False	63	1	I|PAC}		Eb	I		I	I					M	False	False	(0, 4, 1)	()	0	0	major	major	I	I, major	I		I	I	False	I	I, major		I, major		I	I	1		-3	-3	-3	-3	-3	Eb	Eb	Eb	Eb	major triad	0	True	True	True	True	True	2	2	2	2	False	False	False
286	2	71.5	55	1	G	0	3.5	0	False	3	4	2	1	1/8	True	-3	17	24	16	16a	3	143/2	False	False				False	63	1	I|PAC}		Eb	I		I	I					M	False	False	(0, 4, 1)	()	0	0	major	major	I	I, major	I		I	I	False	I	I, major		I, major		I	I	1		-3	-3	-3	-3	-3	Eb	Eb	Eb	Eb	major triad	0	True	True	True	True	True	4	4	4	3	True	False	False
288	2	72.0	46	-2	B	-1	1.0	1	True	3	4	2	1	1/8	True	-3	10	25	9	9b	2	72	True	False			{	False	64	1	{		Eb	V		I	I					M	False	False	()	()	0	0	major	major	V	V, major	I		V	V	False		, major		I, major		I	I	1		-3	-2	-2	-3	-3	Eb	Eb	Bb	Bb	None	0	False	True	True	True	True	1	0	0	1	False	True	True
288	2	72.0	74	2	D	0	1.0	1	True	3	4	1	1	1/8	True	-3	10	25	9	9b	5	72	True	False			{	False	64	1	{		Eb	V		I	I					M	False	False	()	()	0	0	major	major	V	V, major	I		V	V	False		, major		I, major		I	I	1		-3	-2	-2	-3	-3	Eb	Eb	Bb	Bb	None	0	False	True	True	True	True	5	4	4	3	False	False	False
290	2	72.5	48	0	C	0	1.5	0	False	3	4	2	1	1/8	True	-3	10	25	9	9b	3	145/2	False	False				False	64	1	{		Eb	V		I	I					M	False	False	()	()	0	0	major	major	V	V, major	I		V	V	False		, major		I, major		I	I	1		-3	-2	-2	-3	-3	Eb	Eb	Bb	Bb	None	0	False	True	True	True	True	3	2	2	2	False	False	False
290	1	72.5	75	-3	E	-1	1.5	0	False	3	4	1	1	1/16	True	-3	10	25	9	9b	5	145/2	False	False				False	64	1	{		Eb	V		I	I					M	False	False	()	()	0	0	major	major	V	V, major	I		V	V	False		, major		I, major		I	I	1		-3	-2	-2	-3	-3	Eb	Eb	Bb	Bb	None	0	False	True	True	True	True	0	-1	-1	4	False	False	False
291	1	72.75	77	-1	F	0	1.75	0	False	3	4	1	1	1/16	True	-3	10	25	9	9b	5	291/4	False	False				False	64	1	{		Eb	V		I	I					M	False	False	()	()	0	0	major	major	V	V, major	I		V	V	False		, major		I, major		I	I	1		-3	-2	-2	-3	-3	Eb	Eb	Bb	Bb	None	0	False	True	True	True	True	2	1	1	5	False	False	False
292	4	73.0	50	2	D	0	2.0	2	True	3	4	2	1	1/4	True	-3	10	25	9	9b	3	73	False	True				False	65		I.viio		Eb	I		viio	vii	o				o	False	False	(5, 2, -1)	()	5	5	major	major	I	I, major	vii		I	I	False	viio	viio, major		viio, major		vii	viio	7		-3	-3	-3	2	2	D	D	Eb	Eb	diminished triad	0	True	True	True	True	True	5	5	5	7	True	True	True
292	2	73.0	68	-4	A	-1	2.0	2	True	3	4	1	1	1/8	True	-3	10	25	9	9b	4	73	False	True				False	65		I.viio		Eb	I		viio	vii	o				o	False	False	(5, 2, -1)	()	5	5	major	major	I	I, major	vii		I	I	False	viio	viio, major		viio, major		vii	viio	7		-3	-3	-3	2	2	D	D	Eb	Eb	diminished triad	0	True	True	True	True	True	-1	-1	-1	4	True	False	False
294	2	73.5	67	1	G	0	2.5	0	False	3	4	1	1	1/8	True	-3	10	25	9	9b	4	147/2	False	False				False	65		I.viio		Eb	I		viio	vii	o				o	False	False	(5, 2, -1)	()	5	5	major	major	I	I, major	vii		I	I	False	viio	viio, major		viio, major		vii	viio	7		-3	-3	-3	2	2	D	D	Eb	Eb	diminished triad	0	True	True	True	True	True	4	4	4	3	False	False	False
296	4	74.0	51	-3	E	-1	3.0	3	True	3	4	2	1	1/4	True	-3	10	25	9	9b	3	74	False	True				False	66		I		Eb	I		I	I					M	False	False	(0, 4, 1)	()	0	0	major	major	I	I, major	I		I	I	False	I	I, major		I, major		I	I	1		-3	-3	-3	-3	-3	Eb	Eb	Eb	Eb	major triad	0	True	True	True	True	True	0	0	0	1	True	True	True
296	2	74.0	67	1	G	0	3.0	3	True	3	4	1	1	1/8	True	-3	10	25	9	9b	4	74	False	True				False	66		I		Eb	I		I	I					M	False	False	(0, 4, 1)	()	0	0	major	major	I	I, major	I		I	I	False	I	I, major		I, major		I	I	1		-3	-3	-3	-3	-3	Eb	Eb	Eb	Eb	major triad	0	True	True	True	True	True	4	4	4	3	True	False	False
298	2	74.5	68	-4	A	-1	3.5	0	False	3	4	1	1	1/8	True	-3	10	25	9	9b	4	149/2	False	False				False	66		I		Eb	I		I	I					M	False	False	(0, 4, 1)	()	0	0	major	major	I	I, major	I		I	I	False	I	I, major		I, major		I	I	1		-3	-3	-3	-3	-3	Eb	Eb	Eb	Eb	major triad	0	True	True	True	True	True	-1	-1	-1	4	False	False	False
300	2	75.0	50	2	D	0	1.0	1	True	3	4	2	1	1/8	True	-3	11	26	10	10b	3	75	False	True				False	67		viio		Eb	I		viio	vii	o				o	False	False	(5, 2, -1)	()	5	5	major	major	I	I, major	vii		I	I	False	viio	viio, major		viio, major		vii	viio	7		-3	-3	-3	2	2	D	D	Eb	Eb	diminished triad	0	True	True	True	True	True	5	5	5	7	True	True	True
300	2	75.0	68	-4	A	-1	1.0	1	True	3	4	1	1	1/8	True	-3	11	26	10	10b	4	75	False	True				False	67		viio		Eb	I		viio	vii	o				o	False	False	(5, 2, -1)	()	5	5	major	major	I	I, major	vii		I	I	False	viio	viio, major		viio, major		vii	viio	7		-3	-3	-3	2	2	D	D	Eb	Eb	diminished triad	0	True	True	True	True	True	-1	-1	-1	4	True	False	False
302	2	75.5	56	-4	A	-1	1.5	0	False	3	4	2	1	1/8	True	-3	11	26	10	10b	3	151/2	False	False				False	67		viio		Eb	I		viio	vii	o				o	False	False	(5, 2, -1)	()	5	5	major	major	I	I, major	vii		I	I	False	viio	viio, major		viio, major		vii	viio	7		-3	-3	-3	2	2	D	D	Eb	Eb	diminished triad	0	True	True	True	True	True	-1	-1	-1	4	True	False	False
302	2	75.5	77	-1	F	0	1.5	0	False	3	4	1	1	1/8	True	-3	11	26	10	10b	5	151/2	False	False				False	67		viio		Eb	I		viio	vii	o				o	False	False	(5, 2, -1)	()	5	5	major	major	I	I, major	vii		I	I	False	viio	viio, major		viio, major		vii	viio	7		-3	-3	-3	2	2	D	D	Eb	Eb	diminished triad	0	True	True	True	True	True	2	2	2	2	True	False	False
304	2	76.0	48	0	C	0	2.0	2	True	3	4	2	1	1/8	True	-3	11	26	10	10b	3	76	False	True				False	68		V7(2)		Eb	I		V7(2)	V		7	2		Mm7	False	False	(3, 5, 2, -1)	()	1	3	major	major	I	I, major	V		I	I	False	V7	V7, major		V7(2), major		V	V7	5		-3	-3	-3	-2	0	Bb	C	Eb	Eb	dominant seventh chord	7	True	True	True	True	True	3	3	3	6	True	False	True
304	8	76.0	74	2	D	0	2.0	2	True	3	4	1	1	1/2	True	-3	11	26	10	10b	5	76	False	True				False	68		V7(2)		Eb	I		V7(2)	V		7	2		Mm7	False	False	(3, 5, 2, -1)	()	1	3	major	major	I	I, major	V		I	I	False	V7	V7, major		V7(2), major		V	V7	5		-3	-3	-3	-2	0	Bb	C	Eb	Eb	dominant seventh chord	7	True	True	True	True	True	5	5	5	7	True	False	False
306	2	76.5	56	-4	A	-1	2.5	0	False	3	4	2	1	1/8	True	-3	11	26	10	10b	3	153/2	False	False				False	68		V7(2)		Eb	I		V7(2)	V		7	2		Mm7	False	False	(3, 5, 2, -1)	()	1	3	major	major	I	I, major	V		I	I	False	V7	V7, major		V7(2), major		V	V7	5		-3	-3	-3	-2	0	Bb	C	Eb	Eb	dominant seventh chord	7	True	True	True	True	True	-1	-1	-1	4	True	False	False
308	2	77.0	46	-2	B	-1	3.0	3	True	3	4	2	1	1/8	True	-3	11	26	10	10b	2	77	False	True				False	69		V7		Eb	I		V7	V		7			Mm7	False	False	(1, 5, 2, -1)	()	1	1	major	major	I	I, major	V		I	I	False	V7	V7, major		V7, major		V	V7	5		-3	-3	-3	-2	-2	Bb	Bb	Eb	Eb	dominant seventh chord	7	True	True	True	True	True	1	1	1	5	True	True	True
310	2	77.5	56	-4	A	-1	3.5	0	False	3	4	2	1	1/8	True	-3	11	26	10	10b	3	155/2	False	False				False	69		V7		Eb	I		V7	V		7			Mm7	False	False	(1, 5, 2, -1)	()	1	1	major	major	I	I, major	V		I	I	False	V7	V7, major		V7, major		V	V7	5		-3	-3	-3	-2	-2	Bb	Bb	Eb	Eb	dominant seventh chord	7	True	True	True	True	True	-1	-1	-1	4	True	False	False
312	2	78.0	55	1	G	0	1.0	1	True	3	4	2	1	1/8	True	-3	12	27	11	11b	3	78	False	True				False	70		I6		Eb	I		I6	I		6			M	False	False	(4, 1, 0)	()	0	4	major	major	I	I, major	I		I	I	False	I6	I6, major		I6, major		I	I	1		-3	-3	-3	-3	1	Eb	G	Eb	Eb	major triad	1	True	True	True	True	True	4	4	4	3	True	False	True
312	2	78.0	75	-3	E	-1	1.0	1	True	3	4	1	1	1/8	True	-3	12	27	11	11b	5	78	False	True				False	70		I6		Eb	I		I6	I		6			M	False	False	(4, 1, 0)	()	0	4	major	major	I	I, major	I		I	I	False	I6	I6, major		I6, major		I	I	1		-3	-3	-3	-3	1	Eb	G	Eb	Eb	major triad	1	True	True	True	True	True	0	0	0	1	True	True	False
314	2	78.5	58	-2	B	-1	1.5	0	False	3	4	2	1	1/8	True	-3	12	27	11	11b	3	157/2	False	False				False	70		I6		Eb	I		I6	I		6			M	False	False	(4, 1, 0)	()	0	4	major	major	I	I, major	I		I	I	False	I6	I6, major		I6, major		I	I	1		-3	-3	-3	-3	1	Eb	G	Eb	Eb	major triad	1	True	True	True	True	True	1	1	1	5	True	False	False
314	1	78.5	77	-1	F	0	1.5	0	False	3	4	1	1	1/16	True	-3	12	27	11	11b	5	157/2	False	False				False	70		I6		Eb	I		I6	I		6			M	False	False	(4, 1, 0)	()	0	4	major	major	I	I, major	I		I	I	False	I6	I6, major		I6, major		I	I	1		-3	-3	-3	-3	1	Eb	G	Eb	Eb	major triad	1	True	True	True	True	True	2	2	2	2	False	False	False
315	1	78.75	79	1	G	0	1.75	0	False	3	4	1	1	1/16	True	-3	12	27	11	11b	5	315/4	False	False				False	70		I6		Eb	I		I6	I		6			M	False	False	(4, 1, 0)	()	0	4	major	major	I	I, major	I		I	I	False	I6	I6, major		I6, major		I	I	1		-3	-3	-3	-3	1	Eb	G	Eb	Eb	major triad	1	True	True	True	True	True	4	4	4	3	True	False	True
316	4	79.0	61	-5	D	-1	2.0	2	True	3	4	2	1	1/4	True	-3	12	27	11	11b	4	79	False	True				False	71		iv6/ii		Eb	I		iv6/ii	iv		6		ii	m	False	False	(-2, 2, 1)	()	1	-2	major	major	I	I, major	iv/ii	ii	ii/I	ii	True	iv6/ii	iv6/ii, major		iv6/ii, major	ii	ii	iv	4	2	-3	-3	-1	-2	-5	Bb	Db	Eb	F	minor triad	1	True	True	True	True	True	-2	-2	-4	b7	True	False	True
316	2	79.0	70	-2	B	-1	2.0	2	True	3	4	1	1	1/8	True	-3	12	27	11	11b	4	79	False	True				False	71		iv6/ii		Eb	I		iv6/ii	iv		6		ii	m	False	False	(-2, 2, 1)	()	1	-2	major	major	I	I, major	iv/ii	ii	ii/I	ii	True	iv6/ii	iv6/ii, major		iv6/ii, major	ii	ii	iv	4	2	-3	-3	-1	-2	-5	Bb	Db	Eb	F	minor triad	1	True	True	True	True	True	1	1	-1	5	True	True	False
318	2	79.5	72	0	C	0	2.5	0	False	3	4	1	1	1/8	True	-3	12	27	11	11b	5	159/2	False	False				False	71		iv6/ii		Eb	I		iv6/ii	iv		6		ii	m	False	False	(-2, 2, 1)	()	1	-2	major	major	I	I, major	iv/ii	ii	ii/I	ii	True	iv6/ii	iv6/ii, major		iv6/ii, major	ii	ii	iv	4	2	-3	-3	-1	-2	-5	Bb	Db	Eb	F	minor triad	1	True	True	True	True	True	3	3	1	6	False	False	False
320	4	80.0	53	-1	F	0	3.0	3	True	3	4	2	1	1/4	True	-3	12	27	11	11b	3	80	False	True				False	72		ii		Eb	I		ii	ii					m	False	False	(2, -1, 3)	()	2	2	major	major	I	I, major	ii		I	I	False	ii	ii, major		ii, major		ii	ii	2		-3	-3	-3	-1	-1	F	F	Eb	Eb	minor triad	0	True	True	True	True	True	2	2	2	2	True	True	True
320	2	80.0	72	0	C	0	3.0	3	True	3	4	1	1	1/8	True	-3	12	27	11	11b	5	80	False	True				False	72		ii		Eb	I		ii	ii					m	False	False	(2, -1, 3)	()	2	2	major	major	I	I, major	ii		I	I	False	ii	ii, major		ii, major		ii	ii	2		-3	-3	-3	-1	-1	F	F	Eb	Eb	minor triad	0	True	True	True	True	True	3	3	3	6	True	False	False
322	2	80.5	73	-5	D	-1	3.5	0	False	3	4	1	1	1/8	True	-3	12	27	11	11b	5	161/2	False	False				False	72		ii		Eb	I		ii	ii					m	False	False	(2, -1, 3)	()	2	2	major	major	I	I, major	ii		I	I	False	ii	ii, major		ii, major		ii	ii	2		-3	-3	-3	-1	-1	F	F	Eb	Eb	minor triad	0	True	True	True	True	True	-2	-2	-2	b7	False	False	False
324	2	81.0	52	4	E	0	1.0	1	True	3	4	2	1	1/8	True	-3	13	28	12	12b	3	81	False	True				False	73		#viio7/ii		Eb	I		#viio7/ii	#vii	o	7		ii	o7	False	False	(7, 4, 1, -2)	()	7	7	major	major	I	I, major	#vii/ii	ii	ii/I	ii	True	#viio7/ii	#viio7/ii, major		#viio7/ii, major	ii	ii	viio7	#7	2	-3	-3	-1	4	4	E	E	Eb	F	diminished seventh chord	7	True	True	True	True	True	7	7	5	#1	True	True	True
324	2	81.0	73	-5	D	-1	1.0	1	True	3	4	1	1	1/8	True	-3	13	28	12	12b	5	81	False	True				False	73		#viio7/ii		Eb	I		#viio7/ii	#vii	o	7		ii	o7	False	False	(7, 4, 1, -2)	()	7	7	major	major	I	I, major	#vii/ii	ii	ii/I	ii	True	#viio7/ii	#viio7/ii, major		#viio7/ii, major	ii	ii	viio7	#7	2	-3	-3	-1	4	4	E	E	Eb	F	diminished seventh chord	7	True	True	True	True	True	-2	-2	-4	b7	True	False	False
326	2	81.5	55	1	G	0	1.5	0	False	3	4	2	1	1/8	True	-3	13	28	12	12b	3	163/2	False	False				False	73		#viio7/ii		Eb	I		#viio7/ii	#vii	o	7		ii	o7	False	False	(7, 4, 1, -2)	()	7	7	major	major	I	I, major	#vii/ii	ii	ii/I	ii	True	#viio7/ii	#viio7/ii, major		#viio7/ii, major	ii	ii	viio7	#7	2	-3	-3	-1	4	4	E	E	Eb	F	diminished seventh chord	7	True	True	True	True	True	4	4	2	3	True	False	False
326	2	81.5	82	-2	B	-1	1.5	0	False	3	4	1	1	1/8	True	-3	13	28	12	12b	5	163/2	False	False				False	73		#viio7/ii		Eb	I		#viio7/ii	#vii	o	7		ii	o7	False	False	(7, 4, 1, -2)	()	7	7	major	major	I	I, major	#vii/ii	ii	ii/I	ii	True	#viio7/ii	#viio7/ii, major		#viio7/ii, major	ii	ii	viio7	#7	2	-3	-3	-1	4	4	E	E	Eb	F	diminished seventh chord	7	True	True	True	True	True	1	1	-1	5	True	False	False
328	2	82.0	58	-2	B	-1	2.0	2	True	3	4	2	1	1/8	True	-3	13	28	12	12b	3	82	False	False				False	73		#viio7/ii		Eb	I		#viio7/ii	#vii	o	7		ii	o7	False	False	(7, 4, 1, -2)	()	7	7	major	major	I	I, major	#vii/ii	ii	ii/I	ii	True	#viio7/ii	#viio7/ii, major		#viio7/ii, major	ii	ii	viio7	#7	2	-3	-3	-1	4	4	E	E	Eb	F	diminished seventh chord	7	True	True	True	True	True	1	1	-1	5	True	False	False
328	8	82.0	79	1	G	0	2.0	2	True	3	4	1	1	1/2	True	-3	13	28	12	12b	5	82	False	False				False	73		#viio7/ii		Eb	I		#viio7/ii	#vii	o	7		ii	o7	False	False	(7, 4, 1, -2)	()	7	7	major	major	I	I, major	#vii/ii	ii	ii/I	ii	True	#viio7/ii	#viio7/ii, major		#viio7/ii, major	ii	ii	viio7	#7	2	-3	-3	-1	4	4	E	E	Eb	F	diminished seventh chord	7	True	True	True	True	True	4	4	2	3	True	False	False
330	2	82.5	56	-4	A	-1	2.5	0	False	3	4	2	1	1/8	True	-3	13	28	12	12b	3	165/2	False	False				False	73		#viio7/ii		Eb	I		#viio7/ii	#vii	o	7		ii	o7	False	False	(7, 4, 1, -2)	()	7	7	major	major	I	I, major	#vii/ii	ii	ii/I	ii	True	#viio7/ii	#viio7/ii, major		#viio7/ii, major	ii	ii	viio7	#7	2	-3	-3	-1	4	4	E	E	Eb	F	diminished seventh chord	7	True	True	True	True	True	-1	-1	-3	4	False	False	False
332	2	83.0	56	-4	A	-1	3.0	3	True	3	4	2	1	1/8	True	-3	13	28	12	12b	3	83	False	False				False	73		#viio7/ii		Eb	I		#viio7/ii	#vii	o	7		ii	o7	False	False	(7, 4, 1, -2)	()	7	7	major	major	I	I, major	#vii/ii	ii	ii/I	ii	True	#viio7/ii	#viio7/ii, major		#viio7/ii, major	ii	ii	viio7	#7	2	-3	-3	-1	4	4	E	E	Eb	F	diminished seventh chord	7	True	True	True	True	True	-1	-1	-3	4	False	False	False
334	2	83.5	55	1	G	0	3.5	0	False	3	4	2	1	1/8	True	-3	13	28	12	12b	3	167/2	False	False				False	73		#viio7/ii		Eb	I		#viio7/ii	#vii	o	7		ii	o7	False	False	(7, 4, 1, -2)	()	7	7	major	major	I	I, major	#vii/ii	ii	ii/I	ii	True	#viio7/ii	#viio7/ii, major		#viio7/ii, major	ii	ii	viio7	#7	2	-3	-3	-1	4	4	E	E	Eb	F	diminished seventh chord	7	True	True	True	True	True	4	4	2	3	True	False	False
336	4	84.0	53	-1	F	0	1.0	1	True	3	4	2	1	1/4	True	-3	14	29	13	13b	3	84	False	True				False	74		ii		Eb	I		ii	ii					m	False	False	(2, -1, 3)	()	2	2	major	major	I	I, major	ii		I	I	False	ii	ii, major		ii, major		ii	ii	2		-3	-3	-3	-1	-1	F	F	Eb	Eb	minor triad	0	True	True	True	True	True	2	2	2	2	True	True	True
336	2	84.0	80	-4	A	-1	1.0	1	True	3	4	1	1	1/8	True	-3	14	29	13	13b	5	84	False	True				False	74		ii		Eb	I		ii	ii					m	False	False	(2, -1, 3)	()	2	2	major	major	I	I, major	ii		I	I	False	ii	ii, major		ii, major		ii	ii	2		-3	-3	-3	-1	-1	F	F	Eb	Eb	minor triad	0	True	True	True	True	True	-1	-1	-1	4	True	False	False
338	2	84.5	77	-1	F	0	1.5	0	False	3	4	1	1	1/8	True	-3	14	29	13	13b	5	169/2	False	False				False	74		ii		Eb	I		ii	ii					m	False	False	(2, -1, 3)	()	2	2	major	major	I	I, major	ii		I	I	False	ii	ii, major		ii, major		ii	ii	2		-3	-3	-3	-1	-1	F	F	Eb	Eb	minor triad	0	True	True	True	True	True	2	2	2	2	True	True	True
340	4	85.0	65	-1	F	0	2.0	2	True	3	4	2	1	1/4	True	-3	14	29	13	13b	4	85	False	True				False	75		viio6		Eb	I		viio6	vii	o	6			o	False	False	(2, -1, 5)	()	5	2	major	major	I	I, major	vii		I	I	False	viio6	viio6, major		viio6, major		vii	viio	7		-3	-3	-3	2	-1	D	F	Eb	Eb	diminished triad	1	True	True	True	True	True	2	2	2	2	True	False	True
340	2	85.0	74	2	D	0	2.0	2	True	3	4	1	1	1/8	True	-3	14	29	13	13b	5	85	False	True				False	75		viio6		Eb	I		viio6	vii	o	6			o	False	False	(2, -1, 5)	()	5	2	major	major	I	I, major	vii		I	I	False	viio6	viio6, major		viio6, major		vii	viio	7		-3	-3	-3	2	-1	D	F	Eb	Eb	diminished triad	1	True	True	True	True	True	5	5	5	7	True	True	False
342	2	85.5	75	-3	E	-1	2.5	0	False	3	4	1	1	1/8	True	-3	14	29	13	13b	5	171/2	False	False				False	75		viio6		Eb	I		viio6	vii	o	6			o	False	False	(2, -1, 5)	()	5	2	major	major	I	I, major	vii		I	I	False	viio6	viio6, major		viio6, major		vii	viio	7		-3	-3	-3	2	-1	D	F	Eb	Eb	diminished triad	1	True	True	True	True	True	0	0	0	1	False	False	False
344	4	86.0	63	-3	E	-1	3.0	3	True	3	4	2	1	1/4	True	-3	14	29	13	13b	4	86	False	True				False	76		I		Eb	I		I	I					M	False	False	(0, 4, 1)	()	0	0	major	major	I	I, major	I		I	I	False	I	I, major		I, major		I	I	1		-3	-3	-3	-3	-3	Eb	Eb	Eb	Eb	major triad	0	True	True	True	True	True	0	0	0	1	True	True	True
344	2	86.0	75	-3	E	-1	3.0	3	True	3	4	1	1	1/8	True	-3	14	29	13	13b	5	86	False	True				False	76		I		Eb	I		I	I					M	False	False	(0, 4, 1)	()	0	0	major	major	I	I, major	I		I	I	False	I	I, major		I, major		I	I	1		-3	-3	-3	-3	-3	Eb	Eb	Eb	Eb	major triad	0	True	True	True	True	True	0	0	0	1	True	True	True
346	2	86.5	77	-1	F	0	3.5	0	False	3	4	1	1	1/8	True	-3	14	29	13	13b	5	173/2	False	False				False	76		I		Eb	I		I	I					M	False	False	(0, 4, 1)	()	0	0	major	major	I	I, major	I		I	I	False	I	I, major		I, major		I	I	1		-3	-3	-3	-3	-3	Eb	Eb	Eb	Eb	major triad	0	True	True	True	True	True	2	2	2	2	False	False	False
348	4	87.0	62	2	D	0	1.0	1	True	3	4	2	1	1/4	True	-3	15	30	14	14b	4	87	False	True				False	77		viio		Eb	I		viio	vii	o				o	False	False	(5, 2, -1)	()	5	5	major	major	I	I, major	vii		I	I	False	viio	viio, major		viio, major		vii	viio	7		-3	-3	-3	2	2	D	D	Eb	Eb	diminished triad	0	True	True	True	True	True	5	5	5	7	True	True	True
348	2	87.0	77	-1	F	0	1.0	1	True	3	4	1	1	1/8	True	-3	15	30	14	14b	5	87	False	True				False	77		viio		Eb	I		viio	vii	o				o	False	False	(5, 2, -1)	()	5	5	major	major	I	I, major	vii		I	I	False	viio	viio, major		viio, major		vii	viio	7		-3	-3	-3	2	2	D	D	Eb	Eb	diminished triad	0	True	True	True	True	True	2	2	2	2	True	False	False
350	2	87.5	68	-4	A	-1	1.5	0	False	3	4	1	1	1/8	True	-3	15	30	14	14b	4	175/2	False	False				False	77		viio		Eb	I		viio	vii	o				o	False	False	(5, 2, -1)	()	5	5	major	major	I	I, major	vii		I	I	False	viio	viio, major		viio, major		vii	viio	7		-3	-3	-3	2	2	D	D	Eb	Eb	diminished triad	0	True	True	True	True	True	-1	-1	-1	4	True	False	False
352	4	88.0	58	-2	B	-1	2.0	2	True	3	4	2	1	1/4	True	-3	15	30	14	14b	3	88	False	True				False	78		V7		Eb	I		V7	V		7			Mm7	False	False	(1, 5, 2, -1)	()	1	1	major	major	I	I, major	V		I	I	False	V7	V7, major		V7, major		V	V7	5		-3	-3	-3	-2	-2	Bb	Bb	Eb	Eb	dominant seventh chord	7	True	True	True	True	True	1	1	1	5	True	True	True
352	2	88.0	68	-4	A	-1	2.0	2	True	3	4	1	1	1/8	True	-3	15	30	14	14b	4	88	False	True				False	78		V7		Eb	I		V7	V		7			Mm7	False	False	(1, 5, 2, -1)	()	1	1	major	major	I	I, major	V		I	I	False	V7	V7, major		V7, major		V	V7	5		-3	-3	-3	-2	-2	Bb	Bb	Eb	Eb	dominant seventh chord	7	True	True	True	True	True	-1	-1	-1	4	True	False	False
354	2	88.5	67	1	G	0	2.5	0	False	3	4	1	1	1/8	True	-3	15	30	14	14b	4	177/2	False	False				False	78		V7		Eb	I		V7	V		7			Mm7	False	False	(1, 5, 2, -1)	()	1	1	major	major	I	I, major	V		I	I	False	V7	V7, major		V7, major		V	V7	5		-3	-3	-3	-2	-2	Bb	Bb	Eb	Eb	dominant seventh chord	7	True	True	True	True	True	4	4	4	3	False	False	False
356	4	89.0	63	-3	E	-1	3.0	3	True	3	4	2	1	1/4	True	-3	15	30	14	14b	4	89	False	True				False	79		I		Eb	I		I	I					M	False	False	(0, 4, 1)	()	0	0	major	major	I	I, major	I		I	I	False	I	I, major		I, major		I	I	1		-3	-3	-3	-3	-3	Eb	Eb	Eb	Eb	major triad	0	True	True	True	True	True	0	0	0	1	True	True	True
356	2	89.0	67	1	G	0	3.0	3	True	3	4	1	1	1/8	True	-3	15	30	14	14b	4	89	False	True				False	79		I		Eb	I		I	I					M	False	False	(0, 4, 1)	()	0	0	major	major	I	I, major	I		I	I	False	I	I, major		I, major		I	I	1		-3	-3	-3	-3	-3	Eb	Eb	Eb	Eb	major triad	0	True	True	True	True	True	4	4	4	3	True	False	False
358	2	89.5	70	-2	B	-1	3.5	0	False	3	4	1	1	1/8	True	-3	15	30	14	14b	4	179/2	False	False				False	79		I		Eb	I		I	I					M	False	False	(0, 4, 1)	()	0	0	major	major	I	I, major	I		I	I	False	I	I, major		I, major		I	I	1		-3	-3	-3	-3	-3	Eb	Eb	Eb	Eb	major triad	0	True	True	True	True	True	1	1	1	5	True	False	False
360	2	90.0	55	1	G	0	1.0	1	True	3	4	2	1	1/8	True	-3	16	31	15	15b	3	90	False	True				False	80		vi64		Eb	I		vi64	vi		64			m	False	False	(4, 3, 0)	()	3	4	major	major	I	I, major	vi		I	I	False	vi64	vi64, major		vi64, major		vi	vi	6		-3	-3	-3	0	1	C	G	Eb	Eb	minor triad	2	True	True	True	True	True	4	4	4	3	True	False	True
360	2	90.0	75	-3	E	-1	1.0	1	True	3	4	1	1	1/8	True	-3	16	31	15	15b	5	90	False	True				False	80		vi64		Eb	I		vi64	vi		64			m	False	False	(4, 3, 0)	()	3	4	major	major	I	I, major	vi		I	I	False	vi64	vi64, major		vi64, major		vi	vi	6		-3	-3	-3	0	1	C	G	Eb	Eb	minor triad	2	True	True	True	True	True	0	0	0	1	True	False	False
362	2	90.5	60	0	C	0	1.5	0	False	3	4	2	1	1/8	True	-3	16	31	15	15b	4	181/2	False	False				False	80		vi64		Eb	I		vi64	vi		64			m	False	False	(4, 3, 0)	()	3	4	major	major	I	I, major	vi		I	I	False	vi64	vi64, major		vi64, major		vi	vi	6		-3	-3	-3	0	1	C	G	Eb	Eb	minor triad	2	True	True	True	True	True	3	3	3	6	True	True	False
362	2	90.5	67	1	G	0	1.5	0	False	3	4	1	1	1/8	True	-3	16	31	15	15b	4	181/2	False	False				False	80		vi64		Eb	I		vi64	vi		64			m	False	False	(4, 3, 0)	()	3	4	major	major	I	I, major	vi		I	I	False	vi64	vi64, major		vi64, major		vi	vi	6		-3	-3	-3	0	1	C	G	Eb	Eb	minor triad	2	True	True	True	True	True	4	4	4	3	True	False	True
364	2	91.0	58	-2	B	-1	2.0	2	True	3	4	2	1	1/8	True	-3	16	31	15	15b	3	91	False	True				False	81		I6(11)		Eb	I		I6(11)	I		6	11		M	False	False	(4, 1, 0)	(-1,)	0	4	major	major	I	I, major	I		I	I	False	I6	I6, major		I6(11), major		I	I	1		-3	-3	-3	-3	1	Eb	G	Eb	Eb	major triad	1	True	True	True	True	True	1	1	1	5	True	False	False
364	4	91.0	68	-4	A	-1	2.0	2	True	3	4	1	1	1/4	True	-3	16	31	15	15b	4	91	False	True				False	81		I6(11)		Eb	I		I6(11)	I		6	11		M	False	False	(4, 1, 0)	(-1,)	0	4	major	major	I	I, major	I		I	I	False	I6	I6, major		I6(11), major		I	I	1		-3	-3	-3	-3	1	Eb	G	Eb	Eb	major triad	1	True	True	True	True	True	-1	-1	-1	4	False	False	False
366	2	91.5	55	1	G	0	2.5	0	False	3	4	2	1	1/8	True	-3	16	31	15	15b	3	183/2	False	False				False	81		I6(11)		Eb	I		I6(11)	I		6	11		M	False	False	(4, 1, 0)	(-1,)	0	4	major	major	I	I, major	I		I	I	False	I6	I6, major		I6(11), major		I	I	1		-3	-3	-3	-3	1	Eb	G	Eb	Eb	major triad	1	True	True	True	True	True	4	4	4	3	True	False	True
368	2	92.0	56	-4	A	-1	3.0	3	True	3	4	2	1	1/8	True	-3	16	31	15	15b	3	92	False	True				False	82		ii6		Eb	I		ii6	ii		6			m	False	False	(-1, 3, 2)	()	2	-1	major	major	I	I, major	ii		I	I	False	ii6	ii6, major		ii6, major		ii	ii	2		-3	-3	-3	-1	-4	F	Ab	Eb	Eb	minor triad	1	True	True	True	True	True	-1	-1	-1	4	True	False	True
368	4	92.0	65	-1	F	0	3.0	3	True	3	4	1	1	1/4	True	-3	16	31	15	15b	4	92	False	True				False	82		ii6		Eb	I		ii6	ii		6			m	False	False	(-1, 3, 2)	()	2	-1	major	major	I	I, major	ii		I	I	False	ii6	ii6, major		ii6, major		ii	ii	2		-3	-3	-3	-1	-4	F	Ab	Eb	Eb	minor triad	1	True	True	True	True	True	2	2	2	2	True	True	False
370	2	92.5	58	-2	B	-1	3.5	0	False	3	4	2	1	1/8	True	-3	16	31	15	15b	3	185/2	False	True				False	83		V		Eb	I		V	V					M	False	False	(1, 5, 2)	()	1	1	major	major	I	I, major	V		I	I	False	V	V, major		V, major		V	V	5		-3	-3	-3	-2	-2	Bb	Bb	Eb	Eb	major triad	0	True	True	True	True	True	1	1	1	5	True	True	True
372	12	93.0	51	-3	E	-1	1.0	1	True	3	4	2	1	3/4	True	-3	18	32	16	16b	3	93	False	True	PAC	PAC	}	True	84	2	I|PAC}		Eb	I		I	I					M	False	False	(0, 4, 1)	()	0	0	major	major	I	I, major	I		I	I	False	I	I, major		I, major		I	I	1		-3	-3	-3	-3	-3	Eb	Eb	Eb	Eb	major triad	0	True	True	True	True	True	0	0	0	1	True	True	True
372	12	93.0	63	-3	E	-1	1.0	1	True	3	4	1	1	3/4	True	-3	18	32	16	16b	4	93	False	True	PAC	PAC	}	True	84	2	I|PAC}		Eb	I		I	I					M	False	False	(0, 4, 1)	()	0	0	major	major	I	I, major	I		I	I	False	I	I, major		I, major		I	I	1		-3	-3	-3	-3	-3	Eb	Eb	Eb	Eb	major triad	0	True	True	True	True	True	0	0	0	1	True	True	True
