onset_div	duration_div	onset_beat	pitch	tpc	step	alter	beat_float	downbeat	is_downbeat	ts_beats	ts_beat_type	staff	voice	duration	is_note_onset	ks_fifths	mc	mc_playthrough	mn	mn_playthrough	octave	quarterbeats_playthrough	section_start	a_isOnset	cadence	cadence_type	phraseend	a_phraseend	unfolded_harmony_index	label	globalkey	localkey	pedal	chord	special	numeral	form	figbass	changes	relativeroot	chord_type	globalkey_is_minor	localkey_is_minor	chord_tones	added_tones	root	bass_note	globalkey_mode	localkey_mode	localkey_resolved	localkey_and_mode	root_roman	relativeroot_resolved	effective_localkey	effective_localkey_resolved	effective_localkey_is_minor	chord_reduced	chord_reduced_and_mode	pedal_resolved	chord_and_mode	applied_to_numeral	numeral_or_applied_to_numeral	a_simpleNumeral	a_degree1	a_degree2	globalkey_tpc	localkey_tpc	tonicized_tpc	root_tpc	bass_note_tpc	a_root	a_bass	a_localKey	a_tonicizedKey	a_quality	a_inversion	valid_chord_label	valid_cadence_label	valid_phrase_label	valid_pedal_point_label	valid_section_start_label	sic_with_global	sic_with_local	sic_with_tonicized	note_degree	tpc_is_in_label	tpc_is_root	tpc_is_bass
8	16	0.0	56	8	G	1	2.0	2	True	3	4	4	1	1/2	True	5	1	1	0	0a	3	1	False	True				False	0	g#.i	g#	i		i		i					m	True	True	(0, -3, 1)	()	0	0	minor	minor	i	i, minor	i		i	i	True	i	i, minor		i, minor		i	i	1		8	8	8	8	8	G#	G#	G#	G#	minor triad	0	True	False	False	True	True	0	0	0	1	True	True	True
8	16	0.0	59	5	B	0	2.0	2	True	3	4	2	1	1/2	True	5	1	1	0	0a	3	1	False	True				False	0	g#.i	g#	i		i		i					m	True	True	(0, -3, 1)	()	0	0	minor	minor	i	i, minor	i		i	i	True	i	i, minor		i, minor		i	i	1		8	8	8	8	8	G#	G#	G#	G#	minor triad	0	True	False	False	True	True	-3	-3	-3	3	True	False	False
8	16	0.0	63	9	D	1	2.0	2	True	3	4	1	1	1/2	True	5	1	1	0	0a	4	1	False	True				False	0	g#.i	g#	i		i		i					m	True	True	(0, -3, 1)	()	0	0	minor	minor	i	i, minor	i		i	i	True	i	i, minor		i, minor		i	i	1		8	8	8	8	8	G#	G#	G#	G#	minor triad	0	True	False	False	True	True	1	1	1	5	True	False	False
8	16	0.0	68	8	G	1	2.0	2	True	3	4	3	1	1/2	True	5	1	1	0	0a	4	1	False	True				False	0	g#.i	g#	i		i		i					m	True	True	(0, -3, 1)	()	0	0	minor	minor	i	i, minor	i		i	i	True	i	i, minor		i, minor		i	i	1		8	8	8	8	8	G#	G#	G#	G#	minor triad	0	True	False	False	True	True	0	0	0	1	True	True	True
24	16	3.0	56	8	G	1	1.0	1	True	3	4	4	1	1/2	False	5	2	2	1	1a	3	3	False	False				False	0	g#.i	g#	i		i		i					m	True	True	(0, -3, 1)	()	0	0	minor	minor	i	i, minor	i		i	i	True	i	i, minor		i, minor		i	i	1		8	8	8	8	8	G#	G#	G#	G#	minor triad	0	True	False	False	True	True	0	0	0	1	True	True	True
24	16	3.0	59	5	B	0	1.0	1	True	3	4	2	1	1/2	False	5	2	2	1	1a	3	3	False	False				False	0	g#.i	g#	i		i		i					m	True	True	(0, -3, 1)	()	0	0	minor	minor	i	i, minor	i		i	i	True	i	i, minor		i, minor		i	i	1		8	8	8	8	8	G#	G#	G#	G#	minor triad	0	True	False	False	True	True	-3	-3	-3	3	True	False	False
24	16	3.0	63	9	D	1	1.0	1	True	3	4	1	1	1/2	False	5	2	2	1	1a	4	3	False	False				False	0	g#.i	g#	i		i		i					m	True	True	(0, -3, 1)	()	0	0	minor	minor	i	i, minor	i		i	i	True	i	i, minor		i, minor		i	i	1		8	8	8	8	8	G#	G#	G#	G#	minor triad	0	True	False	False	True	True	1	1	1	5	True	False	False
24	16	3.0	68	8	G	1	1.0	1	True	3	4	3	1	1/2	False	5	2	2	1	1a	4	3	False	False				False	0	g#.i	g#	i		i		i					m	True	True	(0, -3, 1)	()	0	0	minor	minor	i	i, minor	i		i	i	True	i	i, minor		i, minor		i	i	1		8	8	8	8	8	G#	G#	G#	G#	minor triad	0	True	False	False	True	True	0	0	0	1	True	True	True
40	8	5.0	56	8	G	1	3.0	3	True	3	4	4	1	1/4	True	5	2	2	1	1a	3	5	False	False				False	0	g#.i	g#	i		i		i					m	True	True	(0, -3, 1)	()	0	0	minor	minor	i	i, minor	i		i	i	True	i	i, minor		i, minor		i	i	1		8	8	8	8	8	G#	G#	G#	G#	minor triad	0	True	False	False	True	True	0	0	0	1	True	True	True
40	8	5.0	59	5	B	0	3.0	3	True	3	4	2	1	1/4	True	5	2	2	1	1a	3	5	False	False				False	0	g#.i	g#	i		i		i					m	True	True	(0, -3, 1)	()	0	0	minor	minor	i	i, minor	i		i	i	True	i	i, minor		i, minor		i	i	1		8	8	8	8	8	G#	G#	G#	G#	minor triad	0	True	False	False	True	True	-3	-3	-3	3	True	False	False
40	8	5.0	63	9	D	1	3.0	3	True	3	4	1	1	1/4	True	5	2	2	1	1a	4	5	False	False				False	0	g#.i	g#	i		i		i					m	True	True	(0, -3, 1)	()	0	0	minor	minor	i	i, minor	i		i	i	True	i	i, minor		i, minor		i	i	1		8	8	8	8	8	G#	G#	G#	G#	minor triad	0	True	False	False	True	True	1	1	1	5	True	False	False
40	8	5.0	68	8	G	1	3.0	3	True	3	4	3	1	1/4	True	5	2	2	1	1a	4	5	False	False				False	0	g#.i	g#	i		i		i					m	True	True	(0, -3, 1)	()	0	0	minor	minor	i	i, minor	i		i	i	True	i	i, minor		i, minor		i	i	1		8	8	8	8	8	G#	G#	G#	G#	minor triad	0	True	False	False	True	True	0	0	0	1	True	True	True
48	16	6.0	58	10	A	1	1.0	1	True	3	4	4	1	1/2	True	5	3	3	2	2a	3	6	False	True				False	1	V43	g#	i		V43		V		43			Mm7	True	True	(2, -1, 1, 5)	()	1	2	minor	minor	i	i, minor	V		i	i	True	V43	V43, minor		V43, minor		V	V7	5		8	8	8	9	10	D#	A#	G#	G#	dominant seventh chord	2	True	False	False	True	True	2	2	2	2	True	False	True
48	16	6.0	61	7	C	1	1.0	1	True	3	4	2	1	1/2	True	5	3	3	2	2a	4	6	False	True				False	1	V43	g#	i		V43		V		43			Mm7	True	True	(2, -1, 1, 5)	()	1	2	minor	minor	i	i, minor	V		i	i	True	V43	V43, minor		V43, minor		V	V7	5		8	8	8	9	10	D#	A#	G#	G#	dominant seventh chord	2	True	False	False	True	True	-1	-1	-1	4	True	False	False
48	16	6.0	63	9	D	1	1.0	1	True	3	4	1	1	1/2	True	5	3	3	2	2a	4	6	False	True				False	1	V43	g#	i		V43		V		43			Mm7	True	True	(2, -1, 1, 5)	()	1	2	minor	minor	i	i, minor	V		i	i	True	V43	V43, minor		V43, minor		V	V7	5		8	8	8	9	10	D#	A#	G#	G#	dominant seventh chord	2	True	False	False	True	True	1	1	1	5	True	True	False
48	14	6.0	67	13	F	2	1.0	1	True	3	4	3	1	7/16	True	5	3	3	2	2a	4	6	False	True				False	1	V43	g#	i		V43		V		43			Mm7	True	True	(2, -1, 1, 5)	()	1	2	minor	minor	i	i, minor	V		i	i	True	V43	V43, minor		V43, minor		V	V7	5		8	8	8	9	10	D#	A#	G#	G#	dominant seventh chord	2	True	False	False	True	True	5	5	5	#7	True	False	False
62	2	7.75	63	9	D	1	2.75	0	False	3	4	3	1	1/16	True	5	3	3	2	2a	4	31/4	False	False				False	1	V43	g#	i		V43		V		43			Mm7	True	True	(2, -1, 1, 5)	()	1	2	minor	minor	i	i, minor	V		i	i	True	V43	V43, minor		V43, minor		V	V7	5		8	8	8	9	10	D#	A#	G#	G#	dominant seventh chord	2	True	False	False	True	True	1	1	1	5	True	True	False
64	8	8.0	56	8	G	1	3.0	3	True	3	4	4	1	1/4	True	5	3	3	2	2a	3	8	False	True				False	2	i	g#	i		i		i					m	True	True	(0, -3, 1)	()	0	0	minor	minor	i	i, minor	i		i	i	True	i	i, minor		i, minor		i	i	1		8	8	8	8	8	G#	G#	G#	G#	minor triad	0	True	False	False	True	True	0	0	0	1	True	True	True
64	8	8.0	59	5	B	0	3.0	3	True	3	4	2	1	1/4	True	5	3	3	2	2a	3	8	False	True				False	2	i	g#	i		i		i					m	True	True	(0, -3, 1)	()	0	0	minor	minor	i	i, minor	i		i	i	True	i	i, minor		i, minor		i	i	1		8	8	8	8	8	G#	G#	G#	G#	minor triad	0	True	False	False	True	True	-3	-3	-3	3	True	False	False
64	8	8.0	63	9	D	1	3.0	3	True	3	4	1	1	1/4	True	5	3	3	2	2a	4	8	False	True				False	2	i	g#	i		i		i					m	True	True	(0, -3, 1)	()	0	0	minor	minor	i	i, minor	i		i	i	True	i	i, minor		i, minor		i	i	1		8	8	8	8	8	G#	G#	G#	G#	minor triad	0	True	False	False	True	True	1	1	1	5	True	False	False
64	8	8.0	68	8	G	1	3.0	3	True	3	4	3	1	1/4	True	5	3	3	2	2a	4	8	False	True				False	2	i	g#	i		i		i					m	True	True	(0, -3, 1)	()	0	0	minor	minor	i	i, minor	i		i	i	True	i	i, minor		i, minor		i	i	1		8	8	8	8	8	G#	G#	G#	G#	minor triad	0	True	False	False	True	True	0	0	0	1	True	True	True
72	8	9.0	55	13	F	2	1.0	1	True	3	4	4	1	1/4	True	5	4	4	3	3a	3	9	False	True				False	3	V65	g#	i		V65		V		65			Mm7	True	True	(5, 2, -1, 1)	()	1	5	minor	minor	i	i, minor	V		i	i	True	V65	V65, minor		V65, minor		V	V7	5		8	8	8	9	13	D#	F##	G#	G#	dominant seventh chord	1	True	False	False	True	True	5	5	5	#7	True	False	True
72	8	9.0	61	7	C	1	1.0	1	True	3	4	2	1	1/4	True	5	4	4	3	3a	4	9	False	True				False	3	V65	g#	i		V65		V		65			Mm7	True	True	(5, 2, -1, 1)	()	1	5	minor	minor	i	i, minor	V		i	i	True	V65	V65, minor		V65, minor		V	V7	5		8	8	8	9	13	D#	F##	G#	G#	dominant seventh chord	1	True	False	False	True	True	-1	-1	-1	4	True	False	False
72	8	9.0	63	9	D	1	1.0	1	True	3	4	1	1	1/4	True	5	4	4	3	3a	4	9	False	True				False	3	V65	g#	i		V65		V		65			Mm7	True	True	(5, 2, -1, 1)	()	1	5	minor	minor	i	i, minor	V		i	i	True	V65	V65, minor		V65, minor		V	V7	5		8	8	8	9	13	D#	F##	G#	G#	dominant seventh chord	1	True	False	False	True	True	1	1	1	5	True	True	False
72	8	9.0	70	10	A	1	1.0	1	True	3	4	3	1	1/4	True	5	4	4	3	3a	4	9	False	True				False	3	V65	g#	i		V65		V		65			Mm7	True	True	(5, 2, -1, 1)	()	1	5	minor	minor	i	i, minor	V		i	i	True	V65	V65, minor		V65, minor		V	V7	5		8	8	8	9	13	D#	F##	G#	G#	dominant seventh chord	1	True	False	False	True	True	2	2	2	2	True	False	False
80	8	10.0	56	8	G	1	2.0	2	True	3	4	4	1	1/4	True	5	4	4	3	3a	3	10	False	True				False	4	i	g#	i		i		i					m	True	True	(0, -3, 1)	()	0	0	minor	minor	i	i, minor	i		i	i	True	i	i, minor		i, minor		i	i	1		8	8	8	8	8	G#	G#	G#	G#	minor triad	0	True	False	False	True	True	0	0	0	1	True	True	True
80	8	10.0	59	5	B	0	2.0	2	True	3	4	2	1	1/4	True	5	4	4	3	3a	3	10	False	True				False	4	i	g#	i		i		i					m	True	True	(0, -3, 1)	()	0	0	minor	minor	i	i, minor	i		i	i	True	i	i, minor		i, minor		i	i	1		8	8	8	8	8	G#	G#	G#	G#	minor triad	0	True	False	False	True	True	-3	-3	-3	3	True	False	False
80	8	10.0	63	9	D	1	2.0	2	True	3	4	1	1	1/4	True	5	4	4	3	3a	4	10	False	True				False	4	i	g#	i		i		i					m	True	True	(0, -3, 1)	()	0	0	minor	minor	i	i, minor	i		i	i	True	i	i, minor		i, minor		i	i	1		8	8	8	8	8	G#	G#	G#	G#	minor triad	0	True	False	False	True	True	1	1	1	5	True	False	False
80	16	10.0	71	5	B	0	2.0	2	True	3	4	3	1	1/2	True	5	4	4	3	3a	4	10	False	True				False	4	i	g#	i		i		i					m	True	True	(0, -3, 1)	()	0	0	minor	minor	i	i, minor	i		i	i	True	i	i, minor		i, minor		i	i	1		8	8	8	8	8	G#	G#	G#	G#	minor triad	0	True	False	False	True	True	-3	-3	-3	3	True	False	False
88	8	11.0	52	4	E	0	3.0	3	True	3	4	4	1	1/4	True	5	4	4	3	3a	3	11	False	True				False	5	VI	g#	i		VI		VI					M	True	True	(-4, 0, -3)	()	-4	-4	minor	minor	i	i, minor	VI		i	i	True	VI	VI, minor		VI, minor		VI	VI	6		8	8	8	4	4	E	E	G#	G#	major triad	0	True	False	False	True	True	-4	-4	-4	6	True	True	True
88	8	11.0	56	8	G	1	3.0	3	True	3	4	2	1	1/4	True	5	4	4	3	3a	3	11	False	True				False	5	VI	g#	i		VI		VI					M	True	True	(-4, 0, -3)	()	-4	-4	minor	minor	i	i, minor	VI		i	i	True	VI	VI, minor		VI, minor		VI	VI	6		8	8	8	4	4	E	E	G#	G#	major triad	0	True	False	False	True	True	0	0	0	1	True	False	False
88	8	11.0	64	4	E	0	3.0	3	True	3	4	2	1	1/4	True	5	4	4	3	3a	4	11	False	True				False	5	VI	g#	i		VI		VI					M	True	True	(-4, 0, -3)	()	-4	-4	minor	minor	i	i, minor	VI		i	i	True	VI	VI, minor		VI, minor		VI	VI	6		8	8	8	4	4	E	E	G#	G#	major triad	0	True	False	False	True	True	-4	-4	-4	6	True	True	True
88	8	11.0	68	8	G	1	3.0	3	True	3	4	1	1	1/4	True	5	4	4	3	3a	4	11	False	True				False	5	VI	g#	i		VI		VI					M	True	True	(-4, 0, -3)	()	-4	-4	minor	minor	i	i, minor	VI		i	i	True	VI	VI, minor		VI, minor		VI	VI	6		8	8	8	4	4	E	E	G#	G#	major triad	0	True	False	False	True	True	0	0	0	1	True	False	False
96	8	12.0	49	7	C	1	1.0	1	True	3	4	4	1	1/4	True	5	5	5	4	4a	3	12	False	True				False	6	iv7	g#	i		iv7		iv		7			mm7	True	True	(-1, -4, 0, -3)	()	-1	-1	minor	minor	i	i, minor	iv		i	i	True	iv7	iv7, minor		iv7, minor		iv	iv7	4		8	8	8	7	7	C#	C#	G#	G#	minor seventh chord	7	True	False	False	True	True	-1	-1	-1	4	True	True	True
96	8	12.0	61	7	C	1	1.0	1	True	3	4	2	1	1/4	True	5	5	5	4	4a	4	12	False	True				False	6	iv7	g#	i		iv7		iv		7			mm7	True	True	(-1, -4, 0, -3)	()	-1	-1	minor	minor	i	i, minor	iv		i	i	True	iv7	iv7, minor		iv7, minor		iv	iv7	4		8	8	8	7	7	C#	C#	G#	G#	minor seventh chord	7	True	False	False	True	True	-1	-1	-1	4	True	True	True
96	8	12.0	64	4	E	0	1.0	1	True	3	4	1	1	1/4	True	5	5	5	4	4a	4	12	False	True				False	6	iv7	g#	i		iv7		iv		7			mm7	True	True	(-1, -4, 0, -3)	()	-1	-1	minor	minor	i	i, minor	iv		i	i	True	iv7	iv7, minor		iv7, minor		iv	iv7	4		8	8	8	7	7	C#	C#	G#	G#	minor seventh chord	7	True	False	False	True	True	-4	-4	-4	6	True	False	False
96	6	12.0	71	5	B	0	1.0	1	True	3	4	3	1	3/16	True	5	5	5	4	4a	4	12	False	True				False	6	iv7	g#	i		iv7		iv		7			mm7	True	True	(-1, -4, 0, -3)	()	-1	-1	minor	minor	i	i, minor	iv		i	i	True	iv7	iv7, minor		iv7, minor		iv	iv7	4		8	8	8	7	7	C#	C#	G#	G#	minor seventh chord	7	True	False	False	True	True	-3	-3	-3	3	True	False	False
102	2	12.75	70	10	A	1	1.75	0	False	3	4	3	1	1/16	True	5	5	5	4	4a	4	51/4	False	True				False	7	iio6	g#	i		iio6		ii	o	6			o	True	True	(-1, -4, 2)	()	2	-1	minor	minor	i	i, minor	ii		i	i	True	iio6	iio6, minor		iio6, minor		ii	iio	2		8	8	8	10	7	A#	C#	G#	G#	diminished triad	1	True	False	False	True	True	2	2	2	2	True	True	False
104	8	13.0	51	9	D	1	2.0	2	True	3	4	4	1	1/4	True	5	5	5	4	4a	3	13	False	True				False	8	V(64)	g#	i		V(64)		V			64		M	True	True	(1, 0, -3)	()	1	1	minor	minor	i	i, minor	V		i	i	True	V	V, minor		V(64), minor		V	Cad	5		8	8	8	9	9	D#	D#	G#	G#	major triad	0	True	False	False	True	True	1	1	1	5	True	True	True
104	8	13.0	59	5	B	0	2.0	2	True	3	4	1	1	1/4	True	5	5	5	4	4a	3	13	False	True				False	8	V(64)	g#	i		V(64)		V			64		M	True	True	(1, 0, -3)	()	1	1	minor	minor	i	i, minor	V		i	i	True	V	V, minor		V(64), minor		V	Cad	5		8	8	8	9	9	D#	D#	G#	G#	major triad	0	True	False	False	True	True	-3	-3	-3	3	True	False	False
104	8	13.0	63	9	D	1	2.0	2	True	3	4	2	1	1/4	True	5	5	5	4	4a	4	13	False	True				False	8	V(64)	g#	i		V(64)		V			64		M	True	True	(1, 0, -3)	()	1	1	minor	minor	i	i, minor	V		i	i	True	V	V, minor		V(64), minor		V	Cad	5		8	8	8	9	9	D#	D#	G#	G#	major triad	0	True	False	False	True	True	1	1	1	5	True	True	True
104	8	13.0	68	8	G	1	2.0	2	True	3	4	3	1	1/4	True	5	5	5	4	4a	4	13	False	True				False	8	V(64)	g#	i		V(64)		V			64		M	True	True	(1, 0, -3)	()	1	1	minor	minor	i	i, minor	V		i	i	True	V	V, minor		V(64), minor		V	Cad	5		8	8	8	9	9	D#	D#	G#	G#	major triad	0	True	False	False	True	True	0	0	0	1	True	False	False
112	8	14.0	51	9	D	1	3.0	3	True	3	4	4	1	1/4	True	5	5	5	4	4a	3	14	False	True				False	9	V7	g#	i		V7		V		7			Mm7	True	True	(1, 5, 2, -1)	()	1	1	minor	minor	i	i, minor	V		i	i	True	V7	V7, minor		V7, minor		V	V7	5		8	8	8	9	9	D#	D#	G#	G#	dominant seventh chord	7	True	False	False	True	True	1	1	1	5	True	True	True
112	8	14.0	58	10	A	1	3.0	3	True	3	4	2	1	1/4	True	5	5	5	4	4a	3	14	False	True				False	9	V7	g#	i		V7		V		7			Mm7	True	True	(1, 5, 2, -1)	()	1	1	minor	minor	i	i, minor	V		i	i	True	V7	V7, minor		V7, minor		V	V7	5		8	8	8	9	9	D#	D#	G#	G#	dominant seventh chord	7	True	False	False	True	True	2	2	2	2	True	False	False
112	8	14.0	61	7	C	1	3.0	3	True	3	4	1	1	1/4	True	5	5	5	4	4a	4	14	False	True				False	9	V7	g#	i		V7		V		7			Mm7	True	True	(1, 5, 2, -1)	()	1	1	minor	minor	i	i, minor	V		i	i	True	V7	V7, minor		V7, minor		V	V7	5		8	8	8	9	9	D#	D#	G#	G#	dominant seventh chord	7	True	False	False	True	True	-1	-1	-1	4	True	False	False
112	8	14.0	63	9	D	1	3.0	3	True	3	4	2	1	1/4	True	5	5	5	4	4a	4	14	False	True				False	9	V7	g#	i		V7		V		7			Mm7	True	True	(1, 5, 2, -1)	()	1	1	minor	minor	i	i, minor	V		i	i	True	V7	V7, minor		V7, minor		V	V7	5		8	8	8	9	9	D#	D#	G#	G#	dominant seventh chord	7	True	False	False	True	True	1	1	1	5	True	True	True
112	8	14.0	67	13	F	2	3.0	3	True	3	4	3	1	1/4	True	5	5	5	4	4a	4	14	False	True				False	9	V7	g#	i		V7		V		7			Mm7	True	True	(1, 5, 2, -1)	()	1	1	minor	minor	i	i, minor	V		i	i	True	V7	V7, minor		V7, minor		V	V7	5		8	8	8	9	9	D#	D#	G#	G#	dominant seventh chord	7	True	False	False	True	True	5	5	5	#7	True	False	False
120	8	15.0	56	8	G	1	1.0	1	True	3	4	2	1	1/4	True	5	6	6	5	5a	3	15	False	True				False	10	i	g#	i		i		i					m	True	True	(0, -3, 1)	()	0	0	minor	minor	i	i, minor	i		i	i	True	i	i, minor		i, minor		i	i	1		8	8	8	8	8	G#	G#	G#	G#	minor triad	0	True	False	False	True	True	0	0	0	1	True	True	True
120	8	15.0	56	8	G	1	1.0	1	True	3	4	4	1	1/4	True	5	6	6	5	5a	3	15	False	True				False	10	i	g#	i		i		i					m	True	True	(0, -3, 1)	()	0	0	minor	minor	i	i, minor	i		i	i	True	i	i, minor		i, minor		i	i	1		8	8	8	8	8	G#	G#	G#	G#	minor triad	0	True	False	False	True	True	0	0	0	1	True	True	True
120	8	15.0	59	5	B	0	1.0	1	True	3	4	1	1	1/4	True	5	6	6	5	5a	3	15	False	True				False	10	i	g#	i		i		i					m	True	True	(0, -3, 1)	()	0	0	minor	minor	i	i, minor	i		i	i	True	i	i, minor		i, minor		i	i	1		8	8	8	8	8	G#	G#	G#	G#	minor triad	0	True	False	False	True	True	-3	-3	-3	3	True	False	False
120	8	15.0	63	9	D	1	1.0	1	True	3	4	2	1	1/4	True	5	6	6	5	5a	4	15	False	True				False	10	i	g#	i		i		i					m	True	True	(0, -3, 1)	()	0	0	minor	minor	i	i, minor	i		i	i	True	i	i, minor		i, minor		i	i	1		8	8	8	8	8	G#	G#	G#	G#	minor triad	0	True	False	False	True	True	1	1	1	5	True	False	False
120	8	15.0	68	8	G	1	1.0	1	True	3	4	3	1	1/4	True	5	6	6	5	5a	4	15	False	True				False	10	i	g#	i		i		i					m	True	True	(0, -3, 1)	()	0	0	minor	minor	i	i, minor	i		i	i	True	i	i, minor		i, minor		i	i	1		8	8	8	8	8	G#	G#	G#	G#	minor triad	0	True	False	False	True	True	0	0	0	1	True	True	True
128	8	16.0	56	8	G	1	2.0	2	True	3	4	4	1	1/4	True	5	6	6	5	5a	3	16	False	False				False	10	i	g#	i		i		i					m	True	True	(0, -3, 1)	()	0	0	minor	minor	i	i, minor	i		i	i	True	i	i, minor		i, minor		i	i	1		8	8	8	8	8	G#	G#	G#	G#	minor triad	0	True	False	False	True	True	0	0	0	1	True	True	True
128	8	16.0	63	9	D	1	2.0	2	True	3	4	3	1	1/4	True	5	6	6	5	5a	4	16	False	False				False	10	i	g#	i		i		i					m	True	True	(0, -3, 1)	()	0	0	minor	minor	i	i, minor	i		i	i	True	i	i, minor		i, minor		i	i	1		8	8	8	8	8	G#	G#	G#	G#	minor triad	0	True	False	False	True	True	1	1	1	5	True	False	False
128	8	16.0	71	5	B	0	2.0	2	True	3	4	2	1	1/4	True	5	6	6	5	5a	4	16	False	False				False	10	i	g#	i		i		i					m	True	True	(0, -3, 1)	()	0	0	minor	minor	i	i, minor	i		i	i	True	i	i, minor		i, minor		i	i	1		8	8	8	8	8	G#	G#	G#	G#	minor triad	0	True	False	False	True	True	-3	-3	-3	3	True	False	False
136	8	17.0	56	8	G	1	3.0	3	True	3	4	4	1	1/4	True	5	6	6	5	5a	3	17	False	False				False	10	i	g#	i		i		i					m	True	True	(0, -3, 1)	()	0	0	minor	minor	i	i, minor	i		i	i	True	i	i, minor		i, minor		i	i	1		8	8	8	8	8	G#	G#	G#	G#	minor triad	0	True	False	False	True	True	0	0	0	1	True	True	True
136	8	17.0	63	9	D	1	3.0	3	True	3	4	3	1	1/4	True	5	6	6	5	5a	4	17	False	False				False	10	i	g#	i		i		i					m	True	True	(0, -3, 1)	()	0	0	minor	minor	i	i, minor	i		i	i	True	i	i, minor		i, minor		i	i	1		8	8	8	8	8	G#	G#	G#	G#	minor triad	0	True	False	False	True	True	1	1	1	5	True	False	False
136	8	17.0	71	5	B	0	3.0	3	True	3	4	2	1	1/4	True	5	6	6	5	5a	4	17	False	False				False	10	i	g#	i		i		i					m	True	True	(0, -3, 1)	()	0	0	minor	minor	i	i, minor	i		i	i	True	i	i, minor		i, minor		i	i	1		8	8	8	8	8	G#	G#	G#	G#	minor triad	0	True	False	False	True	True	-3	-3	-3	3	True	False	False
136	8	17.0	80	8	G	1	3.0	3	True	3	4	1	1	1/4	True	5	6	6	5	5a	5	17	False	False				False	10	i	g#	i		i		i					m	True	True	(0, -3, 1)	()	0	0	minor	minor	i	i, minor	i		i	i	True	i	i, minor		i, minor		i	i	1		8	8	8	8	8	G#	G#	G#	G#	minor triad	0	True	False	False	True	True	0	0	0	1	True	True	True
144	16	18.0	58	10	A	1	1.0	1	True	3	4	4	1	1/2	True	5	7	7	6	6a	3	18	False	True				False	11	V43	g#	i		V43		V		43			Mm7	True	True	(2, -1, 1, 5)	()	1	2	minor	minor	i	i, minor	V		i	i	True	V43	V43, minor		V43, minor		V	V7	5		8	8	8	9	10	D#	A#	G#	G#	dominant seventh chord	2	True	False	False	True	True	2	2	2	2	True	False	True
144	16	18.0	63	9	D	1	1.0	1	True	3	4	3	1	1/2	False	5	7	7	6	6a	4	18	False	True				False	11	V43	g#	i		V43		V		43			Mm7	True	True	(2, -1, 1, 5)	()	1	2	minor	minor	i	i, minor	V		i	i	True	V43	V43, minor		V43, minor		V	V7	5		8	8	8	9	10	D#	A#	G#	G#	dominant seventh chord	2	True	False	False	True	True	1	1	1	5	True	True	False
144	16	18.0	73	7	C	1	1.0	1	True	3	4	2	1	1/2	True	5	7	7	6	6a	5	18	False	True				False	11	V43	g#	i		V43		V		43			Mm7	True	True	(2, -1, 1, 5)	()	1	2	minor	minor	i	i, minor	V		i	i	True	V43	V43, minor		V43, minor		V	V7	5		8	8	8	9	10	D#	A#	G#	G#	dominant seventh chord	2	True	False	False	True	True	-1	-1	-1	4	True	False	False
144	14	18.0	79	13	F	2	1.0	1	True	3	4	1	1	7/16	True	5	7	7	6	6a	5	18	False	True				False	11	V43	g#	i		V43		V		43			Mm7	True	True	(2, -1, 1, 5)	()	1	2	minor	minor	i	i, minor	V		i	i	True	V43	V43, minor		V43, minor		V	V7	5		8	8	8	9	10	D#	A#	G#	G#	dominant seventh chord	2	True	False	False	True	True	5	5	5	#7	True	False	False
158	2	19.75	75	9	D	1	2.75	0	False	3	4	1	1	1/16	True	5	7	7	6	6a	5	79/4	False	False				False	11	V43	g#	i		V43		V		43			Mm7	True	True	(2, -1, 1, 5)	()	1	2	minor	minor	i	i, minor	V		i	i	True	V43	V43, minor		V43, minor		V	V7	5		8	8	8	9	10	D#	A#	G#	G#	dominant seventh chord	2	True	False	False	True	True	1	1	1	5	True	True	False
160	8	20.0	56	8	G	1	3.0	3	True	3	4	4	1	1/4	True	5	7	7	6	6a	3	20	False	True				False	12	i	g#	i		i		i					m	True	True	(0, -3, 1)	()	0	0	minor	minor	i	i, minor	i		i	i	True	i	i, minor		i, minor		i	i	1		8	8	8	8	8	G#	G#	G#	G#	minor triad	0	True	False	False	True	True	0	0	0	1	True	True	True
160	8	20.0	63	9	D	1	3.0	3	True	3	4	3	1	1/4	True	5	7	7	6	6a	4	20	False	True				False	12	i	g#	i		i		i					m	True	True	(0, -3, 1)	()	0	0	minor	minor	i	i, minor	i		i	i	True	i	i, minor		i, minor		i	i	1		8	8	8	8	8	G#	G#	G#	G#	minor triad	0	True	False	False	True	True	1	1	1	5	True	False	False
160	8	20.0	71	5	B	0	3.0	3	True	3	4	2	1	1/4	True	5	7	7	6	6a	4	20	False	True				False	12	i	g#	i		i		i					m	True	True	(0, -3, 1)	()	0	0	minor	minor	i	i, minor	i		i	i	True	i	i, minor		i, minor		i	i	1		8	8	8	8	8	G#	G#	G#	G#	minor triad	0	True	False	False	True	True	-3	-3	-3	3	True	False	False
160	8	20.0	80	8	G	1	3.0	3	True	3	4	1	1	1/4	True	5	7	7	6	6a	5	20	False	True				False	12	i	g#	i		i		i					m	True	True	(0, -3, 1)	()	0	0	minor	minor	i	i, minor	i		i	i	True	i	i, minor		i, minor		i	i	1		8	8	8	8	8	G#	G#	G#	G#	minor triad	0	True	False	False	True	True	0	0	0	1	True	True	True
168	8	21.0	55	13	F	2	1.0	1	True	3	4	4	1	1/4	True	5	8	8	7	7a	3	21	False	True				False	13	V65	g#	i		V65		V		65			Mm7	True	True	(5, 2, -1, 1)	()	1	5	minor	minor	i	i, minor	V		i	i	True	V65	V65, minor		V65, minor		V	V7	5		8	8	8	9	13	D#	F##	G#	G#	dominant seventh chord	1	True	False	False	True	True	5	5	5	#7	True	False	True
168	8	21.0	63	9	D	1	1.0	1	True	3	4	3	1	1/4	False	5	8	8	7	7a	4	21	False	True				False	13	V65	g#	i		V65		V		65			Mm7	True	True	(5, 2, -1, 1)	()	1	5	minor	minor	i	i, minor	V		i	i	True	V65	V65, minor		V65, minor		V	V7	5		8	8	8	9	13	D#	F##	G#	G#	dominant seventh chord	1	True	False	False	True	True	1	1	1	5	True	True	False
168	8	21.0	73	7	C	1	1.0	1	True	3	4	2	1	1/4	True	5	8	8	7	7a	5	21	False	True				False	13	V65	g#	i		V65		V		65			Mm7	True	True	(5, 2, -1, 1)	()	1	5	minor	minor	i	i, minor	V		i	i	True	V65	V65, minor		V65, minor		V	V7	5		8	8	8	9	13	D#	F##	G#	G#	dominant seventh chord	1	True	False	False	True	True	-1	-1	-1	4	True	False	False
168	8	21.0	82	10	A	1	1.0	1	True	3	4	1	1	1/4	True	5	8	8	7	7a	5	21	False	True				False	13	V65	g#	i		V65		V		65			Mm7	True	True	(5, 2, -1, 1)	()	1	5	minor	minor	i	i, minor	V		i	i	True	V65	V65, minor		V65, minor		V	V7	5		8	8	8	9	13	D#	F##	G#	G#	dominant seventh chord	1	True	False	False	True	True	2	2	2	2	True	False	False
176	8	22.0	56	8	G	1	2.0	2	True	3	4	4	1	1/4	True	5	8	8	7	7a	3	22	False	True				False	14	i	g#	i		i		i					m	True	True	(0, -3, 1)	()	0	0	minor	minor	i	i, minor	i		i	i	True	i	i, minor		i, minor		i	i	1		8	8	8	8	8	G#	G#	G#	G#	minor triad	0	True	False	False	True	True	0	0	0	1	True	True	True
176	8	22.0	63	9	D	1	2.0	2	True	3	4	3	1	1/4	True	5	8	8	7	7a	4	22	False	True				False	14	i	g#	i		i		i					m	True	True	(0, -3, 1)	()	0	0	minor	minor	i	i, minor	i		i	i	True	i	i, minor		i, minor		i	i	1		8	8	8	8	8	G#	G#	G#	G#	minor triad	0	True	False	False	True	True	1	1	1	5	True	False	False
176	8	22.0	71	5	B	0	2.0	2	True	3	4	2	1	1/4	True	5	8	8	7	7a	4	22	False	True				False	14	i	g#	i		i		i					m	True	True	(0, -3, 1)	()	0	0	minor	minor	i	i, minor	i		i	i	True	i	i, minor		i, minor		i	i	1		8	8	8	8	8	G#	G#	G#	G#	minor triad	0	True	False	False	True	True	-3	-3	-3	3	True	False	False
176	16	22.0	83	5	B	0	2.0	2	True	3	4	1	1	1/2	True	5	8	8	7	7a	5	22	False	True				False	14	i	g#	i		i		i					m	True	True	(0, -3, 1)	()	0	0	minor	minor	i	i, minor	i		i	i	True	i	i, minor		i, minor		i	i	1		8	8	8	8	8	G#	G#	G#	G#	minor triad	0	True	False	False	True	True	-3	-3	-3	3	True	False	False
184	8	23.0	64	4	E	0	3.0	3	True	3	4	4	1	1/4	True	5	8	8	7	7a	4	23	False	True				False	15	VI	g#	i		VI		VI					M	True	True	(-4, 0, -3)	()	-4	-4	minor	minor	i	i, minor	VI		i	i	True	VI	VI, minor		VI, minor		VI	VI	6		8	8	8	4	4	E	E	G#	G#	major triad	0	True	False	False	True	True	-4	-4	-4	6	True	True	True
184	8	23.0	68	8	G	1	3.0	3	True	3	4	3	1	1/4	True	5	8	8	7	7a	4	23	False	True				False	15	VI	g#	i		VI		VI					M	True	True	(-4, 0, -3)	()	-4	-4	minor	minor	i	i, minor	VI		i	i	True	VI	VI, minor		VI, minor		VI	VI	6		8	8	8	4	4	E	E	G#	G#	major triad	0	True	False	False	True	True	0	0	0	1	True	False	False
184	8	23.0	71	5	B	0	3.0	3	True	3	4	2	1	1/4	True	5	8	8	7	7a	4	23	False	True				False	15	VI	g#	i		VI		VI					M	True	True	(-4, 0, -3)	()	-4	-4	minor	minor	i	i, minor	VI		i	i	True	VI	VI, minor		VI, minor		VI	VI	6		8	8	8	4	4	E	E	G#	G#	major triad	0	True	False	False	True	True	-3	-3	-3	3	True	False	False
192	8	24.0	61	7	C	1	1.0	1	True	3	4	4	1	1/4	True	5	9	9	8	8a	4	24	False	True				False	16	iv7	g#	i		iv7		iv		7			mm7	True	True	(-1, -4, 0, -3)	()	-1	-1	minor	minor	i	i, minor	iv		i	i	True	iv7	iv7, minor		iv7, minor		iv	iv7	4		8	8	8	7	7	C#	C#	G#	G#	minor seventh chord	7	True	False	False	True	True	-1	-1	-1	4	True	True	True
192	8	24.0	64	4	E	0	1.0	1	True	3	4	3	1	1/4	True	5	9	9	8	8a	4	24	False	True				False	16	iv7	g#	i		iv7		iv		7			mm7	True	True	(-1, -4, 0, -3)	()	-1	-1	minor	minor	i	i, minor	iv		i	i	True	iv7	iv7, minor		iv7, minor		iv	iv7	4		8	8	8	7	7	C#	C#	G#	G#	minor seventh chord	7	True	False	False	True	True	-4	-4	-4	6	True	False	False
192	8	24.0	76	4	E	0	1.0	1	True	3	4	2	1	1/4	True	5	9	9	8	8a	5	24	False	True				False	16	iv7	g#	i		iv7		iv		7			mm7	True	True	(-1, -4, 0, -3)	()	-1	-1	minor	minor	i	i, minor	iv		i	i	True	iv7	iv7, minor		iv7, minor		iv	iv7	4		8	8	8	7	7	C#	C#	G#	G#	minor seventh chord	7	True	False	False	True	True	-4	-4	-4	6	True	False	False
192	6	24.0	83	5	B	0	1.0	1	True	3	4	1	1	3/16	True	5	9	9	8	8a	5	24	False	True				False	16	iv7	g#	i		iv7		iv		7			mm7	True	True	(-1, -4, 0, -3)	()	-1	-1	minor	minor	i	i, minor	iv		i	i	True	iv7	iv7, minor		iv7, minor		iv	iv7	4		8	8	8	7	7	C#	C#	G#	G#	minor seventh chord	7	True	False	False	True	True	-3	-3	-3	3	True	False	False
198	2	24.75	81	3	A	0	1.75	0	False	3	4	1	1	1/16	True	5	9	9	8	8a	5	99/4	False	True				False	17	bII6	g#	i		bII6		bII		6			M	True	True	(-1, -4, -5)	()	-5	-1	minor	minor	i	i, minor	bII		i	i	True	bII6	bII6, minor		bII6, minor		bII	N	-2		8	8	8	3	7	A	C#	G#	G#	major triad	1	True	False	False	True	True	-5	-5	-5	b2	True	True	False
200	8	25.0	63	9	D	1	2.0	2	True	3	4	4	1	1/4	True	5	9	9	8	8a	4	25	False	True				False	18	V(64)	g#	i		V(64)		V			64		M	True	True	(1, 0, -3)	()	1	1	minor	minor	i	i, minor	V		i	i	True	V	V, minor		V(64), minor		V	Cad	5		8	8	8	9	9	D#	D#	G#	G#	major triad	0	True	False	False	True	True	1	1	1	5	True	True	True
200	8	25.0	68	8	G	1	2.0	2	True	3	4	3	1	1/4	True	5	9	9	8	8a	4	25	False	True				False	18	V(64)	g#	i		V(64)		V			64		M	True	True	(1, 0, -3)	()	1	1	minor	minor	i	i, minor	V		i	i	True	V	V, minor		V(64), minor		V	Cad	5		8	8	8	9	9	D#	D#	G#	G#	major triad	0	True	False	False	True	True	0	0	0	1	True	False	False
200	8	25.0	71	5	B	0	2.0	2	True	3	4	2	1	1/4	True	5	9	9	8	8a	4	25	False	True				False	18	V(64)	g#	i		V(64)		V			64		M	True	True	(1, 0, -3)	()	1	1	minor	minor	i	i, minor	V		i	i	True	V	V, minor		V(64), minor		V	Cad	5		8	8	8	9	9	D#	D#	G#	G#	major triad	0	True	False	False	True	True	-3	-3	-3	3	True	False	False
200	8	25.0	80	8	G	1	2.0	2	True	3	4	1	1	1/4	True	5	9	9	8	8a	5	25	False	True				False	18	V(64)	g#	i		V(64)		V			64		M	True	True	(1, 0, -3)	()	1	1	minor	minor	i	i, minor	V		i	i	True	V	V, minor		V(64), minor		V	Cad	5		8	8	8	9	9	D#	D#	G#	G#	major triad	0	True	False	False	True	True	0	0	0	1	True	False	False
208	8	26.0	63	9	D	1	3.0	3	True	3	4	4	1	1/4	True	5	9	9	8	8a	4	26	False	True				False	19	V7	g#	i		V7		V		7			Mm7	True	True	(1, 5, 2, -1)	()	1	1	minor	minor	i	i, minor	V		i	i	True	V7	V7, minor		V7, minor		V	V7	5		8	8	8	9	9	D#	D#	G#	G#	dominant seventh chord	7	True	False	False	True	True	1	1	1	5	True	True	True
208	8	26.0	70	10	A	1	3.0	3	True	3	4	3	1	1/4	True	5	9	9	8	8a	4	26	False	True				False	19	V7	g#	i		V7		V		7			Mm7	True	True	(1, 5, 2, -1)	()	1	1	minor	minor	i	i, minor	V		i	i	True	V7	V7, minor		V7, minor		V	V7	5		8	8	8	9	9	D#	D#	G#	G#	dominant seventh chord	7	True	False	False	True	True	2	2	2	2	True	False	False
208	8	26.0	73	7	C	1	3.0	3	True	3	4	2	1	1/4	True	5	9	9	8	8a	5	26	False	True				False	19	V7	g#	i		V7		V		7			Mm7	True	True	(1, 5, 2, -1)	()	1	1	minor	minor	i	i, minor	V		i	i	True	V7	V7, minor		V7, minor		V	V7	5		8	8	8	9	9	D#	D#	G#	G#	dominant seventh chord	7	True	False	False	True	True	-1	-1	-1	4	True	False	False
208	8	26.0	79	13	F	2	3.0	3	True	3	4	1	1	1/4	True	5	9	9	8	8a	5	26	False	True				False	19	V7	g#	i		V7		V		7			Mm7	True	True	(1, 5, 2, -1)	()	1	1	minor	minor	i	i, minor	V		i	i	True	V7	V7, minor		V7, minor		V	V7	5		8	8	8	9	9	D#	D#	G#	G#	dominant seventh chord	7	True	False	False	True	True	5	5	5	#7	True	False	False
216	8	27.0	63	9	D	1	1.0	1	True	3	4	4	1	1/4	False	5	10	10	9	9a	4	27	False	True				False	20	i64	g#	i		i64		i		64			m	True	True	(1, 0, -3)	()	0	1	minor	minor	i	i, minor	i		i	i	True	i64	i64, minor		i64, minor		i	i	1		8	8	8	8	9	G#	D#	G#	G#	minor triad	2	True	False	False	True	True	1	1	1	5	True	False	True
216	16	27.0	68	8	G	1	1.0	1	True	3	4	3	1	1/2	True	5	10	10	9	9a	4	27	False	True				False	20	i64	g#	i		i64		i		64			m	True	True	(1, 0, -3)	()	0	1	minor	minor	i	i, minor	i		i	i	True	i64	i64, minor		i64, minor		i	i	1		8	8	8	8	9	G#	D#	G#	G#	minor triad	2	True	False	False	True	True	0	0	0	1	True	True	False
216	16	27.0	71	5	B	0	1.0	1	True	3	4	2	1	1/2	True	5	10	10	9	9a	4	27	False	True				False	20	i64	g#	i		i64		i		64			m	True	True	(1, 0, -3)	()	0	1	minor	minor	i	i, minor	i		i	i	True	i64	i64, minor		i64, minor		i	i	1		8	8	8	8	9	G#	D#	G#	G#	minor triad	2	True	False	False	True	True	-3	-3	-3	3	True	False	False
216	16	27.0	80	8	G	1	1.0	1	True	3	4	1	1	1/2	True	5	10	10	9	9a	5	27	False	True				False	20	i64	g#	i		i64		i		64			m	True	True	(1, 0, -3)	()	0	1	minor	minor	i	i, minor	i		i	i	True	i64	i64, minor		i64, minor		i	i	1		8	8	8	8	9	G#	D#	G#	G#	minor triad	2	True	False	False	True	True	0	0	0	1	True	True	False
224	8	28.0	56	8	G	1	2.0	2	True	3	4	4	1	1/4	True	5	10	10	9	9a	3	28	False	True				False	21	i	g#	i		i		i					m	True	True	(0, -3, 1)	()	0	0	minor	minor	i	i, minor	i		i	i	True	i	i, minor		i, minor		i	i	1		8	8	8	8	8	G#	G#	G#	G#	minor triad	0	True	False	False	True	True	0	0	0	1	True	True	True
232	8	29.0	58	10	A	1	3.0	3	True	3	4	4	1	1/4	True	5	10	10	9	9a	3	29	False	True				False	22	V6/III	g#	i		V6/III		V		6		III	M	True	True	(2, -1, -2)	()	-2	2	minor	minor	i	i, minor	V/III	III	III/i	III	False	V6/III	V6/III, minor		V6/III, minor	III	III	V	5	3	8	8	5	6	10	F#	A#	G#	B	major triad	1	True	False	False	True	True	2	2	5	2	True	False	True
232	8	29.0	66	6	F	1	3.0	3	True	3	4	3	1	1/4	True	5	10	10	9	9a	4	29	False	True				False	22	V6/III	g#	i		V6/III		V		6		III	M	True	True	(2, -1, -2)	()	-2	2	minor	minor	i	i, minor	V/III	III	III/i	III	False	V6/III	V6/III, minor		V6/III, minor	III	III	V	5	3	8	8	5	6	10	F#	A#	G#	B	major triad	1	True	False	False	True	True	-2	-2	1	7	True	True	False
232	8	29.0	73	7	C	1	3.0	3	True	3	4	2	1	1/4	True	5	10	10	9	9a	5	29	False	True				False	22	V6/III	g#	i		V6/III		V		6		III	M	True	True	(2, -1, -2)	()	-2	2	minor	minor	i	i, minor	V/III	III	III/i	III	False	V6/III	V6/III, minor		V6/III, minor	III	III	V	5	3	8	8	5	6	10	F#	A#	G#	B	major triad	1	True	False	False	True	True	-1	-1	2	4	True	False	False
232	8	29.0	78	6	F	1	3.0	3	True	3	4	1	1	1/4	True	5	10	10	9	9a	5	29	False	True				False	22	V6/III	g#	i		V6/III		V		6		III	M	True	True	(2, -1, -2)	()	-2	2	minor	minor	i	i, minor	V/III	III	III/i	III	False	V6/III	V6/III, minor		V6/III, minor	III	III	V	5	3	8	8	5	6	10	F#	A#	G#	B	major triad	1	True	False	False	True	True	-2	-2	1	7	True	True	False
240	16	30.0	58	10	A	1	1.0	1	True	3	4	4	1	1/2	False	5	11	11	10	10a	3	30	False	True				False	23	V65/III	g#	i		V65/III		V		65		III	Mm7	True	True	(2, -1, -4, -2)	()	-2	2	minor	minor	i	i, minor	V/III	III	III/i	III	False	V65/III	V65/III, minor		V65/III, minor	III	III	V7	5	3	8	8	5	6	10	F#	A#	G#	B	dominant seventh chord	1	True	False	False	True	True	2	2	5	2	True	False	True
240	6	30.0	64	4	E	0	1.0	1	True	3	4	3	1	3/16	True	5	11	11	10	10a	4	30	False	True				False	23	V65/III	g#	i		V65/III		V		65		III	Mm7	True	True	(2, -1, -4, -2)	()	-2	2	minor	minor	i	i, minor	V/III	III	III/i	III	False	V65/III	V65/III, minor		V65/III, minor	III	III	V7	5	3	8	8	5	6	10	F#	A#	G#	B	dominant seventh chord	1	True	False	False	True	True	-4	-4	-1	6	True	False	False
246	2	30.75	63	9	D	1	1.75	0	False	3	4	3	1	1/16	True	5	11	11	10	10a	4	123/4	False	False				False	23	V65/III	g#	i		V65/III		V		65		III	Mm7	True	True	(2, -1, -4, -2)	()	-2	2	minor	minor	i	i, minor	V/III	III	III/i	III	False	V65/III	V65/III, minor		V65/III, minor	III	III	V7	5	3	8	8	5	6	10	F#	A#	G#	B	dominant seventh chord	1	True	False	False	True	True	1	1	4	5	False	False	False
248	8	31.0	61	7	C	1	2.0	2	True	3	4	3	1	1/4	True	5	11	11	10	10a	4	31	False	False				False	23	V65/III	g#	i		V65/III		V		65		III	Mm7	True	True	(2, -1, -4, -2)	()	-2	2	minor	minor	i	i, minor	V/III	III	III/i	III	False	V65/III	V65/III, minor		V65/III, minor	III	III	V7	5	3	8	8	5	6	10	F#	A#	G#	B	dominant seventh chord	1	True	False	False	True	True	-1	-1	2	4	True	False	False
256	8	32.0	59	5	B	0	3.0	3	True	3	4	4	1	1/4	True	5	11	11	10	10a	3	32	False	True				False	24	III(4)	g#	i		III(4)		III			4		M	True	True	(-3, -4, -2)	()	-3	-3	minor	minor	i	i, minor	III		i	i	True	III	III, minor		III(4), minor		III	III	3		8	8	8	5	5	B	B	G#	G#	major triad	0	True	False	False	True	True	-3	-3	-3	3	True	True	True
256	8	32.0	76	4	E	0	3.0	3	True	3	4	1	1	1/4	True	5	11	11	10	10a	5	32	False	True				False	24	III(4)	g#	i		III(4)		III			4		M	True	True	(-3, -4, -2)	()	-3	-3	minor	minor	i	i, minor	III		i	i	True	III	III, minor		III(4), minor		III	III	3		8	8	8	5	5	B	B	G#	G#	major triad	0	True	False	False	True	True	-4	-4	-4	6	True	False	False
264	16	33.0	59	5	B	0	1.0	1	True	3	4	4	1	1/2	False	5	12	12	11	11a	3	33	False	True				False	25	III	g#	i		III		III					M	True	True	(-3, 1, -2)	()	-3	-3	minor	minor	i	i, minor	III		i	i	True	III	III, minor		III, minor		III	III	3		8	8	8	5	5	B	B	G#	G#	major triad	0	True	False	False	True	True	-3	-3	-3	3	True	True	True
264	6	33.0	75	9	D	1	1.0	1	True	3	4	1	1	3/16	True	5	12	12	11	11a	5	33	False	True				False	25	III	g#	i		III		III					M	True	True	(-3, 1, -2)	()	-3	-3	minor	minor	i	i, minor	III		i	i	True	III	III, minor		III, minor		III	III	3		8	8	8	5	5	B	B	G#	G#	major triad	0	True	False	False	True	True	1	1	1	5	True	False	False
270	2	33.75	73	7	C	1	1.75	0	False	3	4	1	1	1/16	True	5	12	12	11	11a	5	135/4	False	False				False	25	III	g#	i		III		III					M	True	True	(-3, 1, -2)	()	-3	-3	minor	minor	i	i, minor	III		i	i	True	III	III, minor		III, minor		III	III	3		8	8	8	5	5	B	B	G#	G#	major triad	0	True	False	False	True	True	-1	-1	-1	4	False	False	False
272	8	34.0	71	5	B	0	2.0	2	True	3	4	1	1	1/4	True	5	12	12	11	11a	4	34	False	False				False	25	III	g#	i		III		III					M	True	True	(-3, 1, -2)	()	-3	-3	minor	minor	i	i, minor	III		i	i	True	III	III, minor		III, minor		III	III	3		8	8	8	5	5	B	B	G#	G#	major triad	0	True	False	False	True	True	-3	-3	-3	3	True	True	True
280	8	35.0	55	13	F	2	3.0	3	True	3	4	4	1	1/4	True	5	12	12	11	11a	3	35	False	True				False	26	V6	g#	i		V6		V		6			M	True	True	(5, 2, 1)	()	1	5	minor	minor	i	i, minor	V		i	i	True	V6	V6, minor		V6, minor		V	V	5		8	8	8	9	13	D#	F##	G#	G#	major triad	1	True	False	False	True	True	5	5	5	#7	True	False	True
280	8	35.0	63	9	D	1	3.0	3	True	3	4	3	1	1/4	True	5	12	12	11	11a	4	35	False	True				False	26	V6	g#	i		V6		V		6			M	True	True	(5, 2, 1)	()	1	5	minor	minor	i	i, minor	V		i	i	True	V6	V6, minor		V6, minor		V	V	5		8	8	8	9	13	D#	F##	G#	G#	major triad	1	True	False	False	True	True	1	1	1	5	True	True	False
288	16	36.0	55	13	F	2	1.0	1	True	3	4	4	1	1/2	False	5	13	13	12	12a	3	36	False	True				False	27	V65	g#	i		V65		V		65			Mm7	True	True	(5, 2, -1, 1)	()	1	5	minor	minor	i	i, minor	V		i	i	True	V65	V65, minor		V65, minor		V	V7	5		8	8	8	9	13	D#	F##	G#	G#	dominant seventh chord	1	True	False	False	True	True	5	5	5	#7	True	False	True
288	6	36.0	61	7	C	1	1.0	1	True	3	4	3	1	3/16	True	5	13	13	12	12a	4	36	False	True				False	27	V65	g#	i		V65		V		65			Mm7	True	True	(5, 2, -1, 1)	()	1	5	minor	minor	i	i, minor	V		i	i	True	V65	V65, minor		V65, minor		V	V7	5		8	8	8	9	13	D#	F##	G#	G#	dominant seventh chord	1	True	False	False	True	True	-1	-1	-1	4	True	False	False
294	2	36.75	59	5	B	0	1.75	0	False	3	4	3	1	1/16	True	5	13	13	12	12a	3	147/4	False	False				False	27	V65	g#	i		V65		V		65			Mm7	True	True	(5, 2, -1, 1)	()	1	5	minor	minor	i	i, minor	V		i	i	True	V65	V65, minor		V65, minor		V	V7	5		8	8	8	9	13	D#	F##	G#	G#	dominant seventh chord	1	True	False	False	True	True	-3	-3	-3	3	False	False	False
296	8	37.0	58	10	A	1	2.0	2	True	3	4	3	1	1/4	True	5	13	13	12	12a	3	37	False	False				False	27	V65	g#	i		V65		V		65			Mm7	True	True	(5, 2, -1, 1)	()	1	5	minor	minor	i	i, minor	V		i	i	True	V65	V65, minor		V65, minor		V	V7	5		8	8	8	9	13	D#	F##	G#	G#	dominant seventh chord	1	True	False	False	True	True	2	2	2	2	True	False	False
304	8	38.0	56	8	G	1	3.0	3	True	3	4	4	1	1/4	True	5	13	13	12	12a	3	38	False	True				False	28	i(4)	g#	i		i(4)		i			4		m	True	True	(0, -1, 1)	()	0	0	minor	minor	i	i, minor	i		i	i	True	i	i, minor		i(4), minor		i	i	1		8	8	8	8	8	G#	G#	G#	G#	minor triad	0	True	False	False	True	True	0	0	0	1	True	True	True
304	8	38.0	63	9	D	1	3.0	3	True	3	4	3	1	1/4	True	5	13	13	12	12a	4	38	False	True				False	28	i(4)	g#	i		i(4)		i			4		m	True	True	(0, -1, 1)	()	0	0	minor	minor	i	i, minor	i		i	i	True	i	i, minor		i(4), minor		i	i	1		8	8	8	8	8	G#	G#	G#	G#	minor triad	0	True	False	False	True	True	1	1	1	5	True	False	False
304	8	38.0	73	7	C	1	3.0	3	True	3	4	2	1	1/4	True	5	13	13	12	12a	5	38	False	True				False	28	i(4)	g#	i		i(4)		i			4		m	True	True	(0, -1, 1)	()	0	0	minor	minor	i	i, minor	i		i	i	True	i	i, minor		i(4), minor		i	i	1		8	8	8	8	8	G#	G#	G#	G#	minor triad	0	True	False	False	True	True	-1	-1	-1	4	True	False	False
312	16	39.0	56	8	G	1	1.0	1	True	3	4	4	1	1/2	False	5	14	14	13	13a	3	39	False	True				False	29	i	g#	i		i		i					m	True	True	(0, -3, 1)	()	0	0	minor	minor	i	i, minor	i		i	i	True	i	i, minor		i, minor		i	i	1		8	8	8	8	8	G#	G#	G#	G#	minor triad	0	True	False	False	True	True	0	0	0	1	True	True	True
312	6	39.0	63	9	D	1	1.0	1	True	3	4	3	1	3/16	False	5	14	14	13	13a	4	39	False	True				False	29	i	g#	i		i		i					m	True	True	(0, -3, 1)	()	0	0	minor	minor	i	i, minor	i		i	i	True	i	i, minor		i, minor		i	i	1		8	8	8	8	8	G#	G#	G#	G#	minor triad	0	True	False	False	True	True	1	1	1	5	True	False	False
312	6	39.0	71	5	B	0	1.0	1	True	3	4	2	1	3/16	True	5	14	14	13	13a	4	39	False	True				False	29	i	g#	i		i		i					m	True	True	(0, -3, 1)	()	0	0	minor	minor	i	i, minor	i		i	i	True	i	i, minor		i, minor		i	i	1		8	8	8	8	8	G#	G#	G#	G#	minor triad	0	True	False	False	True	True	-3	-3	-3	3	True	False	False
318	2	39.75	61	7	C	1	1.75	0	False	3	4	3	1	1/16	True	5	14	14	13	13a	4	159/4	False	False				False	29	i	g#	i		i		i					m	True	True	(0, -3, 1)	()	0	0	minor	minor	i	i, minor	i		i	i	True	i	i, minor		i, minor		i	i	1		8	8	8	8	8	G#	G#	G#	G#	minor triad	0	True	False	False	True	True	-1	-1	-1	4	False	False	False
318	2	39.75	70	10	A	1	1.75	0	False	3	4	2	1	1/16	True	5	14	14	13	13a	4	159/4	False	False				False	29	i	g#	i		i		i					m	True	True	(0, -3, 1)	()	0	0	minor	minor	i	i, minor	i		i	i	True	i	i, minor		i, minor		i	i	1		8	8	8	8	8	G#	G#	G#	G#	minor triad	0	True	False	False	True	True	2	2	2	2	False	False	False
320	8	40.0	59	5	B	0	2.0	2	True	3	4	3	1	1/4	True	5	14	14	13	13a	3	40	False	False				False	29	i	g#	i		i		i					m	True	True	(0, -3, 1)	()	0	0	minor	minor	i	i, minor	i		i	i	True	i	i, minor		i, minor		i	i	1		8	8	8	8	8	G#	G#	G#	G#	minor triad	0	True	False	False	True	True	-3	-3	-3	3	True	False	False
320	8	40.0	68	8	G	1	2.0	2	True	3	4	2	1	1/4	True	5	14	14	13	13a	4	40	False	False				False	29	i	g#	i		i		i					m	True	True	(0, -3, 1)	()	0	0	minor	minor	i	i, minor	i		i	i	True	i	i, minor		i, minor		i	i	1		8	8	8	8	8	G#	G#	G#	G#	minor triad	0	True	False	False	True	True	0	0	0	1	True	True	True
320	6	40.0	83	5	B	0	2.0	2	True	3	4	1	1	3/16	True	5	14	14	13	13a	5	40	False	False				False	29	i	g#	i		i		i					m	True	True	(0, -3, 1)	()	0	0	minor	minor	i	i, minor	i		i	i	True	i	i, minor		i, minor		i	i	1		8	8	8	8	8	G#	G#	G#	G#	minor triad	0	True	False	False	True	True	-3	-3	-3	3	True	False	False
326	2	40.75	82	10	A	1	2.75	0	False	3	4	1	1	1/16	True	5	14	14	13	13a	5	163/4	False	False				False	29	i	g#	i		i		i					m	True	True	(0, -3, 1)	()	0	0	minor	minor	i	i, minor	i		i	i	True	i	i, minor		i, minor		i	i	1		8	8	8	8	8	G#	G#	G#	G#	minor triad	0	True	False	False	True	True	2	2	2	2	False	False	False
328	8	41.0	56	8	G	1	3.0	3	True	3	4	4	1	1/4	True	5	14	14	13	13a	3	41	False	False				False	29	i	g#	i		i		i					m	True	True	(0, -3, 1)	()	0	0	minor	minor	i	i, minor	i		i	i	True	i	i, minor		i, minor		i	i	1		8	8	8	8	8	G#	G#	G#	G#	minor triad	0	True	False	False	True	True	0	0	0	1	True	True	True
328	8	41.0	63	9	D	1	3.0	3	True	3	4	3	1	1/4	True	5	14	14	13	13a	4	41	False	False				False	29	i	g#	i		i		i					m	True	True	(0, -3, 1)	()	0	0	minor	minor	i	i, minor	i		i	i	True	i	i, minor		i, minor		i	i	1		8	8	8	8	8	G#	G#	G#	G#	minor triad	0	True	False	False	True	True	1	1	1	5	True	False	False
328	8	41.0	71	5	B	0	3.0	3	True	3	4	2	1	1/4	True	5	14	14	13	13a	4	41	False	False				False	29	i	g#	i		i		i					m	True	True	(0, -3, 1)	()	0	0	minor	minor	i	i, minor	i		i	i	True	i	i, minor		i, minor		i	i	1		8	8	8	8	8	G#	G#	G#	G#	minor triad	0	True	False	False	True	True	-3	-3	-3	3	True	False	False
328	8	41.0	80	8	G	1	3.0	3	True	3	4	1	1	1/4	True	5	14	14	13	13a	5	41	False	False				False	29	i	g#	i		i		i					m	True	True	(0, -3, 1)	()	0	0	minor	minor	i	i, minor	i		i	i	True	i	i, minor		i, minor		i	i	1		8	8	8	8	8	G#	G#	G#	G#	minor triad	0	True	False	False	True	True	0	0	0	1	True	True	True
336	16	42.0	58	10	A	1	1.0	1	True	3	4	4	1	1/2	True	5	15	15	14	14a	3	42	False	True				False	30	V43	g#	i		V43		V		43			Mm7	True	True	(2, -1, 1, 5)	()	1	2	minor	minor	i	i, minor	V		i	i	True	V43	V43, minor		V43, minor		V	V7	5		8	8	8	9	10	D#	A#	G#	G#	dominant seventh chord	2	True	False	False	True	True	2	2	2	2	True	False	True
336	8	42.0	63	9	D	1	1.0	1	True	3	4	3	1	1/4	True	5	15	15	14	14a	4	42	False	True				False	30	V43	g#	i		V43		V		43			Mm7	True	True	(2, -1, 1, 5)	()	1	2	minor	minor	i	i, minor	V		i	i	True	V43	V43, minor		V43, minor		V	V7	5		8	8	8	9	10	D#	A#	G#	G#	dominant seventh chord	2	True	False	False	True	True	1	1	1	5	True	True	False
336	8	42.0	73	7	C	1	1.0	1	True	3	4	2	1	1/4	True	5	15	15	14	14a	5	42	False	True				False	30	V43	g#	i		V43		V		43			Mm7	True	True	(2, -1, 1, 5)	()	1	2	minor	minor	i	i, minor	V		i	i	True	V43	V43, minor		V43, minor		V	V7	5		8	8	8	9	10	D#	A#	G#	G#	dominant seventh chord	2	True	False	False	True	True	-1	-1	-1	4	True	False	False
336	14	42.0	79	13	F	2	1.0	1	True	3	4	1	1	7/16	True	5	15	15	14	14a	5	42	False	True				False	30	V43	g#	i		V43		V		43			Mm7	True	True	(2, -1, 1, 5)	()	1	2	minor	minor	i	i, minor	V		i	i	True	V43	V43, minor		V43, minor		V	V7	5		8	8	8	9	10	D#	A#	G#	G#	dominant seventh chord	2	True	False	False	True	True	5	5	5	#7	True	False	False
344	8	43.0	61	7	C	1	2.0	2	True	3	4	3	1	1/4	True	5	15	15	14	14a	4	43	False	False				False	30	V43	g#	i		V43		V		43			Mm7	True	True	(2, -1, 1, 5)	()	1	2	minor	minor	i	i, minor	V		i	i	True	V43	V43, minor		V43, minor		V	V7	5		8	8	8	9	10	D#	A#	G#	G#	dominant seventh chord	2	True	False	False	True	True	-1	-1	-1	4	True	False	False
344	8	43.0	75	9	D	1	2.0	2	True	3	4	2	1	1/4	True	5	15	15	14	14a	5	43	False	False				False	30	V43	g#	i		V43		V		43			Mm7	True	True	(2, -1, 1, 5)	()	1	2	minor	minor	i	i, minor	V		i	i	True	V43	V43, minor		V43, minor		V	V7	5		8	8	8	9	10	D#	A#	G#	G#	dominant seventh chord	2	True	False	False	True	True	1	1	1	5	True	True	False
350	2	43.75	75	9	D	1	2.75	0	False	3	4	1	1	1/16	True	5	15	15	14	14a	5	175/4	False	False				False	30	V43	g#	i		V43		V		43			Mm7	True	True	(2, -1, 1, 5)	()	1	2	minor	minor	i	i, minor	V		i	i	True	V43	V43, minor		V43, minor		V	V7	5		8	8	8	9	10	D#	A#	G#	G#	dominant seventh chord	2	True	False	False	True	True	1	1	1	5	True	True	False
352	8	44.0	56	8	G	1	3.0	3	True	3	4	4	1	1/4	True	5	15	15	14	14a	3	44	False	True				False	31	i	g#	i		i		i					m	True	True	(0, -3, 1)	()	0	0	minor	minor	i	i, minor	i		i	i	True	i	i, minor		i, minor		i	i	1		8	8	8	8	8	G#	G#	G#	G#	minor triad	0	True	False	False	True	True	0	0	0	1	True	True	True
352	8	44.0	63	9	D	1	3.0	3	True	3	4	3	1	1/4	True	5	15	15	14	14a	4	44	False	True				False	31	i	g#	i		i		i					m	True	True	(0, -3, 1)	()	0	0	minor	minor	i	i, minor	i		i	i	True	i	i, minor		i, minor		i	i	1		8	8	8	8	8	G#	G#	G#	G#	minor triad	0	True	False	False	True	True	1	1	1	5	True	False	False
352	8	44.0	71	5	B	0	3.0	3	True	3	4	2	1	1/4	True	5	15	15	14	14a	4	44	False	True				False	31	i	g#	i		i		i					m	True	True	(0, -3, 1)	()	0	0	minor	minor	i	i, minor	i		i	i	True	i	i, minor		i, minor		i	i	1		8	8	8	8	8	G#	G#	G#	G#	minor triad	0	True	False	False	True	True	-3	-3	-3	3	True	False	False
352	8	44.0	80	8	G	1	3.0	3	True	3	4	1	1	1/4	True	5	15	15	14	14a	5	44	False	True				False	31	i	g#	i		i		i					m	True	True	(0, -3, 1)	()	0	0	minor	minor	i	i, minor	i		i	i	True	i	i, minor		i, minor		i	i	1		8	8	8	8	8	G#	G#	G#	G#	minor triad	0	True	False	False	True	True	0	0	0	1	True	True	True
360	8	45.0	55	13	F	2	1.0	1	True	3	4	4	1	1/4	True	5	16	16	15	15a	3	45	False	True				False	32	V65	g#	i		V65		V		65			Mm7	True	True	(5, 2, -1, 1)	()	1	5	minor	minor	i	i, minor	V		i	i	True	V65	V65, minor		V65, minor		V	V7	5		8	8	8	9	13	D#	F##	G#	G#	dominant seventh chord	1	True	False	False	True	True	5	5	5	#7	True	False	True
360	8	45.0	63	9	D	1	1.0	1	True	3	4	3	1	1/4	False	5	16	16	15	15a	4	45	False	True				False	32	V65	g#	i		V65		V		65			Mm7	True	True	(5, 2, -1, 1)	()	1	5	minor	minor	i	i, minor	V		i	i	True	V65	V65, minor		V65, minor		V	V7	5		8	8	8	9	13	D#	F##	G#	G#	dominant seventh chord	1	True	False	False	True	True	1	1	1	5	True	True	False
360	8	45.0	73	7	C	1	1.0	1	True	3	4	2	1	1/4	True	5	16	16	15	15a	5	45	False	True				False	32	V65	g#	i		V65		V		65			Mm7	True	True	(5, 2, -1, 1)	()	1	5	minor	minor	i	i, minor	V		i	i	True	V65	V65, minor		V65, minor		V	V7	5		8	8	8	9	13	D#	F##	G#	G#	dominant seventh chord	1	True	False	False	True	True	-1	-1	-1	4	True	False	False
360	8	45.0	82	10	A	1	1.0	1	True	3	4	1	1	1/4	True	5	16	16	15	15a	5	45	False	True				False	32	V65	g#	i		V65		V		65			Mm7	True	True	(5, 2, -1, 1)	()	1	5	minor	minor	i	i, minor	V		i	i	True	V65	V65, minor		V65, minor		V	V7	5		8	8	8	9	13	D#	F##	G#	G#	dominant seventh chord	1	True	False	False	True	True	2	2	2	2	True	False	False
368	8	46.0	56	8	G	1	2.0	2	True	3	4	4	1	1/4	True	5	16	16	15	15a	3	46	False	True				False	33	i	g#	i		i		i					m	True	True	(0, -3, 1)	()	0	0	minor	minor	i	i, minor	i		i	i	True	i	i, minor		i, minor		i	i	1		8	8	8	8	8	G#	G#	G#	G#	minor triad	0	True	False	False	True	True	0	0	0	1	True	True	True
368	8	46.0	63	9	D	1	2.0	2	True	3	4	3	1	1/4	True	5	16	16	15	15a	4	46	False	True				False	33	i	g#	i		i		i					m	True	True	(0, -3, 1)	()	0	0	minor	minor	i	i, minor	i		i	i	True	i	i, minor		i, minor		i	i	1		8	8	8	8	8	G#	G#	G#	G#	minor triad	0	True	False	False	True	True	1	1	1	5	True	False	False
368	16	46.0	71	5	B	0	2.0	2	True	3	4	2	1	1/2	True	5	16	16	15	15a	4	46	False	True				False	33	i	g#	i		i		i					m	True	True	(0, -3, 1)	()	0	0	minor	minor	i	i, minor	i		i	i	True	i	i, minor		i, minor		i	i	1		8	8	8	8	8	G#	G#	G#	G#	minor triad	0	True	False	False	True	True	-3	-3	-3	3	True	False	False
368	16	46.0	83	5	B	0	2.0	2	True	3	4	1	1	1/2	True	5	16	16	15	15a	5	46	False	True				False	33	i	g#	i		i		i					m	True	True	(0, -3, 1)	()	0	0	minor	minor	i	i, minor	i		i	i	True	i	i, minor		i, minor		i	i	1		8	8	8	8	8	G#	G#	G#	G#	minor triad	0	True	False	False	True	True	-3	-3	-3	3	True	False	False
376	8	47.0	64	4	E	0	3.0	3	True	3	4	4	1	1/4	True	5	16	16	15	15a	4	47	False	True				False	34	VI	g#	i		VI		VI					M	True	True	(-4, 0, -3)	()	-4	-4	minor	minor	i	i, minor	VI		i	i	True	VI	VI, minor		VI, minor		VI	VI	6		8	8	8	4	4	E	E	G#	G#	major triad	0	True	False	False	True	True	-4	-4	-4	6	True	True	True
376	8	47.0	68	8	G	1	3.0	3	True	3	4	3	1	1/4	True	5	16	16	15	15a	4	47	False	True				False	34	VI	g#	i		VI		VI					M	True	True	(-4, 0, -3)	()	-4	-4	minor	minor	i	i, minor	VI		i	i	True	VI	VI, minor		VI, minor		VI	VI	6		8	8	8	4	4	E	E	G#	G#	major triad	0	True	False	False	True	True	0	0	0	1	True	False	False
384	8	48.0	61	7	C	1	1.0	1	True	3	4	4	1	1/4	True	5	17	17	16	16a	4	48	False	True				False	35	bII6(9)	g#	i		bII6(9)		bII		6	9		M	True	True	(-1, -4, -5)	(-3,)	-5	-1	minor	minor	i	i, minor	bII		i	i	True	bII6	bII6, minor		bII6(9), minor		bII	N	-2		8	8	8	3	7	A	C#	G#	G#	major triad	1	True	False	False	True	True	-1	-1	-1	4	True	False	True
384	8	48.0	64	4	E	0	1.0	1	True	3	4	2	1	1/4	True	5	17	17	16	16a	4	48	False	True				False	35	bII6(9)	g#	i		bII6(9)		bII		6	9		M	True	True	(-1, -4, -5)	(-3,)	-5	-1	minor	minor	i	i, minor	bII		i	i	True	bII6	bII6, minor		bII6(9), minor		bII	N	-2		8	8	8	3	7	A	C#	G#	G#	major triad	1	True	False	False	True	True	-4	-4	-4	6	True	False	False
384	8	48.0	69	3	A	0	1.0	1	True	3	4	3	1	1/4	True	5	17	17	16	16a	4	48	False	True				False	35	bII6(9)	g#	i		bII6(9)		bII		6	9		M	True	True	(-1, -4, -5)	(-3,)	-5	-1	minor	minor	i	i, minor	bII		i	i	True	bII6	bII6, minor		bII6(9), minor		bII	N	-2		8	8	8	3	7	A	C#	G#	G#	major triad	1	True	False	False	True	True	-5	-5	-5	b2	True	True	False
384	6	48.0	83	5	B	0	1.0	1	True	3	4	1	1	3/16	True	5	17	17	16	16a	5	48	False	True				False	35	bII6(9)	g#	i		bII6(9)		bII		6	9		M	True	True	(-1, -4, -5)	(-3,)	-5	-1	minor	minor	i	i, minor	bII		i	i	True	bII6	bII6, minor		bII6(9), minor		bII	N	-2		8	8	8	3	7	A	C#	G#	G#	major triad	1	True	False	False	True	True	-3	-3	-3	3	False	False	False
390	2	48.75	81	3	A	0	1.75	0	False	3	4	1	1	1/16	True	5	17	17	16	16a	5	195/4	False	True				False	36	bII6	g#	i		bII6		bII		6			M	True	True	(-1, -4, -5)	()	-5	-1	minor	minor	i	i, minor	bII		i	i	True	bII6	bII6, minor		bII6, minor		bII	N	-2		8	8	8	3	7	A	C#	G#	G#	major triad	1	True	False	False	True	True	-5	-5	-5	b2	True	True	False
392	8	49.0	63	9	D	1	2.0	2	True	3	4	4	1	1/4	True	5	17	17	16	16a	4	49	False	True				False	37	V(64)	g#	i		V(64)		V			64		M	True	True	(1, 0, -3)	()	1	1	minor	minor	i	i, minor	V		i	i	True	V	V, minor		V(64), minor		V	Cad	5		8	8	8	9	9	D#	D#	G#	G#	major triad	0	True	False	False	True	True	1	1	1	5	True	True	True
392	8	49.0	68	8	G	1	2.0	2	True	3	4	2	1	1/4	True	5	17	17	16	16a	4	49	False	True				False	37	V(64)	g#	i		V(64)		V			64		M	True	True	(1, 0, -3)	()	1	1	minor	minor	i	i, minor	V		i	i	True	V	V, minor		V(64), minor		V	Cad	5		8	8	8	9	9	D#	D#	G#	G#	major triad	0	True	False	False	True	True	0	0	0	1	True	False	False
392	8	49.0	71	5	B	0	2.0	2	True	3	4	3	1	1/4	True	5	17	17	16	16a	4	49	False	True				False	37	V(64)	g#	i		V(64)		V			64		M	True	True	(1, 0, -3)	()	1	1	minor	minor	i	i, minor	V		i	i	True	V	V, minor		V(64), minor		V	Cad	5		8	8	8	9	9	D#	D#	G#	G#	major triad	0	True	False	False	True	True	-3	-3	-3	3	True	False	False
392	8	49.0	80	8	G	1	2.0	2	True	3	4	1	1	1/4	True	5	17	17	16	16a	5	49	False	True				False	37	V(64)	g#	i		V(64)		V			64		M	True	True	(1, 0, -3)	()	1	1	minor	minor	i	i, minor	V		i	i	True	V	V, minor		V(64), minor		V	Cad	5		8	8	8	9	9	D#	D#	G#	G#	major triad	0	True	False	False	True	True	0	0	0	1	True	False	False
400	8	50.0	63	9	D	1	3.0	3	True	3	4	4	1	1/4	True	5	17	17	16	16a	4	50	False	True				False	38	V7	g#	i		V7		V		7			Mm7	True	True	(1, 5, 2, -1)	()	1	1	minor	minor	i	i, minor	V		i	i	True	V7	V7, minor		V7, minor		V	V7	5		8	8	8	9	9	D#	D#	G#	G#	dominant seventh chord	7	True	False	False	True	True	1	1	1	5	True	True	True
400	8	50.0	70	10	A	1	3.0	3	True	3	4	3	1	1/4	True	5	17	17	16	16a	4	50	False	True				False	38	V7	g#	i		V7		V		7			Mm7	True	True	(1, 5, 2, -1)	()	1	1	minor	minor	i	i, minor	V		i	i	True	V7	V7, minor		V7, minor		V	V7	5		8	8	8	9	9	D#	D#	G#	G#	dominant seventh chord	7	True	False	False	True	True	2	2	2	2	True	False	False
400	8	50.0	73	7	C	1	3.0	3	True	3	4	2	1	1/4	True	5	17	17	16	16a	5	50	False	True				False	38	V7	g#	i		V7		V		7			Mm7	True	True	(1, 5, 2, -1)	()	1	1	minor	minor	i	i, minor	V		i	i	True	V7	V7, minor		V7, minor		V	V7	5		8	8	8	9	9	D#	D#	G#	G#	dominant seventh chord	7	True	False	False	True	True	-1	-1	-1	4	True	False	False
400	8	50.0	79	13	F	2	3.0	3	True	3	4	1	1	1/4	True	5	17	17	16	16a	5	50	False	True				False	38	V7	g#	i		V7		V		7			Mm7	True	True	(1, 5, 2, -1)	()	1	1	minor	minor	i	i, minor	V		i	i	True	V7	V7, minor		V7, minor		V	V7	5		8	8	8	9	9	D#	D#	G#	G#	dominant seventh chord	7	True	False	False	True	True	5	5	5	#7	True	False	False
408	8	51.0	63	9	D	1	1.0	1	True	3	4	4	1	1/4	False	5	18	18	17	17a	4	51	False	True				False	39	i64	g#	i		i64		i		64			m	True	True	(1, 0, -3)	()	0	1	minor	minor	i	i, minor	i		i	i	True	i64	i64, minor		i64, minor		i	i	1		8	8	8	8	9	G#	D#	G#	G#	minor triad	2	True	False	False	True	True	1	1	1	5	True	False	True
408	16	51.0	68	8	G	1	1.0	1	True	3	4	3	1	1/2	True	5	18	18	17	17a	4	51	False	True				False	39	i64	g#	i		i64		i		64			m	True	True	(1, 0, -3)	()	0	1	minor	minor	i	i, minor	i		i	i	True	i64	i64, minor		i64, minor		i	i	1		8	8	8	8	9	G#	D#	G#	G#	minor triad	2	True	False	False	True	True	0	0	0	1	True	True	False
408	16	51.0	71	5	B	0	1.0	1	True	3	4	2	1	1/2	True	5	18	18	17	17a	4	51	False	True				False	39	i64	g#	i		i64		i		64			m	True	True	(1, 0, -3)	()	0	1	minor	minor	i	i, minor	i		i	i	True	i64	i64, minor		i64, minor		i	i	1		8	8	8	8	9	G#	D#	G#	G#	minor triad	2	True	False	False	True	True	-3	-3	-3	3	True	False	False
408	16	51.0	80	8	G	1	1.0	1	True	3	4	1	1	1/2	True	5	18	18	17	17a	5	51	False	True				False	39	i64	g#	i		i64		i		64			m	True	True	(1, 0, -3)	()	0	1	minor	minor	i	i, minor	i		i	i	True	i64	i64, minor		i64, minor		i	i	1		8	8	8	8	9	G#	D#	G#	G#	minor triad	2	True	False	False	True	True	0	0	0	1	True	True	False
416	8	52.0	56	8	G	1	2.0	2	True	3	4	4	1	1/4	True	5	18	18	17	17a	3	52	False	False				False	39	i64	g#	i		i64		i		64			m	True	True	(1, 0, -3)	()	0	1	minor	minor	i	i, minor	i		i	i	True	i64	i64, minor		i64, minor		i	i	1		8	8	8	8	9	G#	D#	G#	G#	minor triad	2	True	False	False	True	True	0	0	0	1	True	True	False
424	8	53.0	58	10	A	1	3.0	3	True	3	4	4	1	1/4	True	5	18	18	17	17a	3	53	False	True				False	40	V6/III	g#	i		V6/III		V		6		III	M	True	True	(2, -1, -2)	()	-2	2	minor	minor	i	i, minor	V/III	III	III/i	III	False	V6/III	V6/III, minor		V6/III, minor	III	III	V	5	3	8	8	5	6	10	F#	A#	G#	B	major triad	1	True	False	False	True	True	2	2	5	2	True	False	True
424	8	53.0	61	7	C	1	3.0	3	True	3	4	3	1	1/4	True	5	18	18	17	17a	4	53	False	True				False	40	V6/III	g#	i		V6/III		V		6		III	M	True	True	(2, -1, -2)	()	-2	2	minor	minor	i	i, minor	V/III	III	III/i	III	False	V6/III	V6/III, minor		V6/III, minor	III	III	V	5	3	8	8	5	6	10	F#	A#	G#	B	major triad	1	True	False	False	True	True	-1	-1	2	4	True	False	False
424	8	53.0	73	7	C	1	3.0	3	True	3	4	2	1	1/4	True	5	18	18	17	17a	5	53	False	True				False	40	V6/III	g#	i		V6/III		V		6		III	M	True	True	(2, -1, -2)	()	-2	2	minor	minor	i	i, minor	V/III	III	III/i	III	False	V6/III	V6/III, minor		V6/III, minor	III	III	V	5	3	8	8	5	6	10	F#	A#	G#	B	major triad	1	True	False	False	True	True	-1	-1	2	4	True	False	False
424	8	53.0	78	6	F	1	3.0	3	True	3	4	1	1	1/4	True	5	18	18	17	17a	5	53	False	True				False	40	V6/III	g#	i		V6/III		V		6		III	M	True	True	(2, -1, -2)	()	-2	2	minor	minor	i	i, minor	V/III	III	III/i	III	False	V6/III	V6/III, minor		V6/III, minor	III	III	V	5	3	8	8	5	6	10	F#	A#	G#	B	major triad	1	True	False	False	True	True	-2	-2	1	7	True	True	False
432	16	54.0	58	10	A	1	1.0	1	True	3	4	4	1	1/2	False	5	19	19	18	18a	3	54	False	True				False	41	V65/III	g#	i		V65/III		V		65		III	Mm7	True	True	(2, -1, -4, -2)	()	-2	2	minor	minor	i	i, minor	V/III	III	III/i	III	False	V65/III	V65/III, minor		V65/III, minor	III	III	V7	5	3	8	8	5	6	10	F#	A#	G#	B	dominant seventh chord	1	True	False	False	True	True	2	2	5	2	True	False	True
432	16	54.0	61	7	C	1	1.0	1	True	3	4	3	1	1/2	False	5	19	19	18	18a	4	54	False	True				False	41	V65/III	g#	i		V65/III		V		65		III	Mm7	True	True	(2, -1, -4, -2)	()	-2	2	minor	minor	i	i, minor	V/III	III	III/i	III	False	V65/III	V65/III, minor		V65/III, minor	III	III	V7	5	3	8	8	5	6	10	F#	A#	G#	B	dominant seventh chord	1	True	False	False	True	True	-1	-1	2	4	True	False	False
432	8	54.0	73	7	C	1	1.0	1	True	3	4	2	1	1/4	False	5	19	19	18	18a	5	54	False	True				False	41	V65/III	g#	i		V65/III		V		65		III	Mm7	True	True	(2, -1, -4, -2)	()	-2	2	minor	minor	i	i, minor	V/III	III	III/i	III	False	V65/III	V65/III, minor		V65/III, minor	III	III	V7	5	3	8	8	5	6	10	F#	A#	G#	B	dominant seventh chord	1	True	False	False	True	True	-1	-1	2	4	True	False	False
432	6	54.0	76	4	E	0	1.0	1	True	3	4	1	1	3/16	True	5	19	19	18	18a	5	54	False	True				False	41	V65/III	g#	i		V65/III		V		65		III	Mm7	True	True	(2, -1, -4, -2)	()	-2	2	minor	minor	i	i, minor	V/III	III	III/i	III	False	V65/III	V65/III, minor		V65/III, minor	III	III	V7	5	3	8	8	5	6	10	F#	A#	G#	B	dominant seventh chord	1	True	False	False	True	True	-4	-4	-1	6	True	False	False
438	2	54.75	75	9	D	1	1.75	0	False	3	4	1	1	1/16	True	5	19	19	18	18a	5	219/4	False	False				False	41	V65/III	g#	i		V65/III		V		65		III	Mm7	True	True	(2, -1, -4, -2)	()	-2	2	minor	minor	i	i, minor	V/III	III	III/i	III	False	V65/III	V65/III, minor		V65/III, minor	III	III	V7	5	3	8	8	5	6	10	F#	A#	G#	B	dominant seventh chord	1	True	False	False	True	True	1	1	4	5	False	False	False
440	8	55.0	66	6	F	1	2.0	2	True	3	4	2	1	1/4	True	5	19	19	18	18a	4	55	False	False				False	41	V65/III	g#	i		V65/III		V		65		III	Mm7	True	True	(2, -1, -4, -2)	()	-2	2	minor	minor	i	i, minor	V/III	III	III/i	III	False	V65/III	V65/III, minor		V65/III, minor	III	III	V7	5	3	8	8	5	6	10	F#	A#	G#	B	dominant seventh chord	1	True	False	False	True	True	-2	-2	1	7	True	True	False
440	8	55.0	73	7	C	1	2.0	2	True	3	4	1	1	1/4	True	5	19	19	18	18a	5	55	False	False				False	41	V65/III	g#	i		V65/III		V		65		III	Mm7	True	True	(2, -1, -4, -2)	()	-2	2	minor	minor	i	i, minor	V/III	III	III/i	III	False	V65/III	V65/III, minor		V65/III, minor	III	III	V7	5	3	8	8	5	6	10	F#	A#	G#	B	dominant seventh chord	1	True	False	False	True	True	-1	-1	2	4	True	False	False
448	8	56.0	59	5	B	0	3.0	3	True	3	4	4	1	1/4	True	5	19	19	18	18a	3	56	False	True				False	42	III(4)	g#	i		III(4)		III			4		M	True	True	(-3, -4, -2)	()	-3	-3	minor	minor	i	i, minor	III		i	i	True	III	III, minor		III(4), minor		III	III	3		8	8	8	5	5	B	B	G#	G#	major triad	0	True	False	False	True	True	-3	-3	-3	3	True	True	True
448	8	56.0	64	4	E	0	3.0	3	True	3	4	3	1	1/4	True	5	19	19	18	18a	4	56	False	True				False	42	III(4)	g#	i		III(4)		III			4		M	True	True	(-3, -4, -2)	()	-3	-3	minor	minor	i	i, minor	III		i	i	True	III	III, minor		III(4), minor		III	III	3		8	8	8	5	5	B	B	G#	G#	major triad	0	True	False	False	True	True	-4	-4	-4	6	True	False	False
456	16	57.0	59	5	B	0	1.0	1	True	3	4	4	1	1/2	False	5	20	20	19	19a	3	57	False	True				False	43	III	g#	i		III		III					M	True	True	(-3, 1, -2)	()	-3	-3	minor	minor	i	i, minor	III		i	i	True	III	III, minor		III, minor		III	III	3		8	8	8	5	5	B	B	G#	G#	major triad	0	True	False	False	True	True	-3	-3	-3	3	True	True	True
456	6	57.0	63	9	D	1	1.0	1	True	3	4	3	1	3/16	True	5	20	20	19	19a	4	57	False	True				False	43	III	g#	i		III		III					M	True	True	(-3, 1, -2)	()	-3	-3	minor	minor	i	i, minor	III		i	i	True	III	III, minor		III, minor		III	III	3		8	8	8	5	5	B	B	G#	G#	major triad	0	True	False	False	True	True	1	1	1	5	True	False	False
462	2	57.75	61	7	C	1	1.75	0	False	3	4	3	1	1/16	True	5	20	20	19	19a	4	231/4	False	False				False	43	III	g#	i		III		III					M	True	True	(-3, 1, -2)	()	-3	-3	minor	minor	i	i, minor	III		i	i	True	III	III, minor		III, minor		III	III	3		8	8	8	5	5	B	B	G#	G#	major triad	0	True	False	False	True	True	-1	-1	-1	4	False	False	False
464	8	58.0	59	5	B	0	2.0	2	True	3	4	3	1	1/4	True	5	20	20	19	19a	3	58	False	False				False	43	III	g#	i		III		III					M	True	True	(-3, 1, -2)	()	-3	-3	minor	minor	i	i, minor	III		i	i	True	III	III, minor		III, minor		III	III	3		8	8	8	5	5	B	B	G#	G#	major triad	0	True	False	False	True	True	-3	-3	-3	3	True	True	True
472	8	59.0	55	13	F	2	3.0	3	True	3	4	4	1	1/4	True	5	20	20	19	19a	3	59	False	True				False	44	V6	g#	i		V6		V		6			M	True	True	(5, 2, 1)	()	1	5	minor	minor	i	i, minor	V		i	i	True	V6	V6, minor		V6, minor		V	V	5		8	8	8	9	13	D#	F##	G#	G#	major triad	1	True	False	False	True	True	5	5	5	#7	True	False	True
472	8	59.0	58	10	A	1	3.0	3	True	3	4	3	1	1/4	True	5	20	20	19	19a	3	59	False	True				False	44	V6	g#	i		V6		V		6			M	True	True	(5, 2, 1)	()	1	5	minor	minor	i	i, minor	V		i	i	True	V6	V6, minor		V6, minor		V	V	5		8	8	8	9	13	D#	F##	G#	G#	major triad	1	True	False	False	True	True	2	2	2	2	True	False	False
472	8	59.0	75	9	D	1	3.0	3	True	3	4	2	1	1/4	True	5	20	20	19	19a	5	59	False	True				False	44	V6	g#	i		V6		V		6			M	True	True	(5, 2, 1)	()	1	5	minor	minor	i	i, minor	V		i	i	True	V6	V6, minor		V6, minor		V	V	5		8	8	8	9	13	D#	F##	G#	G#	major triad	1	True	False	False	True	True	1	1	1	5	True	True	False
480	16	60.0	55	13	F	2	1.0	1	True	3	4	4	1	1/2	False	5	21	21	20	20a	3	60	False	True				False	45	V65	g#	i		V65		V		65			Mm7	True	True	(5, 2, -1, 1)	()	1	5	minor	minor	i	i, minor	V		i	i	True	V65	V65, minor		V65, minor		V	V7	5		8	8	8	9	13	D#	F##	G#	G#	dominant seventh chord	1	True	False	False	True	True	5	5	5	#7	True	False	True
480	16	60.0	58	10	A	1	1.0	1	True	3	4	3	1	1/2	False	5	21	21	20	20a	3	60	False	True				False	45	V65	g#	i		V65		V		65			Mm7	True	True	(5, 2, -1, 1)	()	1	5	minor	minor	i	i, minor	V		i	i	True	V65	V65, minor		V65, minor		V	V7	5		8	8	8	9	13	D#	F##	G#	G#	dominant seventh chord	1	True	False	False	True	True	2	2	2	2	True	False	False
480	6	60.0	73	7	C	1	1.0	1	True	3	4	2	1	3/16	True	5	21	21	20	20a	5	60	False	True				False	45	V65	g#	i		V65		V		65			Mm7	True	True	(5, 2, -1, 1)	()	1	5	minor	minor	i	i, minor	V		i	i	True	V65	V65, minor		V65, minor		V	V7	5		8	8	8	9	13	D#	F##	G#	G#	dominant seventh chord	1	True	False	False	True	True	-1	-1	-1	4	True	False	False
486	2	60.75	71	5	B	0	1.75	0	False	3	4	2	1	1/16	True	5	21	21	20	20a	4	243/4	False	False				False	45	V65	g#	i		V65		V		65			Mm7	True	True	(5, 2, -1, 1)	()	1	5	minor	minor	i	i, minor	V		i	i	True	V65	V65, minor		V65, minor		V	V7	5		8	8	8	9	13	D#	F##	G#	G#	dominant seventh chord	1	True	False	False	True	True	-3	-3	-3	3	False	False	False
488	8	61.0	70	10	A	1	2.0	2	True	3	4	2	1	1/4	True	5	21	21	20	20a	4	61	False	False				False	45	V65	g#	i		V65		V		65			Mm7	True	True	(5, 2, -1, 1)	()	1	5	minor	minor	i	i, minor	V		i	i	True	V65	V65, minor		V65, minor		V	V7	5		8	8	8	9	13	D#	F##	G#	G#	dominant seventh chord	1	True	False	False	True	True	2	2	2	2	True	False	False
496	8	62.0	56	8	G	1	3.0	3	True	3	4	4	1	1/4	True	5	21	21	20	20a	3	62	False	True				False	46	i(4)	g#	i		i(4)		i			4		m	True	True	(0, -1, 1)	()	0	0	minor	minor	i	i, minor	i		i	i	True	i	i, minor		i(4), minor		i	i	1		8	8	8	8	8	G#	G#	G#	G#	minor triad	0	True	False	False	True	True	0	0	0	1	True	True	True
496	8	62.0	63	9	D	1	3.0	3	True	3	4	3	1	1/4	True	5	21	21	20	20a	4	62	False	True				False	46	i(4)	g#	i		i(4)		i			4		m	True	True	(0, -1, 1)	()	0	0	minor	minor	i	i, minor	i		i	i	True	i	i, minor		i(4), minor		i	i	1		8	8	8	8	8	G#	G#	G#	G#	minor triad	0	True	False	False	True	True	1	1	1	5	True	False	False
496	8	62.0	85	7	C	1	3.0	3	True	3	4	1	1	1/4	True	5	21	21	20	20a	6	62	False	True				False	46	i(4)	g#	i		i(4)		i			4		m	True	True	(0, -1, 1)	()	0	0	minor	minor	i	i, minor	i		i	i	True	i	i, minor		i(4), minor		i	i	1		8	8	8	8	8	G#	G#	G#	G#	minor triad	0	True	False	False	True	True	-1	-1	-1	4	True	False	False
504	16	63.0	56	8	G	1	1.0	1	True	3	4	4	1	1/2	False	5	22	22	21	21a	3	63	False	True				False	47	i	g#	i		i		i					m	True	True	(0, -3, 1)	()	0	0	minor	minor	i	i, minor	i		i	i	True	i	i, minor		i, minor		i	i	1		8	8	8	8	8	G#	G#	G#	G#	minor triad	0	True	False	False	True	True	0	0	0	1	True	True	True
504	6	63.0	63	9	D	1	1.0	1	True	3	4	3	1	3/16	False	5	22	22	21	21a	4	63	False	True				False	47	i	g#	i		i		i					m	True	True	(0, -3, 1)	()	0	0	minor	minor	i	i, minor	i		i	i	True	i	i, minor		i, minor		i	i	1		8	8	8	8	8	G#	G#	G#	G#	minor triad	0	True	False	False	True	True	1	1	1	5	True	False	False
504	6	63.0	83	5	B	0	1.0	1	True	3	4	1	1	3/16	True	5	22	22	21	21a	5	63	False	True				False	47	i	g#	i		i		i					m	True	True	(0, -3, 1)	()	0	0	minor	minor	i	i, minor	i		i	i	True	i	i, minor		i, minor		i	i	1		8	8	8	8	8	G#	G#	G#	G#	minor triad	0	True	False	False	True	True	-3	-3	-3	3	True	False	False
510	2	63.75	61	7	C	1	1.75	0	False	3	4	3	1	1/16	True	5	22	22	21	21a	4	255/4	False	False				False	47	i	g#	i		i		i					m	True	True	(0, -3, 1)	()	0	0	minor	minor	i	i, minor	i		i	i	True	i	i, minor		i, minor		i	i	1		8	8	8	8	8	G#	G#	G#	G#	minor triad	0	True	False	False	True	True	-1	-1	-1	4	False	False	False
510	2	63.75	82	10	A	1	1.75	0	False	3	4	1	1	1/16	True	5	22	22	21	21a	5	255/4	False	False				False	47	i	g#	i		i		i					m	True	True	(0, -3, 1)	()	0	0	minor	minor	i	i, minor	i		i	i	True	i	i, minor		i, minor		i	i	1		8	8	8	8	8	G#	G#	G#	G#	minor triad	0	True	False	False	True	True	2	2	2	2	False	False	False
512	6	64.0	59	5	B	0	2.0	2	True	3	4	3	1	3/16	True	5	22	22	21	21a	3	64	False	False				False	47	i	g#	i		i		i					m	True	True	(0, -3, 1)	()	0	0	minor	minor	i	i, minor	i		i	i	True	i	i, minor		i, minor		i	i	1		8	8	8	8	8	G#	G#	G#	G#	minor triad	0	True	False	False	True	True	-3	-3	-3	3	True	False	False
512	6	64.0	75	9	D	1	2.0	2	True	3	4	2	1	3/16	True	5	22	22	21	21a	5	64	False	False				False	47	i	g#	i		i		i					m	True	True	(0, -3, 1)	()	0	0	minor	minor	i	i, minor	i		i	i	True	i	i, minor		i, minor		i	i	1		8	8	8	8	8	G#	G#	G#	G#	minor triad	0	True	False	False	True	True	1	1	1	5	True	False	False
512	8	64.0	80	8	G	1	2.0	2	True	3	4	1	1	1/4	True	5	22	22	21	21a	5	64	False	False				False	47	i	g#	i		i		i					m	True	True	(0, -3, 1)	()	0	0	minor	minor	i	i, minor	i		i	i	True	i	i, minor		i, minor		i	i	1		8	8	8	8	8	G#	G#	G#	G#	minor triad	0	True	False	False	True	True	0	0	0	1	True	True	True
518	2	64.75	58	10	A	1	2.75	0	False	3	4	3	1	1/16	True	5	22	22	21	21a	3	259/4	False	False				False	47	i	g#	i		i		i					m	True	True	(0, -3, 1)	()	0	0	minor	minor	i	i, minor	i		i	i	True	i	i, minor		i, minor		i	i	1		8	8	8	8	8	G#	G#	G#	G#	minor triad	0	True	False	False	True	True	2	2	2	2	False	False	False
518	2	64.75	73	7	C	1	2.75	0	False	3	4	2	1	1/16	True	5	22	22	21	21a	5	259/4	False	False				False	47	i	g#	i		i		i					m	True	True	(0, -3, 1)	()	0	0	minor	minor	i	i, minor	i		i	i	True	i	i, minor		i, minor		i	i	1		8	8	8	8	8	G#	G#	G#	G#	minor triad	0	True	False	False	True	True	-1	-1	-1	4	False	False	False
520	4	65.0	56	8	G	1	3.0	3	True	3	4	3	1	1/8	True	5	22	22	21	21a	3	65	False	False				False	47	i	g#	i		i		i					m	True	True	(0, -3, 1)	()	0	0	minor	minor	i	i, minor	i		i	i	True	i	i, minor		i, minor		i	i	1		8	8	8	8	8	G#	G#	G#	G#	minor triad	0	True	False	False	True	True	0	0	0	1	True	True	True
520	8	65.0	68	8	G	1	3.0	3	True	3	4	4	1	1/4	True	5	22	22	21	21a	4	65	False	False				False	47	i	g#	i		i		i					m	True	True	(0, -3, 1)	()	0	0	minor	minor	i	i, minor	i		i	i	True	i	i, minor		i, minor		i	i	1		8	8	8	8	8	G#	G#	G#	G#	minor triad	0	True	False	False	True	True	0	0	0	1	True	True	True
520	4	65.0	71	5	B	0	3.0	3	True	3	4	2	1	1/8	True	5	22	22	21	21a	4	65	False	False				False	47	i	g#	i		i		i					m	True	True	(0, -3, 1)	()	0	0	minor	minor	i	i, minor	i		i	i	True	i	i, minor		i, minor		i	i	1		8	8	8	8	8	G#	G#	G#	G#	minor triad	0	True	False	False	True	True	-3	-3	-3	3	True	False	False
520	8	65.0	80	8	G	1	3.0	3	True	3	4	1	1	1/4	True	5	22	22	21	21a	5	65	False	False				False	47	i	g#	i		i		i					m	True	True	(0, -3, 1)	()	0	0	minor	minor	i	i, minor	i		i	i	True	i	i, minor		i, minor		i	i	1		8	8	8	8	8	G#	G#	G#	G#	minor triad	0	True	False	False	True	True	0	0	0	1	True	True	True
524	4	65.5	71	5	B	0	3.5	0	False	3	4	2	1	1/8	True	5	22	22	21	21a	4	131/2	False	False				False	47	i	g#	i		i		i					m	True	True	(0, -3, 1)	()	0	0	minor	minor	i	i, minor	i		i	i	True	i	i, minor		i, minor		i	i	1		8	8	8	8	8	G#	G#	G#	G#	minor triad	0	True	False	False	True	True	-3	-3	-3	3	True	False	False
524	4	65.5	75	9	D	1	3.5	0	False	3	4	3	1	1/8	True	5	22	22	21	21a	5	131/2	False	False				False	47	i	g#	i		i		i					m	True	True	(0, -3, 1)	()	0	0	minor	minor	i	i, minor	i		i	i	True	i	i, minor		i, minor		i	i	1		8	8	8	8	8	G#	G#	G#	G#	minor triad	0	True	False	False	True	True	1	1	1	5	True	False	False
528	16	66.0	70	10	A	1	1.0	1	True	3	4	4	1	1/2	True	5	23	23	22	22a	4	66	False	True				False	48	V43	g#	i		V43		V		43			Mm7	True	True	(2, -1, 1, 5)	()	1	2	minor	minor	i	i, minor	V		i	i	True	V43	V43, minor		V43, minor		V	V7	5		8	8	8	9	10	D#	A#	G#	G#	dominant seventh chord	2	True	False	False	True	True	2	2	2	2	True	False	True
528	16	66.0	73	7	C	1	1.0	1	True	3	4	2	1	1/2	True	5	23	23	22	22a	5	66	False	True				False	48	V43	g#	i		V43		V		43			Mm7	True	True	(2, -1, 1, 5)	()	1	2	minor	minor	i	i, minor	V		i	i	True	V43	V43, minor		V43, minor		V	V7	5		8	8	8	9	10	D#	A#	G#	G#	dominant seventh chord	2	True	False	False	True	True	-1	-1	-1	4	True	False	False
528	16	66.0	75	9	D	1	1.0	1	True	3	4	3	1	1/2	True	5	23	23	22	22a	5	66	False	True				False	48	V43	g#	i		V43		V		43			Mm7	True	True	(2, -1, 1, 5)	()	1	2	minor	minor	i	i, minor	V		i	i	True	V43	V43, minor		V43, minor		V	V7	5		8	8	8	9	10	D#	A#	G#	G#	dominant seventh chord	2	True	False	False	True	True	1	1	1	5	True	True	False
528	14	66.0	79	13	F	2	1.0	1	True	3	4	1	1	7/16	True	5	23	23	22	22a	5	66	False	True				False	48	V43	g#	i		V43		V		43			Mm7	True	True	(2, -1, 1, 5)	()	1	2	minor	minor	i	i, minor	V		i	i	True	V43	V43, minor		V43, minor		V	V7	5		8	8	8	9	10	D#	A#	G#	G#	dominant seventh chord	2	True	False	False	True	True	5	5	5	#7	True	False	False
542	2	67.75	75	9	D	1	2.75	0	False	3	4	1	1	1/16	True	5	23	23	22	22a	5	271/4	False	False				False	48	V43	g#	i		V43		V		43			Mm7	True	True	(2, -1, 1, 5)	()	1	2	minor	minor	i	i, minor	V		i	i	True	V43	V43, minor		V43, minor		V	V7	5		8	8	8	9	10	D#	A#	G#	G#	dominant seventh chord	2	True	False	False	True	True	1	1	1	5	True	True	False
544	8	68.0	68	8	G	1	3.0	3	True	3	4	4	1	1/4	True	5	23	23	22	22a	4	68	False	True				False	49	i	g#	i		i		i					m	True	True	(0, -3, 1)	()	0	0	minor	minor	i	i, minor	i		i	i	True	i	i, minor		i, minor		i	i	1		8	8	8	8	8	G#	G#	G#	G#	minor triad	0	True	False	False	True	True	0	0	0	1	True	True	True
544	8	68.0	71	5	B	0	3.0	3	True	3	4	2	1	1/4	True	5	23	23	22	22a	4	68	False	True				False	49	i	g#	i		i		i					m	True	True	(0, -3, 1)	()	0	0	minor	minor	i	i, minor	i		i	i	True	i	i, minor		i, minor		i	i	1		8	8	8	8	8	G#	G#	G#	G#	minor triad	0	True	False	False	True	True	-3	-3	-3	3	True	False	False
544	8	68.0	75	9	D	1	3.0	3	True	3	4	3	1	1/4	True	5	23	23	22	22a	5	68	False	True				False	49	i	g#	i		i		i					m	True	True	(0, -3, 1)	()	0	0	minor	minor	i	i, minor	i		i	i	True	i	i, minor		i, minor		i	i	1		8	8	8	8	8	G#	G#	G#	G#	minor triad	0	True	False	False	True	True	1	1	1	5	True	False	False
544	8	68.0	80	8	G	1	3.0	3	True	3	4	1	1	1/4	True	5	23	23	22	22a	5	68	False	True				False	49	i	g#	i		i		i					m	True	True	(0, -3, 1)	()	0	0	minor	minor	i	i, minor	i		i	i	True	i	i, minor		i, minor		i	i	1		8	8	8	8	8	G#	G#	G#	G#	minor triad	0	True	False	False	True	True	0	0	0	1	True	True	True
552	8	69.0	66	6	F	1	1.0	1	True	3	4	4	1	1/4	True	5	24	24	23	23a	4	69	False	True				False	50	V7/III	g#	i		V7/III		V		7		III	Mm7	True	True	(-2, 2, -1, -4)	()	-2	-2	minor	minor	i	i, minor	V/III	III	III/i	III	False	V7/III	V7/III, minor		V7/III, minor	III	III	V7	5	3	8	8	5	6	6	F#	F#	G#	B	dominant seventh chord	7	True	False	False	True	True	-2	-2	1	7	True	True	True
552	8	69.0	73	7	C	1	1.0	1	True	3	4	2	1	1/4	True	5	24	24	23	23a	5	69	False	True				False	50	V7/III	g#	i		V7/III		V		7		III	Mm7	True	True	(-2, 2, -1, -4)	()	-2	-2	minor	minor	i	i, minor	V/III	III	III/i	III	False	V7/III	V7/III, minor		V7/III, minor	III	III	V7	5	3	8	8	5	6	6	F#	F#	G#	B	dominant seventh chord	7	True	False	False	True	True	-1	-1	2	4	True	False	False
552	8	69.0	76	4	E	0	1.0	1	True	3	4	3	1	1/4	True	5	24	24	23	23a	5	69	False	True				False	50	V7/III	g#	i		V7/III		V		7		III	Mm7	True	True	(-2, 2, -1, -4)	()	-2	-2	minor	minor	i	i, minor	V/III	III	III/i	III	False	V7/III	V7/III, minor		V7/III, minor	III	III	V7	5	3	8	8	5	6	6	F#	F#	G#	B	dominant seventh chord	7	True	False	False	True	True	-4	-4	-1	6	True	False	False
552	8	69.0	82	10	A	1	1.0	1	True	3	4	1	1	1/4	True	5	24	24	23	23a	5	69	False	True				False	50	V7/III	g#	i		V7/III		V		7		III	Mm7	True	True	(-2, 2, -1, -4)	()	-2	-2	minor	minor	i	i, minor	V/III	III	III/i	III	False	V7/III	V7/III, minor		V7/III, minor	III	III	V7	5	3	8	8	5	6	6	F#	F#	G#	B	dominant seventh chord	7	True	False	False	True	True	2	2	5	2	True	False	False
560	8	70.0	59	5	B	0	2.0	2	True	3	4	4	1	1/4	True	5	24	24	23	23a	3	70	False	True				False	51	III	g#	i		III		III					M	True	True	(-3, 1, -2)	()	-3	-3	minor	minor	i	i, minor	III		i	i	True	III	III, minor		III, minor		III	III	3		8	8	8	5	5	B	B	G#	G#	major triad	0	True	False	False	True	True	-3	-3	-3	3	True	True	True
560	8	70.0	71	5	B	0	2.0	2	True	3	4	2	1	1/4	True	5	24	24	23	23a	4	70	False	True				False	51	III	g#	i		III		III					M	True	True	(-3, 1, -2)	()	-3	-3	minor	minor	i	i, minor	III		i	i	True	III	III, minor		III, minor		III	III	3		8	8	8	5	5	B	B	G#	G#	major triad	0	True	False	False	True	True	-3	-3	-3	3	True	True	True
560	8	70.0	75	9	D	1	2.0	2	True	3	4	3	1	1/4	True	5	24	24	23	23a	5	70	False	True				False	51	III	g#	i		III		III					M	True	True	(-3, 1, -2)	()	-3	-3	minor	minor	i	i, minor	III		i	i	True	III	III, minor		III, minor		III	III	3		8	8	8	5	5	B	B	G#	G#	major triad	0	True	False	False	True	True	1	1	1	5	True	False	False
560	16	70.0	83	5	B	0	2.0	2	True	3	4	1	1	1/2	True	5	24	24	23	23a	5	70	False	True				False	51	III	g#	i		III		III					M	True	True	(-3, 1, -2)	()	-3	-3	minor	minor	i	i, minor	III		i	i	True	III	III, minor		III, minor		III	III	3		8	8	8	5	5	B	B	G#	G#	major triad	0	True	False	False	True	True	-3	-3	-3	3	True	True	True
568	8	71.0	64	4	E	0	3.0	3	True	3	4	4	1	1/4	True	5	24	24	23	23a	4	71	False	True				False	52	VI	g#	i		VI		VI					M	True	True	(-4, 0, -3)	()	-4	-4	minor	minor	i	i, minor	VI		i	i	True	VI	VI, minor		VI, minor		VI	VI	6		8	8	8	4	4	E	E	G#	G#	major triad	0	True	False	False	True	True	-4	-4	-4	6	True	True	True
568	8	71.0	68	8	G	1	3.0	3	True	3	4	2	1	1/4	True	5	24	24	23	23a	4	71	False	True				False	52	VI	g#	i		VI		VI					M	True	True	(-4, 0, -3)	()	-4	-4	minor	minor	i	i, minor	VI		i	i	True	VI	VI, minor		VI, minor		VI	VI	6		8	8	8	4	4	E	E	G#	G#	major triad	0	True	False	False	True	True	0	0	0	1	True	False	False
568	8	71.0	76	4	E	0	3.0	3	True	3	4	3	1	1/4	True	5	24	24	23	23a	5	71	False	True				False	52	VI	g#	i		VI		VI					M	True	True	(-4, 0, -3)	()	-4	-4	minor	minor	i	i, minor	VI		i	i	True	VI	VI, minor		VI, minor		VI	VI	6		8	8	8	4	4	E	E	G#	G#	major triad	0	True	False	False	True	True	-4	-4	-4	6	True	True	True
576	8	72.0	61	7	C	1	1.0	1	True	3	4	4	1	1/4	True	5	25	25	24	24a	4	72	False	True				False	53	bII6(9)	g#	i		bII6(9)		bII		6	9		M	True	True	(-1, -4, -5)	(-3,)	-5	-1	minor	minor	i	i, minor	bII		i	i	True	bII6	bII6, minor		bII6(9), minor		bII	N	-2		8	8	8	3	7	A	C#	G#	G#	major triad	1	True	False	False	True	True	-1	-1	-1	4	True	False	True
576	4	72.0	69	3	A	0	1.0	1	True	3	4	2	1	1/8	True	5	25	25	24	24a	4	72	False	True				False	53	bII6(9)	g#	i		bII6(9)		bII		6	9		M	True	True	(-1, -4, -5)	(-3,)	-5	-1	minor	minor	i	i, minor	bII		i	i	True	bII6	bII6, minor		bII6(9), minor		bII	N	-2		8	8	8	3	7	A	C#	G#	G#	major triad	1	True	False	False	True	True	-5	-5	-5	b2	True	True	False
576	4	72.0	76	4	E	0	1.0	1	True	3	4	3	1	1/8	False	5	25	25	24	24a	5	72	False	True				False	53	bII6(9)	g#	i		bII6(9)		bII		6	9		M	True	True	(-1, -4, -5)	(-3,)	-5	-1	minor	minor	i	i, minor	bII		i	i	True	bII6	bII6, minor		bII6(9), minor		bII	N	-2		8	8	8	3	7	A	C#	G#	G#	major triad	1	True	False	False	True	True	-4	-4	-4	6	True	False	False
576	6	72.0	83	5	B	0	1.0	1	True	3	4	1	1	3/16	True	5	25	25	24	24a	5	72	False	True				False	53	bII6(9)	g#	i		bII6(9)		bII		6	9		M	True	True	(-1, -4, -5)	(-3,)	-5	-1	minor	minor	i	i, minor	bII		i	i	True	bII6	bII6, minor		bII6(9), minor		bII	N	-2		8	8	8	3	7	A	C#	G#	G#	major triad	1	True	False	False	True	True	-3	-3	-3	3	False	False	False
580	4	72.5	64	4	E	0	1.5	0	False	3	4	3	1	1/8	True	5	25	25	24	24a	4	145/2	False	False				False	53	bII6(9)	g#	i		bII6(9)		bII		6	9		M	True	True	(-1, -4, -5)	(-3,)	-5	-1	minor	minor	i	i, minor	bII		i	i	True	bII6	bII6, minor		bII6(9), minor		bII	N	-2		8	8	8	3	7	A	C#	G#	G#	major triad	1	True	False	False	True	True	-4	-4	-4	6	True	False	False
580	4	72.5	69	3	A	0	1.5	0	False	3	4	2	1	1/8	True	5	25	25	24	24a	4	145/2	False	False				False	53	bII6(9)	g#	i		bII6(9)		bII		6	9		M	True	True	(-1, -4, -5)	(-3,)	-5	-1	minor	minor	i	i, minor	bII		i	i	True	bII6	bII6, minor		bII6(9), minor		bII	N	-2		8	8	8	3	7	A	C#	G#	G#	major triad	1	True	False	False	True	True	-5	-5	-5	b2	True	True	False
582	2	72.75	81	3	A	0	1.75	0	False	3	4	1	1	1/16	True	5	25	25	24	24a	5	291/4	False	True				False	54	bII6	g#	i		bII6		bII		6			M	True	True	(-1, -4, -5)	()	-5	-1	minor	minor	i	i, minor	bII		i	i	True	bII6	bII6, minor		bII6, minor		bII	N	-2		8	8	8	3	7	A	C#	G#	G#	major triad	1	True	False	False	True	True	-5	-5	-5	b2	True	True	False
584	8	73.0	63	9	D	1	2.0	2	True	3	4	4	1	1/4	True	5	25	25	24	24a	4	73	False	True				False	55	V(64)	g#	i		V(64)		V			64		M	True	True	(1, 0, -3)	()	1	1	minor	minor	i	i, minor	V		i	i	True	V	V, minor		V(64), minor		V	Cad	5		8	8	8	9	9	D#	D#	G#	G#	major triad	0	True	False	False	True	True	1	1	1	5	True	True	True
584	8	73.0	68	8	G	1	2.0	2	True	3	4	3	1	1/4	True	5	25	25	24	24a	4	73	False	True				False	55	V(64)	g#	i		V(64)		V			64		M	True	True	(1, 0, -3)	()	1	1	minor	minor	i	i, minor	V		i	i	True	V	V, minor		V(64), minor		V	Cad	5		8	8	8	9	9	D#	D#	G#	G#	major triad	0	True	False	False	True	True	0	0	0	1	True	False	False
584	8	73.0	71	5	B	0	2.0	2	True	3	4	2	1	1/4	True	5	25	25	24	24a	4	73	False	True				False	55	V(64)	g#	i		V(64)		V			64		M	True	True	(1, 0, -3)	()	1	1	minor	minor	i	i, minor	V		i	i	True	V	V, minor		V(64), minor		V	Cad	5		8	8	8	9	9	D#	D#	G#	G#	major triad	0	True	False	False	True	True	-3	-3	-3	3	True	False	False
584	8	73.0	80	8	G	1	2.0	2	True	3	4	1	1	1/4	True	5	25	25	24	24a	5	73	False	True				False	55	V(64)	g#	i		V(64)		V			64		M	True	True	(1, 0, -3)	()	1	1	minor	minor	i	i, minor	V		i	i	True	V	V, minor		V(64), minor		V	Cad	5		8	8	8	9	9	D#	D#	G#	G#	major triad	0	True	False	False	True	True	0	0	0	1	True	False	False
592	8	74.0	63	9	D	1	3.0	3	True	3	4	4	1	1/4	True	5	25	25	24	24a	4	74	False	True				False	56	V7	g#	i		V7		V		7			Mm7	True	True	(1, 5, 2, -1)	()	1	1	minor	minor	i	i, minor	V		i	i	True	V7	V7, minor		V7, minor		V	V7	5		8	8	8	9	9	D#	D#	G#	G#	dominant seventh chord	7	True	False	False	True	True	1	1	1	5	True	True	True
592	8	74.0	70	10	A	1	3.0	3	True	3	4	3	1	1/4	True	5	25	25	24	24a	4	74	False	True				False	56	V7	g#	i		V7		V		7			Mm7	True	True	(1, 5, 2, -1)	()	1	1	minor	minor	i	i, minor	V		i	i	True	V7	V7, minor		V7, minor		V	V7	5		8	8	8	9	9	D#	D#	G#	G#	dominant seventh chord	7	True	False	False	True	True	2	2	2	2	True	False	False
592	8	74.0	73	7	C	1	3.0	3	True	3	4	2	1	1/4	True	5	25	25	24	24a	5	74	False	True				False	56	V7	g#	i		V7		V		7			Mm7	True	True	(1, 5, 2, -1)	()	1	1	minor	minor	i	i, minor	V		i	i	True	V7	V7, minor		V7, minor		V	V7	5		8	8	8	9	9	D#	D#	G#	G#	dominant seventh chord	7	True	False	False	True	True	-1	-1	-1	4	True	False	False
592	8	74.0	79	13	F	2	3.0	3	True	3	4	1	1	1/4	True	5	25	25	24	24a	5	74	False	True				False	56	V7	g#	i		V7		V		7			Mm7	True	True	(1, 5, 2, -1)	()	1	1	minor	minor	i	i, minor	V		i	i	True	V7	V7, minor		V7, minor		V	V7	5		8	8	8	9	9	D#	D#	G#	G#	dominant seventh chord	7	True	False	False	True	True	5	5	5	#7	True	False	False
600	24	75.0	56	8	G	1	1.0	1	True	3	4	4	1	3/4	True	5	26	26	25	25a	3	75	False	True				False	57	iv.V7(+9)	g#	iv		V7(+9)		V		7	+9		Mm7	True	True	(1, 5, 2, -1)	(-4,)	1	1	minor	minor	iv	iv, minor	V		iv	iv	True	V7	V7, minor		V7(+9), minor		V	V7	5		8	7	7	8	8	G#	G#	C#	C#	dominant seventh chord	7	True	False	False	True	True	0	1	1	5	True	True	True
600	6	75.0	69	3	A	0	1.0	1	True	3	4	3	1	3/16	True	5	26	26	25	25a	4	75	False	True				False	57	iv.V7(+9)	g#	iv		V7(+9)		V		7	+9		Mm7	True	True	(1, 5, 2, -1)	(-4,)	1	1	minor	minor	iv	iv, minor	V		iv	iv	True	V7	V7, minor		V7(+9), minor		V	V7	5		8	7	7	8	8	G#	G#	C#	C#	dominant seventh chord	7	True	False	False	True	True	-5	-4	-4	6	False	False	False
600	16	75.0	72	12	B	1	1.0	1	True	3	4	2	1	1/2	True	5	26	26	25	25a	4	75	False	True				False	57	iv.V7(+9)	g#	iv		V7(+9)		V		7	+9		Mm7	True	True	(1, 5, 2, -1)	(-4,)	1	1	minor	minor	iv	iv, minor	V		iv	iv	True	V7	V7, minor		V7(+9), minor		V	V7	5		8	7	7	8	8	G#	G#	C#	C#	dominant seventh chord	7	True	False	False	True	True	4	5	5	#7	True	False	False
600	6	75.0	78	6	F	1	1.0	1	True	3	4	1	1	3/16	True	5	26	26	25	25a	5	75	False	True				False	57	iv.V7(+9)	g#	iv		V7(+9)		V		7	+9		Mm7	True	True	(1, 5, 2, -1)	(-4,)	1	1	minor	minor	iv	iv, minor	V		iv	iv	True	V7	V7, minor		V7(+9), minor		V	V7	5		8	7	7	8	8	G#	G#	C#	C#	dominant seventh chord	7	True	False	False	True	True	-2	-1	-1	4	True	False	False
606	2	75.75	68	8	G	1	1.75	0	False	3	4	3	1	1/16	True	5	26	26	25	25a	4	303/4	False	False				False	57	iv.V7(+9)	g#	iv		V7(+9)		V		7	+9		Mm7	True	True	(1, 5, 2, -1)	(-4,)	1	1	minor	minor	iv	iv, minor	V		iv	iv	True	V7	V7, minor		V7(+9), minor		V	V7	5		8	7	7	8	8	G#	G#	C#	C#	dominant seventh chord	7	True	False	False	True	True	0	1	1	5	True	True	True
606	2	75.75	76	4	E	0	1.75	0	False	3	4	1	1	1/16	True	5	26	26	25	25a	5	303/4	False	False				False	57	iv.V7(+9)	g#	iv		V7(+9)		V		7	+9		Mm7	True	True	(1, 5, 2, -1)	(-4,)	1	1	minor	minor	iv	iv, minor	V		iv	iv	True	V7	V7, minor		V7(+9), minor		V	V7	5		8	7	7	8	8	G#	G#	C#	C#	dominant seventh chord	7	True	False	False	True	True	-4	-3	-3	3	False	False	False
608	8	76.0	66	6	F	1	2.0	2	True	3	4	3	1	1/4	True	5	26	26	25	25a	4	76	False	True				False	58	V7	g#	iv		V7		V		7			Mm7	True	True	(1, 5, 2, -1)	()	1	1	minor	minor	iv	iv, minor	V		iv	iv	True	V7	V7, minor		V7, minor		V	V7	5		8	7	7	8	8	G#	G#	C#	C#	dominant seventh chord	7	True	False	False	True	True	-2	-1	-1	4	True	False	False
608	8	76.0	75	9	D	1	2.0	2	True	3	4	1	1	1/4	True	5	26	26	25	25a	5	76	False	True				False	58	V7	g#	iv		V7		V		7			Mm7	True	True	(1, 5, 2, -1)	()	1	1	minor	minor	iv	iv, minor	V		iv	iv	True	V7	V7, minor		V7, minor		V	V7	5		8	7	7	8	8	G#	G#	C#	C#	dominant seventh chord	7	True	False	False	True	True	1	2	2	2	True	False	False
616	8	77.0	64	4	E	0	3.0	3	True	3	4	3	1	1/4	True	5	26	26	25	25a	4	77	False	True				False	59	V(64)	g#	iv		V(64)		V			64		M	True	True	(1, 0, -3)	()	1	1	minor	minor	iv	iv, minor	V		iv	iv	True	V	V, minor		V(64), minor		V	Cad	5		8	7	7	8	8	G#	G#	C#	C#	major triad	0	True	False	False	True	True	-4	-3	-3	3	True	False	False
616	8	77.0	68	8	G	1	3.0	3	True	3	4	2	1	1/4	True	5	26	26	25	25a	4	77	False	True				False	59	V(64)	g#	iv		V(64)		V			64		M	True	True	(1, 0, -3)	()	1	1	minor	minor	iv	iv, minor	V		iv	iv	True	V	V, minor		V(64), minor		V	Cad	5		8	7	7	8	8	G#	G#	C#	C#	major triad	0	True	False	False	True	True	0	1	1	5	True	True	True
616	8	77.0	73	7	C	1	3.0	3	True	3	4	1	1	1/4	True	5	26	26	25	25a	5	77	False	True				False	59	V(64)	g#	iv		V(64)		V			64		M	True	True	(1, 0, -3)	()	1	1	minor	minor	iv	iv, minor	V		iv	iv	True	V	V, minor		V(64), minor		V	Cad	5		8	7	7	8	8	G#	G#	C#	C#	major triad	0	True	False	False	True	True	-1	0	0	1	True	False	False
624	12	78.0	56	8	G	1	1.0	1	True	3	4	4	1	3/8	False	5	27	27	26	26a	3	78	False	True				False	60	V7	g#	iv		V7		V		7			Mm7	True	True	(1, 5, 2, -1)	()	1	1	minor	minor	iv	iv, minor	V		iv	iv	True	V7	V7, minor		V7, minor		V	V7	5		8	7	7	8	8	G#	G#	C#	C#	dominant seventh chord	7	True	False	False	True	True	0	1	1	5	True	True	True
624	6	78.0	63	9	D	1	1.0	1	True	3	4	3	1	3/16	True	5	27	27	26	26a	4	78	False	True				False	60	V7	g#	iv		V7		V		7			Mm7	True	True	(1, 5, 2, -1)	()	1	1	minor	minor	iv	iv, minor	V		iv	iv	True	V7	V7, minor		V7, minor		V	V7	5		8	7	7	8	8	G#	G#	C#	C#	dominant seventh chord	7	True	False	False	True	True	1	2	2	2	True	False	False
624	6	78.0	66	6	F	1	1.0	1	True	3	4	2	1	3/16	True	5	27	27	26	26a	4	78	False	True				False	60	V7	g#	iv		V7		V		7			Mm7	True	True	(1, 5, 2, -1)	()	1	1	minor	minor	iv	iv, minor	V		iv	iv	True	V7	V7, minor		V7, minor		V	V7	5		8	7	7	8	8	G#	G#	C#	C#	dominant seventh chord	7	True	False	False	True	True	-2	-1	-1	4	True	False	False
624	6	78.0	72	0	C	0	1.0	1	True	3	4	1	1	3/16	True	5	27	27	26	26a	5	78	False	True				False	60	V7	g#	iv		V7		V		7			Mm7	True	True	(1, 5, 2, -1)	()	1	1	minor	minor	iv	iv, minor	V		iv	iv	True	V7	V7, minor		V7, minor		V	V7	5		8	7	7	8	8	G#	G#	C#	C#	dominant seventh chord	7	True	False	False	True	True	-8	-7	-7	b1	False	False	False
630	2	78.75	61	7	C	1	1.75	0	False	3	4	3	1	1/16	True	5	27	27	26	26a	4	315/4	False	False				False	60	V7	g#	iv		V7		V		7			Mm7	True	True	(1, 5, 2, -1)	()	1	1	minor	minor	iv	iv, minor	V		iv	iv	True	V7	V7, minor		V7, minor		V	V7	5		8	7	7	8	8	G#	G#	C#	C#	dominant seventh chord	7	True	False	False	True	True	-1	0	0	1	False	False	False
630	2	78.75	64	4	E	0	1.75	0	False	3	4	2	1	1/16	True	5	27	27	26	26a	4	315/4	False	False				False	60	V7	g#	iv		V7		V		7			Mm7	True	True	(1, 5, 2, -1)	()	1	1	minor	minor	iv	iv, minor	V		iv	iv	True	V7	V7, minor		V7, minor		V	V7	5		8	7	7	8	8	G#	G#	C#	C#	dominant seventh chord	7	True	False	False	True	True	-4	-3	-3	3	False	False	False
630	2	78.75	70	10	A	1	1.75	0	False	3	4	1	1	1/16	True	5	27	27	26	26a	4	315/4	False	False				False	60	V7	g#	iv		V7		V		7			Mm7	True	True	(1, 5, 2, -1)	()	1	1	minor	minor	iv	iv, minor	V		iv	iv	True	V7	V7, minor		V7, minor		V	V7	5		8	7	7	8	8	G#	G#	C#	C#	dominant seventh chord	7	True	False	False	True	True	2	3	3	#6	False	False	False
632	4	79.0	60	12	B	1	2.0	2	True	3	4	3	1	1/8	True	5	27	27	26	26a	3	79	False	False				False	60	V7	g#	iv		V7		V		7			Mm7	True	True	(1, 5, 2, -1)	()	1	1	minor	minor	iv	iv, minor	V		iv	iv	True	V7	V7, minor		V7, minor		V	V7	5		8	7	7	8	8	G#	G#	C#	C#	dominant seventh chord	7	True	False	False	True	True	4	5	5	#7	True	False	False
632	4	79.0	63	9	D	1	2.0	2	True	3	4	2	1	1/8	True	5	27	27	26	26a	4	79	False	False				False	60	V7	g#	iv		V7		V		7			Mm7	True	True	(1, 5, 2, -1)	()	1	1	minor	minor	iv	iv, minor	V		iv	iv	True	V7	V7, minor		V7, minor		V	V7	5		8	7	7	8	8	G#	G#	C#	C#	dominant seventh chord	7	True	False	False	True	True	1	2	2	2	True	False	False
632	4	79.0	68	8	G	1	2.0	2	True	3	4	1	1	1/8	True	5	27	27	26	26a	4	79	False	False				False	60	V7	g#	iv		V7		V		7			Mm7	True	True	(1, 5, 2, -1)	()	1	1	minor	minor	iv	iv, minor	V		iv	iv	True	V7	V7, minor		V7, minor		V	V7	5		8	7	7	8	8	G#	G#	C#	C#	dominant seventh chord	7	True	False	False	True	True	0	1	1	5	True	True	True
636	4	79.5	56	8	G	1	2.5	0	False	3	4	4	1	1/8	True	5	27	27	26	26a	3	159/2	False	False				False	60	V7	g#	iv		V7		V		7			Mm7	True	True	(1, 5, 2, -1)	()	1	1	minor	minor	iv	iv, minor	V		iv	iv	True	V7	V7, minor		V7, minor		V	V7	5		8	7	7	8	8	G#	G#	C#	C#	dominant seventh chord	7	True	False	False	True	True	0	1	1	5	True	True	True
636	4	79.5	60	0	C	0	2.5	0	False	3	4	2	1	1/8	True	5	27	27	26	26a	4	159/2	False	False				False	60	V7	g#	iv		V7		V		7			Mm7	True	True	(1, 5, 2, -1)	()	1	1	minor	minor	iv	iv, minor	V		iv	iv	True	V7	V7, minor		V7, minor		V	V7	5		8	7	7	8	8	G#	G#	C#	C#	dominant seventh chord	7	True	False	False	True	True	-8	-7	-7	b1	False	False	False
636	4	79.5	63	9	D	1	2.5	0	False	3	4	3	1	1/8	True	5	27	27	26	26a	4	159/2	False	False				False	60	V7	g#	iv		V7		V		7			Mm7	True	True	(1, 5, 2, -1)	()	1	1	minor	minor	iv	iv, minor	V		iv	iv	True	V7	V7, minor		V7, minor		V	V7	5		8	7	7	8	8	G#	G#	C#	C#	dominant seventh chord	7	True	False	False	True	True	1	2	2	2	True	False	False
636	4	79.5	66	6	F	1	2.5	0	False	3	4	1	1	1/8	True	5	27	27	26	26a	4	159/2	False	False				False	60	V7	g#	iv		V7		V		7			Mm7	True	True	(1, 5, 2, -1)	()	1	1	minor	minor	iv	iv, minor	V		iv	iv	True	V7	V7, minor		V7, minor		V	V7	5		8	7	7	8	8	G#	G#	C#	C#	dominant seventh chord	7	True	False	False	True	True	-2	-1	-1	4	True	False	False
640	4	80.0	57	3	A	0	3.0	3	True	3	4	4	1	1/8	True	5	27	27	26	26a	3	80	False	True				False	61	VI	g#	iv		VI		VI					M	True	True	(-4, 0, -3)	()	-4	-4	minor	minor	iv	iv, minor	VI		iv	iv	True	VI	VI, minor		VI, minor		VI	VI	6		8	7	7	3	3	A	A	C#	C#	major triad	0	True	False	False	True	True	-5	-4	-4	6	True	True	True
640	4	80.0	61	7	C	1	3.0	3	True	3	4	2	1	1/8	True	5	27	27	26	26a	4	80	False	True				False	61	VI	g#	iv		VI		VI					M	True	True	(-4, 0, -3)	()	-4	-4	minor	minor	iv	iv, minor	VI		iv	iv	True	VI	VI, minor		VI, minor		VI	VI	6		8	7	7	3	3	A	A	C#	C#	major triad	0	True	False	False	True	True	-1	0	0	1	True	False	False
640	4	80.0	61	7	C	1	3.0	3	True	3	4	3	1	1/8	True	5	27	27	26	26a	4	80	False	True				False	61	VI	g#	iv		VI		VI					M	True	True	(-4, 0, -3)	()	-4	-4	minor	minor	iv	iv, minor	VI		iv	iv	True	VI	VI, minor		VI, minor		VI	VI	6		8	7	7	3	3	A	A	C#	C#	major triad	0	True	False	False	True	True	-1	0	0	1	True	False	False
640	4	80.0	64	4	E	0	3.0	3	True	3	4	1	1	1/8	True	5	27	27	26	26a	4	80	False	True				False	61	VI	g#	iv		VI		VI					M	True	True	(-4, 0, -3)	()	-4	-4	minor	minor	iv	iv, minor	VI		iv	iv	True	VI	VI, minor		VI, minor		VI	VI	6		8	7	7	3	3	A	A	C#	C#	major triad	0	True	False	False	True	True	-4	-3	-3	3	True	False	False
644	4	80.5	42	6	F	1	3.5	0	False	3	4	4	1	1/8	True	5	27	27	26	26a	2	161/2	False	True				False	62	iv7	g#	iv		iv7		iv		7			mm7	True	True	(-1, -4, 0, -3)	()	-1	-1	minor	minor	iv	iv, minor	iv		iv	iv	True	iv7	iv7, minor		iv7, minor		iv	iv7	4		8	7	7	6	6	F#	F#	C#	C#	minor seventh chord	7	True	False	False	True	True	-2	-1	-1	4	True	True	True
644	4	80.5	61	7	C	1	3.5	0	False	3	4	3	1	1/8	True	5	27	27	26	26a	4	161/2	False	True				False	62	iv7	g#	iv		iv7		iv		7			mm7	True	True	(-1, -4, 0, -3)	()	-1	-1	minor	minor	iv	iv, minor	iv		iv	iv	True	iv7	iv7, minor		iv7, minor		iv	iv7	4		8	7	7	6	6	F#	F#	C#	C#	minor seventh chord	7	True	False	False	True	True	-1	0	0	1	True	False	False
644	4	80.5	64	4	E	0	3.5	0	False	3	4	2	1	1/8	True	5	27	27	26	26a	4	161/2	False	True				False	62	iv7	g#	iv		iv7		iv		7			mm7	True	True	(-1, -4, 0, -3)	()	-1	-1	minor	minor	iv	iv, minor	iv		iv	iv	True	iv7	iv7, minor		iv7, minor		iv	iv7	4		8	7	7	6	6	F#	F#	C#	C#	minor seventh chord	7	True	False	False	True	True	-4	-3	-3	3	True	False	False
644	4	80.5	73	7	C	1	3.5	0	False	3	4	2	1	1/8	True	5	27	27	26	26a	5	161/2	False	True				False	62	iv7	g#	iv		iv7		iv		7			mm7	True	True	(-1, -4, 0, -3)	()	-1	-1	minor	minor	iv	iv, minor	iv		iv	iv	True	iv7	iv7, minor		iv7, minor		iv	iv7	4		8	7	7	6	6	F#	F#	C#	C#	minor seventh chord	7	True	False	False	True	True	-1	0	0	1	True	False	False
644	4	80.5	81	3	A	0	3.5	0	False	3	4	1	1	1/8	True	5	27	27	26	26a	5	161/2	False	True				False	62	iv7	g#	iv		iv7		iv		7			mm7	True	True	(-1, -4, 0, -3)	()	-1	-1	minor	minor	iv	iv, minor	iv		iv	iv	True	iv7	iv7, minor		iv7, minor		iv	iv7	4		8	7	7	6	6	F#	F#	C#	C#	minor seventh chord	7	True	False	False	True	True	-5	-4	-4	6	True	False	False
648	4	81.0	43	13	F	2	1.0	1	True	3	4	4	1	1/8	True	5	28	28	27	27a	2	81	False	True				False	63	Ger6	g#	iv		Ger6	Ger	vii	o	65	b3	V	Ger	True	True	(-4, 0, -3, 6)	()	6	-4	minor	minor	iv	iv, minor	vii/V	V	V/iv	I	False	viio65/V	viio65/V, minor		Ger6, minor	V	V	Ger7	7	5	8	7	8	13	3	F##	A	C#	G#	German augmented sixth chord	1	True	False	False	True	True	5	6	5	#4	True	True	False
648	4	81.0	61	7	C	1	1.0	1	True	3	4	3	1	1/8	False	5	28	28	27	27a	4	81	False	True				False	63	Ger6	g#	iv		Ger6	Ger	vii	o	65	b3	V	Ger	True	True	(-4, 0, -3, 6)	()	6	-4	minor	minor	iv	iv, minor	vii/V	V	V/iv	I	False	viio65/V	viio65/V, minor		Ger6, minor	V	V	Ger7	7	5	8	7	8	13	3	F##	A	C#	G#	German augmented sixth chord	1	True	False	False	True	True	-1	0	-1	1	True	False	False
648	4	81.0	64	4	E	0	1.0	1	True	3	4	2	1	1/8	False	5	28	28	27	27a	4	81	False	True				False	63	Ger6	g#	iv		Ger6	Ger	vii	o	65	b3	V	Ger	True	True	(-4, 0, -3, 6)	()	6	-4	minor	minor	iv	iv, minor	vii/V	V	V/iv	I	False	viio65/V	viio65/V, minor		Ger6, minor	V	V	Ger7	7	5	8	7	8	13	3	F##	A	C#	G#	German augmented sixth chord	1	True	False	False	True	True	-4	-3	-4	3	True	False	False
648	4	81.0	73	7	C	1	1.0	1	True	3	4	2	1	1/8	False	5	28	28	27	27a	5	81	False	True				False	63	Ger6	g#	iv		Ger6	Ger	vii	o	65	b3	V	Ger	True	True	(-4, 0, -3, 6)	()	6	-4	minor	minor	iv	iv, minor	vii/V	V	V/iv	I	False	viio65/V	viio65/V, minor		Ger6, minor	V	V	Ger7	7	5	8	7	8	13	3	F##	A	C#	G#	German augmented sixth chord	1	True	False	False	True	True	-1	0	-1	1	True	False	False
648	4	81.0	81	3	A	0	1.0	1	True	3	4	1	1	1/8	False	5	28	28	27	27a	5	81	False	True				False	63	Ger6	g#	iv		Ger6	Ger	vii	o	65	b3	V	Ger	True	True	(-4, 0, -3, 6)	()	6	-4	minor	minor	iv	iv, minor	vii/V	V	V/iv	I	False	viio65/V	viio65/V, minor		Ger6, minor	V	V	Ger7	7	5	8	7	8	13	3	F##	A	C#	G#	German augmented sixth chord	1	True	False	False	True	True	-5	-4	-5	6	True	False	True
652	4	81.5	44	8	G	1	1.5	0	False	3	4	4	1	1/8	True	5	28	28	27	27a	2	163/2	False	True				False	64	V(64)	g#	iv		V(64)		V			64		M	True	True	(1, 0, -3)	()	1	1	minor	minor	iv	iv, minor	V		iv	iv	True	V	V, minor		V(64), minor		V	Cad	5		8	7	7	8	8	G#	G#	C#	C#	major triad	0	True	False	False	True	True	0	1	1	5	True	True	True
652	4	81.5	61	7	C	1	1.5	0	False	3	4	3	1	1/8	True	5	28	28	27	27a	4	163/2	False	True				False	64	V(64)	g#	iv		V(64)		V			64		M	True	True	(1, 0, -3)	()	1	1	minor	minor	iv	iv, minor	V		iv	iv	True	V	V, minor		V(64), minor		V	Cad	5		8	7	7	8	8	G#	G#	C#	C#	major triad	0	True	False	False	True	True	-1	0	0	1	True	False	False
652	4	81.5	64	4	E	0	1.5	0	False	3	4	2	1	1/8	True	5	28	28	27	27a	4	163/2	False	True				False	64	V(64)	g#	iv		V(64)		V			64		M	True	True	(1, 0, -3)	()	1	1	minor	minor	iv	iv, minor	V		iv	iv	True	V	V, minor		V(64), minor		V	Cad	5		8	7	7	8	8	G#	G#	C#	C#	major triad	0	True	False	False	True	True	-4	-3	-3	3	True	False	False
652	4	81.5	73	7	C	1	1.5	0	False	3	4	2	1	1/8	True	5	28	28	27	27a	5	163/2	False	True				False	64	V(64)	g#	iv		V(64)		V			64		M	True	True	(1, 0, -3)	()	1	1	minor	minor	iv	iv, minor	V		iv	iv	True	V	V, minor		V(64), minor		V	Cad	5		8	7	7	8	8	G#	G#	C#	C#	major triad	0	True	False	False	True	True	-1	0	0	1	True	False	False
652	4	81.5	80	8	G	1	1.5	0	False	3	4	1	1	1/8	True	5	28	28	27	27a	5	163/2	False	True				False	64	V(64)	g#	iv		V(64)		V			64		M	True	True	(1, 0, -3)	()	1	1	minor	minor	iv	iv, minor	V		iv	iv	True	V	V, minor		V(64), minor		V	Cad	5		8	7	7	8	8	G#	G#	C#	C#	major triad	0	True	False	False	True	True	0	1	1	5	True	True	True
656	4	82.0	49	7	C	1	2.0	2	True	3	4	4	1	1/8	True	5	28	28	27	27a	3	82	False	True				False	65	iv	g#	iv		iv		iv					m	True	True	(-1, -4, 0)	()	-1	-1	minor	minor	iv	iv, minor	iv		iv	iv	True	iv	iv, minor		iv, minor		iv	iv	4		8	7	7	6	6	F#	F#	C#	C#	minor triad	0	True	False	False	True	True	-1	0	0	1	True	False	False
656	4	82.0	61	7	C	1	2.0	2	True	3	4	3	1	1/8	True	5	28	28	27	27a	4	82	False	True				False	65	iv	g#	iv		iv		iv					m	True	True	(-1, -4, 0)	()	-1	-1	minor	minor	iv	iv, minor	iv		iv	iv	True	iv	iv, minor		iv, minor		iv	iv	4		8	7	7	6	6	F#	F#	C#	C#	minor triad	0	True	False	False	True	True	-1	0	0	1	True	False	False
656	4	82.0	64	4	E	0	2.0	2	True	3	4	2	1	1/8	True	5	28	28	27	27a	4	82	False	True				False	65	iv	g#	iv		iv		iv					m	True	True	(-1, -4, 0)	()	-1	-1	minor	minor	iv	iv, minor	iv		iv	iv	True	iv	iv, minor		iv, minor		iv	iv	4		8	7	7	6	6	F#	F#	C#	C#	minor triad	0	True	False	False	True	True	-4	-3	-3	3	False	False	False
656	4	82.0	73	7	C	1	2.0	2	True	3	4	2	1	1/8	True	5	28	28	27	27a	5	82	False	True				False	65	iv	g#	iv		iv		iv					m	True	True	(-1, -4, 0)	()	-1	-1	minor	minor	iv	iv, minor	iv		iv	iv	True	iv	iv, minor		iv, minor		iv	iv	4		8	7	7	6	6	F#	F#	C#	C#	minor triad	0	True	False	False	True	True	-1	0	0	1	True	False	False
656	2	82.0	80	8	G	1	2.0	2	True	3	4	1	1	1/16	False	5	28	28	27	27a	5	82	False	True				False	65	iv	g#	iv		iv		iv					m	True	True	(-1, -4, 0)	()	-1	-1	minor	minor	iv	iv, minor	iv		iv	iv	True	iv	iv, minor		iv, minor		iv	iv	4		8	7	7	6	6	F#	F#	C#	C#	minor triad	0	True	False	False	True	True	0	1	1	5	False	False	False
658	2	82.25	80	8	G	1	2.25	0	False	3	4	1	1	1/16	True	5	28	28	27	27a	5	329/4	False	False				False	65	iv	g#	iv		iv		iv					m	True	True	(-1, -4, 0)	()	-1	-1	minor	minor	iv	iv, minor	iv		iv	iv	True	iv	iv, minor		iv, minor		iv	iv	4		8	7	7	6	6	F#	F#	C#	C#	minor triad	0	True	False	False	True	True	0	1	1	5	False	False	False
660	4	82.5	44	8	G	1	2.5	0	False	3	4	4	1	1/8	True	5	28	28	27	27a	2	165/2	False	True				False	66	V(64)	g#	iv		V(64)		V			64		M	True	True	(1, 0, -3)	()	1	1	minor	minor	iv	iv, minor	V		iv	iv	True	V	V, minor		V(64), minor		V	Cad	5		8	7	7	8	8	G#	G#	C#	C#	major triad	0	True	False	False	True	True	0	1	1	5	True	True	True
660	4	82.5	61	7	C	1	2.5	0	False	3	4	3	1	1/8	True	5	28	28	27	27a	4	165/2	False	True				False	66	V(64)	g#	iv		V(64)		V			64		M	True	True	(1, 0, -3)	()	1	1	minor	minor	iv	iv, minor	V		iv	iv	True	V	V, minor		V(64), minor		V	Cad	5		8	7	7	8	8	G#	G#	C#	C#	major triad	0	True	False	False	True	True	-1	0	0	1	True	False	False
660	4	82.5	64	4	E	0	2.5	0	False	3	4	2	1	1/8	True	5	28	28	27	27a	4	165/2	False	True				False	66	V(64)	g#	iv		V(64)		V			64		M	True	True	(1, 0, -3)	()	1	1	minor	minor	iv	iv, minor	V		iv	iv	True	V	V, minor		V(64), minor		V	Cad	5		8	7	7	8	8	G#	G#	C#	C#	major triad	0	True	False	False	True	True	-4	-3	-3	3	True	False	False
660	4	82.5	73	7	C	1	2.5	0	False	3	4	2	1	1/8	True	5	28	28	27	27a	5	165/2	False	True				False	66	V(64)	g#	iv		V(64)		V			64		M	True	True	(1, 0, -3)	()	1	1	minor	minor	iv	iv, minor	V		iv	iv	True	V	V, minor		V(64), minor		V	Cad	5		8	7	7	8	8	G#	G#	C#	C#	major triad	0	True	False	False	True	True	-1	0	0	1	True	False	False
660	2	82.5	85	7	C	1	2.5	0	False	3	4	1	1	1/16	True	5	28	28	27	27a	6	165/2	False	True				False	66	V(64)	g#	iv		V(64)		V			64		M	True	True	(1, 0, -3)	()	1	1	minor	minor	iv	iv, minor	V		iv	iv	True	V	V, minor		V(64), minor		V	Cad	5		8	7	7	8	8	G#	G#	C#	C#	major triad	0	True	False	False	True	True	-1	0	0	1	True	False	False
662	2	82.75	88	4	E	0	2.75	0	False	3	4	1	1	1/16	True	5	28	28	27	27a	6	331/4	False	False				False	66	V(64)	g#	iv		V(64)		V			64		M	True	True	(1, 0, -3)	()	1	1	minor	minor	iv	iv, minor	V		iv	iv	True	V	V, minor		V(64), minor		V	Cad	5		8	7	7	8	8	G#	G#	C#	C#	major triad	0	True	False	False	True	True	-4	-3	-3	3	True	False	False
664	4	83.0	44	8	G	1	3.0	3	True	3	4	4	1	1/8	True	5	28	28	27	27a	2	83	False	True				False	67	V7	g#	iv		V7		V		7			Mm7	True	True	(1, 5, 2, -1)	()	1	1	minor	minor	iv	iv, minor	V		iv	iv	True	V7	V7, minor		V7, minor		V	V7	5		8	7	7	8	8	G#	G#	C#	C#	dominant seventh chord	7	True	False	False	True	True	0	1	1	5	True	True	True
664	4	83.0	60	12	B	1	3.0	3	True	3	4	3	1	1/8	True	5	28	28	27	27a	3	83	False	True				False	67	V7	g#	iv		V7		V		7			Mm7	True	True	(1, 5, 2, -1)	()	1	1	minor	minor	iv	iv, minor	V		iv	iv	True	V7	V7, minor		V7, minor		V	V7	5		8	7	7	8	8	G#	G#	C#	C#	dominant seventh chord	7	True	False	False	True	True	4	5	5	#7	True	False	False
664	4	83.0	75	9	D	1	3.0	3	True	3	4	2	1	1/8	True	5	28	28	27	27a	5	83	False	True				False	67	V7	g#	iv		V7		V		7			Mm7	True	True	(1, 5, 2, -1)	()	1	1	minor	minor	iv	iv, minor	V		iv	iv	True	V7	V7, minor		V7, minor		V	V7	5		8	7	7	8	8	G#	G#	C#	C#	dominant seventh chord	7	True	False	False	True	True	1	2	2	2	True	False	False
664	2	83.0	90	6	F	1	3.0	3	True	3	4	1	1	1/16	True	5	28	28	27	27a	6	83	False	True				False	67	V7	g#	iv		V7		V		7			Mm7	True	True	(1, 5, 2, -1)	()	1	1	minor	minor	iv	iv, minor	V		iv	iv	True	V7	V7, minor		V7, minor		V	V7	5		8	7	7	8	8	G#	G#	C#	C#	dominant seventh chord	7	True	False	False	True	True	-2	-1	-1	4	True	False	False
666	2	83.25	60	12	B	1	3.25	0	False	3	4	1	1	1/16	True	5	28	28	27	27a	3	333/4	False	False				False	67	V7	g#	iv		V7		V		7			Mm7	True	True	(1, 5, 2, -1)	()	1	1	minor	minor	iv	iv, minor	V		iv	iv	True	V7	V7, minor		V7, minor		V	V7	5		8	7	7	8	8	G#	G#	C#	C#	dominant seventh chord	7	True	False	False	True	True	4	5	5	#7	True	False	False
668	3	83.5	63	9	D	1	3.5	0	False	3	4	1	1	3/32	True	5	28	28	27	27a	4	167/2	False	False				False	67	V7	g#	iv		V7		V		7			Mm7	True	True	(1, 5, 2, -1)	()	1	1	minor	minor	iv	iv, minor	V		iv	iv	True	V7	V7, minor		V7, minor		V	V7	5		8	7	7	8	8	G#	G#	C#	C#	dominant seventh chord	7	True	False	False	True	True	1	2	2	2	True	False	False
671	1	83.875	61	7	C	1	3.875	0	False	3	4	1	1	1/32	True	5	28	28	27	27a	4	671/8	False	False				False	67	V7	g#	iv		V7		V		7			Mm7	True	True	(1, 5, 2, -1)	()	1	1	minor	minor	iv	iv, minor	V		iv	iv	True	V7	V7, minor		V7, minor		V	V7	5		8	7	7	8	8	G#	G#	C#	C#	dominant seventh chord	7	True	False	False	True	True	-1	0	0	1	False	False	False
