onset_div	duration_div	onset_beat	pitch	tpc	step	alter	beat_float	downbeat	is_downbeat	ts_beats	ts_beat_type	staff	voice	duration	is_note_onset	ks_fifths	mc	mc_playthrough	mn	mn_playthrough	octave	quarterbeats_playthrough	section_start	a_isOnset	cadence	cadence_type	cadence_subtype	phraseend	a_phraseend	unfolded_harmony_index	volta	label	globalkey	localkey	pedal	chord	numeral	form	figbass	changes	relativeroot	chord_type	globalkey_is_minor	localkey_is_minor	chord_tones	added_tones	root	bass_note	globalkey_mode	localkey_mode	localkey_resolved	localkey_and_mode	root_roman	relativeroot_resolved	effective_localkey	effective_localkey_resolved	effective_localkey_is_minor	chord_reduced	chord_reduced_and_mode	pedal_resolved	chord_and_mode	applied_to_numeral	numeral_or_applied_to_numeral	a_simpleNumeral	a_degree1	a_degree2	globalkey_tpc	localkey_tpc	tonicized_tpc	root_tpc	bass_note_tpc	a_root	a_bass	a_localKey	a_tonicizedKey	a_quality	a_inversion	valid_chord_label	valid_cadence_label	valid_phrase_label	valid_pedal_point_label	valid_section_start_label	sic_with_global	sic_with_local	sic_with_tonicized	note_degree	tpc_is_in_label	tpc_is_root	tpc_is_bass
0	16	0.0	55	1	G	0	1.0	1	True	3	4	2	1	1/2	True	1	1	1	1	1a	3	0	True	True				{	False	0		G.I{	G	I		I	I					M	False	False	(0, 4, 1)	()	0	0	major	major	I	I, major	I		I	I	False	I	I, major		I, major		I	I	1		1	1	1	1	1	G	G	G	G	major triad	0	True	True	True	True	True	0	0	0	1	True	True	True
0	8	0.0	71	5	B	0	1.0	1	True	3	4	1	1	1/4	True	1	1	1	1	1a	4	0	True	True				{	False	0		G.I{	G	I		I	I					M	False	False	(0, 4, 1)	()	0	0	major	major	I	I, major	I		I	I	False	I	I, major		I, major		I	I	1		1	1	1	1	1	G	G	G	G	major triad	0	True	True	True	True	True	4	4	4	3	True	False	False
8	8	1.0	72	0	C	0	2.0	2	True	3	4	1	1	1/4	True	1	1	1	1	1a	5	1	False	True					False	1		IV64	G	I		IV64	IV		64			M	False	False	(0, -1, 3)	()	-1	0	major	major	I	I, major	IV		I	I	False	IV64	IV64, major		IV64, major		IV	IV	4		1	1	1	0	1	C	G	G	G	major triad	2	True	True	True	True	True	-1	-1	-1	4	True	True	False
16	8	2.0	54	6	F	1	3.0	3	True	3	4	2	1	1/4	True	1	1	1	1	1a	3	2	False	True					False	2		V6	G	I		V6	V		6			M	False	False	(5, 2, 1)	()	1	5	major	major	I	I, major	V		I	I	False	V6	V6, major		V6, major		V	V	5		1	1	1	2	6	D	F#	G	G	major triad	1	True	True	True	True	True	5	5	5	7	True	False	True
16	8	2.0	74	2	D	0	3.0	3	True	3	4	1	1	1/4	True	1	1	1	1	1a	5	2	False	True					False	2		V6	G	I		V6	V		6			M	False	False	(5, 2, 1)	()	1	5	major	major	I	I, major	V		I	I	False	V6	V6, major		V6, major		V	V	5		1	1	1	2	6	D	F#	G	G	major triad	1	True	True	True	True	True	1	1	1	5	True	True	False
24	16	3.0	52	4	E	0	1.0	1	True	3	4	2	1	1/2	True	1	2	2	2	2a	3	3	False	True					False	3		vi	G	I		vi	vi					m	False	False	(3, 0, 4)	()	3	3	major	major	I	I, major	vi		I	I	False	vi	vi, major		vi, major		vi	vi	6		1	1	1	4	4	E	E	G	G	minor triad	0	True	True	True	True	True	3	3	3	6	True	True	True
24	8	3.0	67	1	G	0	1.0	1	True	3	4	1	1	1/4	True	1	2	2	2	2a	4	3	False	True					False	3		vi	G	I		vi	vi					m	False	False	(3, 0, 4)	()	3	3	major	major	I	I, major	vi		I	I	False	vi	vi, major		vi, major		vi	vi	6		1	1	1	4	4	E	E	G	G	minor triad	0	True	True	True	True	True	0	0	0	1	True	False	False
32	12	4.0	79	1	G	0	2.0	2	True	3	4	1	1	3/8	True	1	2	2	2	2a	5	4	False	False					False	3		vi	G	I		vi	vi					m	False	False	(3, 0, 4)	()	3	3	major	major	I	I, major	vi		I	I	False	vi	vi, major		vi, major		vi	vi	6		1	1	1	4	4	E	E	G	G	minor triad	0	True	True	True	True	True	0	0	0	1	True	False	False
40	8	5.0	47	5	B	0	3.0	3	True	3	4	2	1	1/4	True	1	2	2	2	2a	2	5	False	True					False	4		I6	G	I		I6	I		6			M	False	False	(4, 1, 0)	()	0	4	major	major	I	I, major	I		I	I	False	I6	I6, major		I6, major		I	I	1		1	1	1	1	5	G	B	G	G	major triad	1	True	True	True	True	True	4	4	4	3	True	False	True
44	4	5.5	78	6	F	1	3.5	0	False	3	4	1	1	1/8	True	1	2	2	2	2a	5	11/2	False	True					False	5		IM65	G	I		IM65	I	M	65			MM7	False	False	(4, 1, 5, 0)	()	0	4	major	major	I	I, major	I		I	I	False	IM65	IM65, major		IM65, major		I	I7	1		1	1	1	1	5	G	B	G	G	major seventh chord	1	True	True	True	True	True	5	5	5	7	True	False	False
48	8	6.0	48	0	C	0	1.0	1	True	3	4	2	1	1/4	True	1	3	3	3	3a	3	6	False	True					False	6		ii65	G	I		ii65	ii		65			mm7	False	False	(-1, 3, 0, 2)	()	2	-1	major	major	I	I, major	ii		I	I	False	ii65	ii65, major		ii65, major		ii	ii7	2		1	1	1	3	0	A	C	G	G	minor seventh chord	1	True	True	True	True	True	-1	-1	-1	4	True	False	True
48	8	6.0	76	4	E	0	1.0	1	True	3	4	1	1	1/4	True	1	3	3	3	3a	5	6	False	True					False	6		ii65	G	I		ii65	ii		65			mm7	False	False	(-1, 3, 0, 2)	()	2	-1	major	major	I	I, major	ii		I	I	False	ii65	ii65, major		ii65, major		ii	ii7	2		1	1	1	3	0	A	C	G	G	minor seventh chord	1	True	True	True	True	True	3	3	3	6	True	False	False
56	8	7.0	50	2	D	0	2.0	2	True	3	4	2	1	1/4	True	1	3	3	3	3a	3	7	False	True					False	7		V(4)	G	I		V(4)	V			4		M	False	False	(1, 0, 2)	()	1	1	major	major	I	I, major	V		I	I	False	V	V, major		V(4), major		V	V	5		1	1	1	2	2	D	D	G	G	major triad	0	True	True	True	True	True	1	1	1	5	True	True	True
56	12	7.0	74	2	D	0	2.0	2	True	3	4	1	1	3/8	True	1	3	3	3	3a	5	7	False	True					False	7		V(4)	G	I		V(4)	V			4		M	False	False	(1, 0, 2)	()	1	1	major	major	I	I, major	V		I	I	False	V	V, major		V(4), major		V	V	5		1	1	1	2	2	D	D	G	G	major triad	0	True	True	True	True	True	1	1	1	5	True	True	True
64	8	8.0	38	2	D	0	3.0	3	True	3	4	2	1	1/4	True	1	3	3	3	3a	2	8	False	True					False	8		V7	G	I		V7	V		7			Mm7	False	False	(1, 5, 2, -1)	()	1	1	major	major	I	I, major	V		I	I	False	V7	V7, major		V7, major		V	V7	5		1	1	1	2	2	D	D	G	G	dominant seventh chord	7	True	True	True	True	True	1	1	1	5	True	True	True
68	4	8.5	72	0	C	0	3.5	0	False	3	4	1	1	1/8	True	1	3	3	3	3a	5	17/2	False	False					False	8		V7	G	I		V7	V		7			Mm7	False	False	(1, 5, 2, -1)	()	1	1	major	major	I	I, major	V		I	I	False	V7	V7, major		V7, major		V	V7	5		1	1	1	2	2	D	D	G	G	dominant seventh chord	7	True	True	True	True	True	-1	-1	-1	4	True	False	False
72	24	9.0	43	1	G	0	1.0	1	True	3	4	2	1	3/4	True	1	4	4	4	4a	2	9	False	True	IAC	IAC		}	True	9		I|IAC}	G	I		I	I					M	False	False	(0, 4, 1)	()	0	0	major	major	I	I, major	I		I	I	False	I	I, major		I, major		I	I	1		1	1	1	1	1	G	G	G	G	major triad	0	True	True	True	True	True	0	0	0	1	True	True	True
72	16	9.0	71	5	B	0	1.0	1	True	3	4	1	1	1/2	True	1	4	4	4	4a	4	9	False	True	IAC	IAC		}	True	9		I|IAC}	G	I		I	I					M	False	False	(0, 4, 1)	()	0	0	major	major	I	I, major	I		I	I	False	I	I, major		I, major		I	I	1		1	1	1	1	1	G	G	G	G	major triad	0	True	True	True	True	True	4	4	4	3	True	False	False
88	0	11.0	69	3	A	0	3.0	3	True	3	4	1	1	0	True	1	4	4	4	4a	4	11	False	False					False	9		I|IAC}	G	I		I	I					M	False	False	(0, 4, 1)	()	0	0	major	major	I	I, major	I		I	I	False	I	I, major		I, major		I	I	1		1	1	1	1	1	G	G	G	G	major triad	0	True	True	True	True	True	2	2	2	2	False	False	False
88	8	11.0	67	1	G	0	3.0	3	True	3	4	1	1	1/4	True	1	4	4	4	4a	4	11	False	False					False	9		I|IAC}	G	I		I	I					M	False	False	(0, 4, 1)	()	0	0	major	major	I	I, major	I		I	I	False	I	I, major		I, major		I	I	1		1	1	1	1	1	G	G	G	G	major triad	0	True	True	True	True	True	0	0	0	1	True	True	True
96	16	12.0	55	1	G	0	1.0	1	True	3	4	2	1	1/2	True	1	5	5	5	5a	3	12	False	False				{	False	10		I{	G	I		I	I					M	False	False	(0, 4, 1)	()	0	0	major	major	I	I, major	I		I	I	False	I	I, major		I, major		I	I	1		1	1	1	1	1	G	G	G	G	major triad	0	True	True	True	True	True	0	0	0	1	True	True	True
96	8	12.0	71	5	B	0	1.0	1	True	3	4	1	1	1/4	True	1	5	5	5	5a	4	12	False	False				{	False	10		I{	G	I		I	I					M	False	False	(0, 4, 1)	()	0	0	major	major	I	I, major	I		I	I	False	I	I, major		I, major		I	I	1		1	1	1	1	1	G	G	G	G	major triad	0	True	True	True	True	True	4	4	4	3	True	False	False
104	8	13.0	72	0	C	0	2.0	2	True	3	4	1	1	1/4	True	1	5	5	5	5a	5	13	False	True					False	11		IV64	G	I		IV64	IV		64			M	False	False	(0, -1, 3)	()	-1	0	major	major	I	I, major	IV		I	I	False	IV64	IV64, major		IV64, major		IV	IV	4		1	1	1	0	1	C	G	G	G	major triad	2	True	True	True	True	True	-1	-1	-1	4	True	True	False
112	8	14.0	54	6	F	1	3.0	3	True	3	4	2	1	1/4	True	1	5	5	5	5a	3	14	False	True					False	12		V6	G	I		V6	V		6			M	False	False	(5, 2, 1)	()	1	5	major	major	I	I, major	V		I	I	False	V6	V6, major		V6, major		V	V	5		1	1	1	2	6	D	F#	G	G	major triad	1	True	True	True	True	True	5	5	5	7	True	False	True
112	8	14.0	74	2	D	0	3.0	3	True	3	4	1	1	1/4	True	1	5	5	5	5a	5	14	False	True					False	12		V6	G	I		V6	V		6			M	False	False	(5, 2, 1)	()	1	5	major	major	I	I, major	V		I	I	False	V6	V6, major		V6, major		V	V	5		1	1	1	2	6	D	F#	G	G	major triad	1	True	True	True	True	True	1	1	1	5	True	True	False
120	4	15.0	52	4	E	0	1.0	1	True	3	4	2	1	1/8	True	1	6	6	6	6a	3	15	False	True					False	13		vi	G	I		vi	vi					m	False	False	(3, 0, 4)	()	3	3	major	major	I	I, major	vi		I	I	False	vi	vi, major		vi, major		vi	vi	6		1	1	1	4	4	E	E	G	G	minor triad	0	True	True	True	True	True	3	3	3	6	True	True	True
120	8	15.0	67	1	G	0	1.0	1	True	3	4	1	1	1/4	True	1	6	6	6	6a	4	15	False	True					False	13		vi	G	I		vi	vi					m	False	False	(3, 0, 4)	()	3	3	major	major	I	I, major	vi		I	I	False	vi	vi, major		vi, major		vi	vi	6		1	1	1	4	4	E	E	G	G	minor triad	0	True	True	True	True	True	0	0	0	1	True	False	False
124	4	15.5	50	2	D	0	1.5	0	False	3	4	2	1	1/8	True	1	6	6	6	6a	3	31/2	False	False					False	13		vi	G	I		vi	vi					m	False	False	(3, 0, 4)	()	3	3	major	major	I	I, major	vi		I	I	False	vi	vi, major		vi, major		vi	vi	6		1	1	1	4	4	E	E	G	G	minor triad	0	True	True	True	True	True	1	1	1	5	False	False	False
128	8	16.0	48	0	C	0	2.0	2	True	3	4	2	1	1/4	True	1	6	6	6	6a	3	16	False	True					False	14		IV	G	I		IV	IV					M	False	False	(-1, 3, 0)	()	-1	-1	major	major	I	I, major	IV		I	I	False	IV	IV, major		IV, major		IV	IV	4		1	1	1	0	0	C	C	G	G	major triad	0	True	True	True	True	True	-1	-1	-1	4	True	True	True
128	12	16.0	76	4	E	0	2.0	2	True	3	4	1	1	3/8	True	1	6	6	6	6a	5	16	False	True					False	14		IV	G	I		IV	IV					M	False	False	(-1, 3, 0)	()	-1	-1	major	major	I	I, major	IV		I	I	False	IV	IV, major		IV, major		IV	IV	4		1	1	1	0	0	C	C	G	G	major triad	0	True	True	True	True	True	3	3	3	6	True	False	False
136	8	17.0	46	-2	B	-1	3.0	3	True	3	4	2	1	1/4	True	1	6	6	6	6a	2	17	False	True					False	15		v.ii%43	G	v		ii%43	ii	%	43			%7	False	True	(-4, 0, 2, -1)	()	2	-4	major	minor	v	v, major	ii		v	v	True	ii%43	ii%43, minor		ii%43, minor		ii	ii%7	2		1	2	2	4	-2	E	Bb	D	D	half-diminished seventh chord	2	True	True	True	True	True	-3	-4	-4	6	True	False	True
140	4	17.5	77	-1	F	0	3.5	0	False	3	4	1	1	1/8	True	1	6	6	6	6a	5	35/2	False	False					False	15		v.ii%43	G	v		ii%43	ii	%	43			%7	False	True	(-4, 0, 2, -1)	()	2	-4	major	minor	v	v, major	ii		v	v	True	ii%43	ii%43, minor		ii%43, minor		ii	ii%7	2		1	2	2	4	-2	E	Bb	D	D	half-diminished seventh chord	2	True	True	True	True	True	-2	-3	-3	3	False	False	False
144	4	18.0	45	3	A	0	1.0	1	True	3	4	2	1	1/8	True	1	7	7	7	7a	2	18	False	True					False	16		V	G	v		V	V					M	False	True	(1, 5, 2)	()	1	1	major	minor	v	v, major	V		v	v	True	V	V, minor		V, minor		V	V	5		1	2	2	3	3	A	A	D	D	major triad	0	True	True	True	True	True	2	1	1	5	True	True	True
144	4	18.0	73	7	C	1	1.0	1	True	3	4	1	1	1/8	True	1	7	7	7	7a	5	18	False	True					False	16		V	G	v		V	V					M	False	True	(1, 5, 2)	()	1	1	major	minor	v	v, major	V		v	v	True	V	V, minor		V, minor		V	V	5		1	2	2	3	3	A	A	D	D	major triad	0	True	True	True	True	True	6	5	5	#7	True	False	False
148	4	18.5	43	1	G	0	1.5	0	False	3	4	2	1	1/8	True	1	7	7	7	7a	2	37/2	False	True					False	17		IV7	G	v		IV7	IV		7			Mm7	False	True	(-1, 3, 0, -3)	()	-1	-1	major	minor	v	v, major	IV		v	v	True	IV7	IV7, minor		IV7, minor		IV	IV7	4		1	2	2	1	1	G	G	D	D	dominant seventh chord	7	True	True	True	True	True	0	-1	-1	4	True	True	True
148	4	18.5	74	2	D	0	1.5	0	False	3	4	1	1	1/8	True	1	7	7	7	7a	5	37/2	False	True					False	17		IV7	G	v		IV7	IV		7			Mm7	False	True	(-1, 3, 0, -3)	()	-1	-1	major	minor	v	v, major	IV		v	v	True	IV7	IV7, minor		IV7, minor		IV	IV7	4		1	2	2	1	1	G	G	D	D	dominant seventh chord	7	True	True	True	True	True	1	0	0	1	True	False	False
152	16	19.0	45	3	A	0	2.0	2	True	3	4	2	1	1/2	True	1	7	7	7	7a	2	19	False	True					False	18		V(4)	G	v		V(4)	V			4		M	False	True	(1, 0, 2)	()	1	1	major	minor	v	v, major	V		v	v	True	V	V, minor		V(4), minor		V	V	5		1	2	2	3	3	A	A	D	D	major triad	0	True	True	True	True	True	2	1	1	5	True	True	True
152	12	19.0	74	2	D	0	2.0	2	True	3	4	1	1	3/8	True	1	7	7	7	7a	5	19	False	True					False	18		V(4)	G	v		V(4)	V			4		M	False	True	(1, 0, 2)	()	1	1	major	minor	v	v, major	V		v	v	True	V	V, minor		V(4), minor		V	V	5		1	2	2	3	3	A	A	D	D	major triad	0	True	True	True	True	True	1	0	0	1	True	False	False
164	4	20.5	73	7	C	1	3.5	0	False	3	4	1	1	1/8	True	1	7	7	7	7a	5	41/2	False	False					False	19		V	G	v		V	V					M	False	True	(1, 5, 2)	()	1	1	major	minor	v	v, major	V		v	v	True	V	V, minor		V, minor		V	V	5		1	2	2	3	3	A	A	D	D	major triad	0	True	True	True	True	True	6	5	5	#7	True	False	False
168	0	21.0	73	7	C	1	1.0	1	True	3	4	1	1	0	True	1	8	8	8	8a	5	21	False	True	PAC	PAC		}	True	20	1	I|PAC}	G	v		I	I					M	False	True	(0, 4, 1)	()	0	0	major	minor	v	v, major	I		v	v	True	I	I, minor		I, minor		I	I	1		1	2	2	2	2	D	D	D	D	major triad	0	True	True	True	True	True	6	5	5	#7	False	False	False
168	8	21.0	38	2	D	0	1.0	1	True	3	4	2	1	1/4	True	1	8	8	8	8a	2	21	False	True	PAC	PAC		}	True	20	1	I|PAC}	G	v		I	I					M	False	True	(0, 4, 1)	()	0	0	major	minor	v	v, major	I		v	v	True	I	I, minor		I, minor		I	I	1		1	2	2	2	2	D	D	D	D	major triad	0	True	True	True	True	True	1	0	0	1	True	True	True
168	24	21.0	74	2	D	0	1.0	1	True	3	4	1	1	3/4	True	1	8	8	8	8a	5	21	False	True	PAC	PAC		}	True	20	1	I|PAC}	G	v		I	I					M	False	True	(0, 4, 1)	()	0	0	major	minor	v	v, major	I		v	v	True	I	I, minor		I, minor		I	I	1		1	2	2	2	2	D	D	D	D	major triad	0	True	True	True	True	True	1	0	0	1	True	True	True
176	4	22.0	50	2	D	0	2.0	2	True	3	4	2	1	1/8	True	1	8	8	8	8a	3	22	False	False					False	20	1	I|PAC}	G	v		I	I					M	False	True	(0, 4, 1)	()	0	0	major	minor	v	v, major	I		v	v	True	I	I, minor		I, minor		I	I	1		1	2	2	2	2	D	D	D	D	major triad	0	True	True	True	True	True	1	0	0	1	True	True	True
180	4	22.5	52	4	E	0	2.5	0	False	3	4	2	1	1/8	True	1	8	8	8	8a	3	45/2	False	False					False	20	1	I|PAC}	G	v		I	I					M	False	True	(0, 4, 1)	()	0	0	major	minor	v	v, major	I		v	v	True	I	I, minor		I, minor		I	I	1		1	2	2	2	2	D	D	D	D	major triad	0	True	True	True	True	True	3	2	2	2	False	False	False
184	4	23.0	54	6	F	1	3.0	3	True	3	4	2	1	1/8	True	1	8	8	8	8a	3	23	False	False					False	20	1	I|PAC}	G	v		I	I					M	False	True	(0, 4, 1)	()	0	0	major	minor	v	v, major	I		v	v	True	I	I, minor		I, minor		I	I	1		1	2	2	2	2	D	D	D	D	major triad	0	True	True	True	True	True	5	4	4	#3	True	False	False
188	4	23.5	50	2	D	0	3.5	0	False	3	4	2	1	1/8	True	1	8	8	8	8a	3	47/2	False	False					False	20	1	I|PAC}	G	v		I	I					M	False	True	(0, 4, 1)	()	0	0	major	minor	v	v, major	I		v	v	True	I	I, minor		I, minor		I	I	1		1	2	2	2	2	D	D	D	D	major triad	0	True	True	True	True	True	1	0	0	1	True	True	True
192	16	24.0	55	1	G	0	1.0	1	True	3	4	2	1	1/2	True	1	1	9	1	1b	3	24	True	True				{	False	21		G.I{	G	I		I	I					M	False	False	(0, 4, 1)	()	0	0	major	major	I	I, major	I		I	I	False	I	I, major		I, major		I	I	1		1	1	1	1	1	G	G	G	G	major triad	0	True	True	True	True	True	0	0	0	1	True	True	True
192	8	24.0	71	5	B	0	1.0	1	True	3	4	1	1	1/4	True	1	1	9	1	1b	4	24	True	True				{	False	21		G.I{	G	I		I	I					M	False	False	(0, 4, 1)	()	0	0	major	major	I	I, major	I		I	I	False	I	I, major		I, major		I	I	1		1	1	1	1	1	G	G	G	G	major triad	0	True	True	True	True	True	4	4	4	3	True	False	False
200	8	25.0	72	0	C	0	2.0	2	True	3	4	1	1	1/4	True	1	1	9	1	1b	5	25	False	True					False	22		IV64	G	I		IV64	IV		64			M	False	False	(0, -1, 3)	()	-1	0	major	major	I	I, major	IV		I	I	False	IV64	IV64, major		IV64, major		IV	IV	4		1	1	1	0	1	C	G	G	G	major triad	2	True	True	True	True	True	-1	-1	-1	4	True	True	False
208	8	26.0	54	6	F	1	3.0	3	True	3	4	2	1	1/4	True	1	1	9	1	1b	3	26	False	True					False	23		V6	G	I		V6	V		6			M	False	False	(5, 2, 1)	()	1	5	major	major	I	I, major	V		I	I	False	V6	V6, major		V6, major		V	V	5		1	1	1	2	6	D	F#	G	G	major triad	1	True	True	True	True	True	5	5	5	7	True	False	True
208	8	26.0	74	2	D	0	3.0	3	True	3	4	1	1	1/4	True	1	1	9	1	1b	5	26	False	True					False	23		V6	G	I		V6	V		6			M	False	False	(5, 2, 1)	()	1	5	major	major	I	I, major	V		I	I	False	V6	V6, major		V6, major		V	V	5		1	1	1	2	6	D	F#	G	G	major triad	1	True	True	True	True	True	1	1	1	5	True	True	False
216	16	27.0	52	4	E	0	1.0	1	True	3	4	2	1	1/2	True	1	2	10	2	2b	3	27	False	True					False	24		vi	G	I		vi	vi					m	False	False	(3, 0, 4)	()	3	3	major	major	I	I, major	vi		I	I	False	vi	vi, major		vi, major		vi	vi	6		1	1	1	4	4	E	E	G	G	minor triad	0	True	True	True	True	True	3	3	3	6	True	True	True
216	8	27.0	67	1	G	0	1.0	1	True	3	4	1	1	1/4	True	1	2	10	2	2b	4	27	False	True					False	24		vi	G	I		vi	vi					m	False	False	(3, 0, 4)	()	3	3	major	major	I	I, major	vi		I	I	False	vi	vi, major		vi, major		vi	vi	6		1	1	1	4	4	E	E	G	G	minor triad	0	True	True	True	True	True	0	0	0	1	True	False	False
224	12	28.0	79	1	G	0	2.0	2	True	3	4	1	1	3/8	True	1	2	10	2	2b	5	28	False	False					False	24		vi	G	I		vi	vi					m	False	False	(3, 0, 4)	()	3	3	major	major	I	I, major	vi		I	I	False	vi	vi, major		vi, major		vi	vi	6		1	1	1	4	4	E	E	G	G	minor triad	0	True	True	True	True	True	0	0	0	1	True	False	False
232	8	29.0	47	5	B	0	3.0	3	True	3	4	2	1	1/4	True	1	2	10	2	2b	2	29	False	True					False	25		I6	G	I		I6	I		6			M	False	False	(4, 1, 0)	()	0	4	major	major	I	I, major	I		I	I	False	I6	I6, major		I6, major		I	I	1		1	1	1	1	5	G	B	G	G	major triad	1	True	True	True	True	True	4	4	4	3	True	False	True
236	4	29.5	78	6	F	1	3.5	0	False	3	4	1	1	1/8	True	1	2	10	2	2b	5	59/2	False	True					False	26		IM65	G	I		IM65	I	M	65			MM7	False	False	(4, 1, 5, 0)	()	0	4	major	major	I	I, major	I		I	I	False	IM65	IM65, major		IM65, major		I	I7	1		1	1	1	1	5	G	B	G	G	major seventh chord	1	True	True	True	True	True	5	5	5	7	True	False	False
240	8	30.0	48	0	C	0	1.0	1	True	3	4	2	1	1/4	True	1	3	11	3	3b	3	30	False	True					False	27		ii65	G	I		ii65	ii		65			mm7	False	False	(-1, 3, 0, 2)	()	2	-1	major	major	I	I, major	ii		I	I	False	ii65	ii65, major		ii65, major		ii	ii7	2		1	1	1	3	0	A	C	G	G	minor seventh chord	1	True	True	True	True	True	-1	-1	-1	4	True	False	True
240	8	30.0	76	4	E	0	1.0	1	True	3	4	1	1	1/4	True	1	3	11	3	3b	5	30	False	True					False	27		ii65	G	I		ii65	ii		65			mm7	False	False	(-1, 3, 0, 2)	()	2	-1	major	major	I	I, major	ii		I	I	False	ii65	ii65, major		ii65, major		ii	ii7	2		1	1	1	3	0	A	C	G	G	minor seventh chord	1	True	True	True	True	True	3	3	3	6	True	False	False
248	8	31.0	50	2	D	0	2.0	2	True	3	4	2	1	1/4	True	1	3	11	3	3b	3	31	False	True					False	28		V(4)	G	I		V(4)	V			4		M	False	False	(1, 0, 2)	()	1	1	major	major	I	I, major	V		I	I	False	V	V, major		V(4), major		V	V	5		1	1	1	2	2	D	D	G	G	major triad	0	True	True	True	True	True	1	1	1	5	True	True	True
248	12	31.0	74	2	D	0	2.0	2	True	3	4	1	1	3/8	True	1	3	11	3	3b	5	31	False	True					False	28		V(4)	G	I		V(4)	V			4		M	False	False	(1, 0, 2)	()	1	1	major	major	I	I, major	V		I	I	False	V	V, major		V(4), major		V	V	5		1	1	1	2	2	D	D	G	G	major triad	0	True	True	True	True	True	1	1	1	5	True	True	True
256	8	32.0	38	2	D	0	3.0	3	True	3	4	2	1	1/4	True	1	3	11	3	3b	2	32	False	True					False	29		V7	G	I		V7	V		7			Mm7	False	False	(1, 5, 2, -1)	()	1	1	major	major	I	I, major	V		I	I	False	V7	V7, major		V7, major		V	V7	5		1	1	1	2	2	D	D	G	G	dominant seventh chord	7	True	True	True	True	True	1	1	1	5	True	True	True
260	4	32.5	72	0	C	0	3.5	0	False	3	4	1	1	1/8	True	1	3	11	3	3b	5	65/2	False	False					False	29		V7	G	I		V7	V		7			Mm7	False	False	(1, 5, 2, -1)	()	1	1	major	major	I	I, major	V		I	I	False	V7	V7, major		V7, major		V	V7	5		1	1	1	2	2	D	D	G	G	dominant seventh chord	7	True	True	True	True	True	-1	-1	-1	4	True	False	False
264	24	33.0	43	1	G	0	1.0	1	True	3	4	2	1	3/4	True	1	4	12	4	4b	2	33	False	True	IAC	IAC		}	True	30		I|IAC}	G	I		I	I					M	False	False	(0, 4, 1)	()	0	0	major	major	I	I, major	I		I	I	False	I	I, major		I, major		I	I	1		1	1	1	1	1	G	G	G	G	major triad	0	True	True	True	True	True	0	0	0	1	True	True	True
264	16	33.0	71	5	B	0	1.0	1	True	3	4	1	1	1/2	True	1	4	12	4	4b	4	33	False	True	IAC	IAC		}	True	30		I|IAC}	G	I		I	I					M	False	False	(0, 4, 1)	()	0	0	major	major	I	I, major	I		I	I	False	I	I, major		I, major		I	I	1		1	1	1	1	1	G	G	G	G	major triad	0	True	True	True	True	True	4	4	4	3	True	False	False
280	0	35.0	69	3	A	0	3.0	3	True	3	4	1	1	0	True	1	4	12	4	4b	4	35	False	False					False	30		I|IAC}	G	I		I	I					M	False	False	(0, 4, 1)	()	0	0	major	major	I	I, major	I		I	I	False	I	I, major		I, major		I	I	1		1	1	1	1	1	G	G	G	G	major triad	0	True	True	True	True	True	2	2	2	2	False	False	False
280	8	35.0	67	1	G	0	3.0	3	True	3	4	1	1	1/4	True	1	4	12	4	4b	4	35	False	False					False	30		I|IAC}	G	I		I	I					M	False	False	(0, 4, 1)	()	0	0	major	major	I	I, major	I		I	I	False	I	I, major		I, major		I	I	1		1	1	1	1	1	G	G	G	G	major triad	0	True	True	True	True	True	0	0	0	1	True	True	True
288	16	36.0	55	1	G	0	1.0	1	True	3	4	2	1	1/2	True	1	5	13	5	5b	3	36	False	False				{	False	31		I{	G	I		I	I					M	False	False	(0, 4, 1)	()	0	0	major	major	I	I, major	I		I	I	False	I	I, major		I, major		I	I	1		1	1	1	1	1	G	G	G	G	major triad	0	True	True	True	True	True	0	0	0	1	True	True	True
288	8	36.0	71	5	B	0	1.0	1	True	3	4	1	1	1/4	True	1	5	13	5	5b	4	36	False	False				{	False	31		I{	G	I		I	I					M	False	False	(0, 4, 1)	()	0	0	major	major	I	I, major	I		I	I	False	I	I, major		I, major		I	I	1		1	1	1	1	1	G	G	G	G	major triad	0	True	True	True	True	True	4	4	4	3	True	False	False
296	8	37.0	72	0	C	0	2.0	2	True	3	4	1	1	1/4	True	1	5	13	5	5b	5	37	False	True					False	32		IV64	G	I		IV64	IV		64			M	False	False	(0, -1, 3)	()	-1	0	major	major	I	I, major	IV		I	I	False	IV64	IV64, major		IV64, major		IV	IV	4		1	1	1	0	1	C	G	G	G	major triad	2	True	True	True	True	True	-1	-1	-1	4	True	True	False
304	8	38.0	54	6	F	1	3.0	3	True	3	4	2	1	1/4	True	1	5	13	5	5b	3	38	False	True					False	33		V6	G	I		V6	V		6			M	False	False	(5, 2, 1)	()	1	5	major	major	I	I, major	V		I	I	False	V6	V6, major		V6, major		V	V	5		1	1	1	2	6	D	F#	G	G	major triad	1	True	True	True	True	True	5	5	5	7	True	False	True
304	8	38.0	74	2	D	0	3.0	3	True	3	4	1	1	1/4	True	1	5	13	5	5b	5	38	False	True					False	33		V6	G	I		V6	V		6			M	False	False	(5, 2, 1)	()	1	5	major	major	I	I, major	V		I	I	False	V6	V6, major		V6, major		V	V	5		1	1	1	2	6	D	F#	G	G	major triad	1	True	True	True	True	True	1	1	1	5	True	True	False
312	4	39.0	52	4	E	0	1.0	1	True	3	4	2	1	1/8	True	1	6	14	6	6b	3	39	False	True					False	34		vi	G	I		vi	vi					m	False	False	(3, 0, 4)	()	3	3	major	major	I	I, major	vi		I	I	False	vi	vi, major		vi, major		vi	vi	6		1	1	1	4	4	E	E	G	G	minor triad	0	True	True	True	True	True	3	3	3	6	True	True	True
312	8	39.0	67	1	G	0	1.0	1	True	3	4	1	1	1/4	True	1	6	14	6	6b	4	39	False	True					False	34		vi	G	I		vi	vi					m	False	False	(3, 0, 4)	()	3	3	major	major	I	I, major	vi		I	I	False	vi	vi, major		vi, major		vi	vi	6		1	1	1	4	4	E	E	G	G	minor triad	0	True	True	True	True	True	0	0	0	1	True	False	False
316	4	39.5	50	2	D	0	1.5	0	False	3	4	2	1	1/8	True	1	6	14	6	6b	3	79/2	False	False					False	34		vi	G	I		vi	vi					m	False	False	(3, 0, 4)	()	3	3	major	major	I	I, major	vi		I	I	False	vi	vi, major		vi, major		vi	vi	6		1	1	1	4	4	E	E	G	G	minor triad	0	True	True	True	True	True	1	1	1	5	False	False	False
320	8	40.0	48	0	C	0	2.0	2	True	3	4	2	1	1/4	True	1	6	14	6	6b	3	40	False	True					False	35		IV	G	I		IV	IV					M	False	False	(-1, 3, 0)	()	-1	-1	major	major	I	I, major	IV		I	I	False	IV	IV, major		IV, major		IV	IV	4		1	1	1	0	0	C	C	G	G	major triad	0	True	True	True	True	True	-1	-1	-1	4	True	True	True
320	12	40.0	76	4	E	0	2.0	2	True	3	4	1	1	3/8	True	1	6	14	6	6b	5	40	False	True					False	35		IV	G	I		IV	IV					M	False	False	(-1, 3, 0)	()	-1	-1	major	major	I	I, major	IV		I	I	False	IV	IV, major		IV, major		IV	IV	4		1	1	1	0	0	C	C	G	G	major triad	0	True	True	True	True	True	3	3	3	6	True	False	False
328	8	41.0	46	-2	B	-1	3.0	3	True	3	4	2	1	1/4	True	1	6	14	6	6b	2	41	False	True					False	36		v.ii%43	G	v		ii%43	ii	%	43			%7	False	True	(-4, 0, 2, -1)	()	2	-4	major	minor	v	v, major	ii		v	v	True	ii%43	ii%43, minor		ii%43, minor		ii	ii%7	2		1	2	2	4	-2	E	Bb	D	D	half-diminished seventh chord	2	True	True	True	True	True	-3	-4	-4	6	True	False	True
332	4	41.5	77	-1	F	0	3.5	0	False	3	4	1	1	1/8	True	1	6	14	6	6b	5	83/2	False	False					False	36		v.ii%43	G	v		ii%43	ii	%	43			%7	False	True	(-4, 0, 2, -1)	()	2	-4	major	minor	v	v, major	ii		v	v	True	ii%43	ii%43, minor		ii%43, minor		ii	ii%7	2		1	2	2	4	-2	E	Bb	D	D	half-diminished seventh chord	2	True	True	True	True	True	-2	-3	-3	3	False	False	False
336	4	42.0	45	3	A	0	1.0	1	True	3	4	2	1	1/8	True	1	7	15	7	7b	2	42	False	True					False	37		V	G	v		V	V					M	False	True	(1, 5, 2)	()	1	1	major	minor	v	v, major	V		v	v	True	V	V, minor		V, minor		V	V	5		1	2	2	3	3	A	A	D	D	major triad	0	True	True	True	True	True	2	1	1	5	True	True	True
336	4	42.0	73	7	C	1	1.0	1	True	3	4	1	1	1/8	True	1	7	15	7	7b	5	42	False	True					False	37		V	G	v		V	V					M	False	True	(1, 5, 2)	()	1	1	major	minor	v	v, major	V		v	v	True	V	V, minor		V, minor		V	V	5		1	2	2	3	3	A	A	D	D	major triad	0	True	True	True	True	True	6	5	5	#7	True	False	False
340	4	42.5	43	1	G	0	1.5	0	False	3	4	2	1	1/8	True	1	7	15	7	7b	2	85/2	False	True					False	38		IV7	G	v		IV7	IV		7			Mm7	False	True	(-1, 3, 0, -3)	()	-1	-1	major	minor	v	v, major	IV		v	v	True	IV7	IV7, minor		IV7, minor		IV	IV7	4		1	2	2	1	1	G	G	D	D	dominant seventh chord	7	True	True	True	True	True	0	-1	-1	4	True	True	True
340	4	42.5	74	2	D	0	1.5	0	False	3	4	1	1	1/8	True	1	7	15	7	7b	5	85/2	False	True					False	38		IV7	G	v		IV7	IV		7			Mm7	False	True	(-1, 3, 0, -3)	()	-1	-1	major	minor	v	v, major	IV		v	v	True	IV7	IV7, minor		IV7, minor		IV	IV7	4		1	2	2	1	1	G	G	D	D	dominant seventh chord	7	True	True	True	True	True	1	0	0	1	True	False	False
344	16	43.0	45	3	A	0	2.0	2	True	3	4	2	1	1/2	True	1	7	15	7	7b	2	43	False	True					False	39		V(4)	G	v		V(4)	V			4		M	False	True	(1, 0, 2)	()	1	1	major	minor	v	v, major	V		v	v	True	V	V, minor		V(4), minor		V	V	5		1	2	2	3	3	A	A	D	D	major triad	0	True	True	True	True	True	2	1	1	5	True	True	True
344	12	43.0	74	2	D	0	2.0	2	True	3	4	1	1	3/8	True	1	7	15	7	7b	5	43	False	True					False	39		V(4)	G	v		V(4)	V			4		M	False	True	(1, 0, 2)	()	1	1	major	minor	v	v, major	V		v	v	True	V	V, minor		V(4), minor		V	V	5		1	2	2	3	3	A	A	D	D	major triad	0	True	True	True	True	True	1	0	0	1	True	False	False
356	4	44.5	73	7	C	1	3.5	0	False	3	4	1	1	1/8	True	1	7	15	7	7b	5	89/2	False	False					False	40		V	G	v		V	V					M	False	True	(1, 5, 2)	()	1	1	major	minor	v	v, major	V		v	v	True	V	V, minor		V, minor		V	V	5		1	2	2	3	3	A	A	D	D	major triad	0	True	True	True	True	True	6	5	5	#7	True	False	False
360	12	45.0	38	2	D	0	1.0	1	True	3	4	2	1	3/8	True	1	9	16	8	8b	2	45	False	True	PAC	PAC		}	True	41	2	I|PAC}	G	v		I	I					M	False	True	(0, 4, 1)	()	0	0	major	minor	v	v, major	I		v	v	True	I	I, minor		I, minor		I	I	1		1	2	2	2	2	D	D	D	D	major triad	0	True	True	True	True	True	1	0	0	1	True	True	True
360	24	45.0	74	2	D	0	1.0	1	True	3	4	1	1	3/4	True	1	9	16	8	8b	5	45	False	True	PAC	PAC		}	True	41	2	I|PAC}	G	v		I	I					M	False	True	(0, 4, 1)	()	0	0	major	minor	v	v, major	I		v	v	True	I	I, minor		I, minor		I	I	1		1	2	2	2	2	D	D	D	D	major triad	0	True	True	True	True	True	1	0	0	1	True	True	True
372	4	46.5	57	3	A	0	2.5	0	False	3	4	2	1	1/8	True	1	9	16	8	8b	3	93/2	False	False					False	41	2	I|PAC}	G	v		I	I					M	False	True	(0, 4, 1)	()	0	0	major	minor	v	v, major	I		v	v	True	I	I, minor		I, minor		I	I	1		1	2	2	2	2	D	D	D	D	major triad	0	True	True	True	True	True	2	1	1	5	True	False	False
376	4	47.0	59	5	B	0	3.0	3	True	3	4	2	1	1/8	True	1	9	16	8	8b	3	47	False	False					False	41	2	I|PAC}	G	v		I	I					M	False	True	(0, 4, 1)	()	0	0	major	minor	v	v, major	I		v	v	True	I	I, minor		I, minor		I	I	1		1	2	2	2	2	D	D	D	D	major triad	0	True	True	True	True	True	4	3	3	#6	False	False	False
380	4	47.5	60	0	C	0	3.5	0	False	3	4	2	1	1/8	True	1	9	16	8	8b	4	95/2	False	False					False	41	2	I|PAC}	G	v		I	I					M	False	True	(0, 4, 1)	()	0	0	major	minor	v	v, major	I		v	v	True	I	I, minor		I, minor		I	I	1		1	2	2	2	2	D	D	D	D	major triad	0	True	True	True	True	True	-1	-2	-2	7	False	False	False
384	16	48.0	62	2	D	0	1.0	1	True	3	4	2	1	1/2	True	1	10	17	9	9a	4	48	True	True				{	False	42		I.V{	G	I		V	V					M	False	False	(1, 5, 2)	()	1	1	major	major	I	I, major	V		I	I	False	V	V, major		V, major		V	V	5		1	1	1	2	2	D	D	G	G	major triad	0	True	True	True	True	True	1	1	1	5	True	True	True
384	8	48.0	78	6	F	1	1.0	1	True	3	4	1	1	1/4	True	1	10	17	9	9a	5	48	True	True				{	False	42		I.V{	G	I		V	V					M	False	False	(1, 5, 2)	()	1	1	major	major	I	I, major	V		I	I	False	V	V, major		V, major		V	V	5		1	1	1	2	2	D	D	G	G	major triad	0	True	True	True	True	True	5	5	5	7	True	False	False
392	8	49.0	79	1	G	0	2.0	2	True	3	4	1	1	1/4	True	1	10	17	9	9a	5	49	False	True					False	43		IV64	G	I		IV64	IV		64			M	False	False	(0, -1, 3)	()	-1	0	major	major	I	I, major	IV		I	I	False	IV64	IV64, major		IV64, major		IV	IV	4		1	1	1	0	1	C	G	G	G	major triad	2	True	True	True	True	True	0	0	0	1	True	False	True
400	8	50.0	60	0	C	0	3.0	3	True	3	4	2	1	1/4	True	1	10	17	9	9a	4	50	False	True					False	44		V2	G	I		V2	V		2			Mm7	False	False	(-1, 1, 5, 2)	()	1	-1	major	major	I	I, major	V		I	I	False	V2	V2, major		V2, major		V	V7	5		1	1	1	2	0	D	C	G	G	dominant seventh chord	3	True	True	True	True	True	-1	-1	-1	4	True	False	True
400	8	50.0	81	3	A	0	3.0	3	True	3	4	1	1	1/4	True	1	10	17	9	9a	5	50	False	True					False	44		V2	G	I		V2	V		2			Mm7	False	False	(-1, 1, 5, 2)	()	1	-1	major	major	I	I, major	V		I	I	False	V2	V2, major		V2, major		V	V7	5		1	1	1	2	0	D	C	G	G	dominant seventh chord	3	True	True	True	True	True	2	2	2	2	True	False	False
408	16	51.0	59	5	B	0	1.0	1	True	3	4	2	1	1/2	True	1	11	18	10	10a	3	51	False	True					False	45		I6	G	I		I6	I		6			M	False	False	(4, 1, 0)	()	0	4	major	major	I	I, major	I		I	I	False	I6	I6, major		I6, major		I	I	1		1	1	1	1	5	G	B	G	G	major triad	1	True	True	True	True	True	4	4	4	3	True	False	True
408	8	51.0	74	2	D	0	1.0	1	True	3	4	1	1	1/4	True	1	11	18	10	10a	5	51	False	True					False	45		I6	G	I		I6	I		6			M	False	False	(4, 1, 0)	()	0	4	major	major	I	I, major	I		I	I	False	I6	I6, major		I6, major		I	I	1		1	1	1	1	5	G	B	G	G	major triad	1	True	True	True	True	True	1	1	1	5	True	False	False
416	12	52.0	79	1	G	0	2.0	2	True	3	4	1	1	3/8	True	1	11	18	10	10a	5	52	False	False					False	45		I6	G	I		I6	I		6			M	False	False	(4, 1, 0)	()	0	4	major	major	I	I, major	I		I	I	False	I6	I6, major		I6, major		I	I	1		1	1	1	1	5	G	B	G	G	major triad	1	True	True	True	True	True	0	0	0	1	True	True	False
424	8	53.0	55	1	G	0	3.0	3	True	3	4	2	1	1/4	True	1	11	18	10	10a	3	53	False	True					False	46		IM7	G	I		IM7	I	M	7			MM7	False	False	(0, 4, 1, 5)	()	0	0	major	major	I	I, major	I		I	I	False	IM7	IM7, major		IM7, major		I	I7	1		1	1	1	1	1	G	G	G	G	major seventh chord	7	True	True	True	True	True	0	0	0	1	True	True	True
428	4	53.5	78	6	F	1	3.5	0	False	3	4	1	1	1/8	True	1	11	18	10	10a	5	107/2	False	False					False	46		IM7	G	I		IM7	I	M	7			MM7	False	False	(0, 4, 1, 5)	()	0	0	major	major	I	I, major	I		I	I	False	IM7	IM7, major		IM7, major		I	I7	1		1	1	1	1	1	G	G	G	G	major seventh chord	7	True	True	True	True	True	5	5	5	7	True	False	False
432	8	54.0	60	0	C	0	1.0	1	True	3	4	2	1	1/4	True	1	12	19	11	11a	4	54	False	True					False	47		IV	G	I		IV	IV					M	False	False	(-1, 3, 0)	()	-1	-1	major	major	I	I, major	IV		I	I	False	IV	IV, major		IV, major		IV	IV	4		1	1	1	0	0	C	C	G	G	major triad	0	True	True	True	True	True	-1	-1	-1	4	True	True	True
432	6	54.0	76	4	E	0	1.0	1	True	3	4	1	1	3/16	True	1	12	19	11	11a	5	54	False	True					False	47		IV	G	I		IV	IV					M	False	False	(-1, 3, 0)	()	-1	-1	major	major	I	I, major	IV		I	I	False	IV	IV, major		IV, major		IV	IV	4		1	1	1	0	0	C	C	G	G	major triad	0	True	True	True	True	True	3	3	3	6	True	False	False
438	1	54.75	78	6	F	1	1.75	0	False	3	4	1	1	1/32	True	1	12	19	11	11a	5	219/4	False	False					False	47		IV	G	I		IV	IV					M	False	False	(-1, 3, 0)	()	-1	-1	major	major	I	I, major	IV		I	I	False	IV	IV, major		IV, major		IV	IV	4		1	1	1	0	0	C	C	G	G	major triad	0	True	True	True	True	True	5	5	5	7	False	False	False
439	1	54.875	79	1	G	0	1.875	0	False	3	4	1	1	1/32	True	1	12	19	11	11a	5	439/8	False	False					False	47		IV	G	I		IV	IV					M	False	False	(-1, 3, 0)	()	-1	-1	major	major	I	I, major	IV		I	I	False	IV	IV, major		IV, major		IV	IV	4		1	1	1	0	0	C	C	G	G	major triad	0	True	True	True	True	True	0	0	0	1	True	False	False
440	8	55.0	57	3	A	0	2.0	2	True	3	4	2	1	1/4	True	1	12	19	11	11a	3	55	False	True					False	48		vi.ii%65	G	vi		ii%65	ii	%	65			%7	False	True	(-1, -4, 0, 2)	()	2	-1	major	minor	vi	vi, major	ii		vi	vi	True	ii%65	ii%65, minor		ii%65, minor		ii	ii%7	2		1	4	4	6	3	F#	A	E	E	half-diminished seventh chord	1	True	True	True	True	True	2	-1	-1	4	True	False	True
440	12	55.0	78	6	F	1	2.0	2	True	3	4	1	1	3/8	True	1	12	19	11	11a	5	55	False	True					False	48		vi.ii%65	G	vi		ii%65	ii	%	65			%7	False	True	(-1, -4, 0, 2)	()	2	-1	major	minor	vi	vi, major	ii		vi	vi	True	ii%65	ii%65, minor		ii%65, minor		ii	ii%7	2		1	4	4	6	3	F#	A	E	E	half-diminished seventh chord	1	True	True	True	True	True	5	2	2	2	True	True	False
448	8	56.0	54	6	F	1	3.0	3	True	3	4	2	1	1/4	True	1	12	19	11	11a	3	56	False	True					False	49		ii%7	G	vi		ii%7	ii	%	7			%7	False	True	(2, -1, -4, 0)	()	2	2	major	minor	vi	vi, major	ii		vi	vi	True	ii%7	ii%7, minor		ii%7, minor		ii	ii%7	2		1	4	4	6	6	F#	F#	E	E	half-diminished seventh chord	7	True	True	True	True	True	5	2	2	2	True	True	True
452	4	56.5	76	4	E	0	3.5	0	False	3	4	1	1	1/8	True	1	12	19	11	11a	5	113/2	False	False					False	49		ii%7	G	vi		ii%7	ii	%	7			%7	False	True	(2, -1, -4, 0)	()	2	2	major	minor	vi	vi, major	ii		vi	vi	True	ii%7	ii%7, minor		ii%7, minor		ii	ii%7	2		1	4	4	6	6	F#	F#	E	E	half-diminished seventh chord	7	True	True	True	True	True	3	0	0	1	True	False	False
456	8	57.0	59	5	B	0	1.0	1	True	3	4	2	1	1/4	True	1	13	20	12	12a	3	57	False	True	HC.CON	HC	CON	}	True	50		V|HC.CON}	G	vi		V	V					M	False	True	(1, 5, 2)	()	1	1	major	minor	vi	vi, major	V		vi	vi	True	V	V, minor		V, minor		V	V	5		1	4	4	5	5	B	B	E	E	major triad	0	True	True	True	True	True	4	1	1	5	True	True	True
456	16	57.0	75	9	D	1	1.0	1	True	3	4	1	1	1/2	True	1	13	20	12	12a	5	57	False	True	HC.CON	HC	CON	}	True	50		V|HC.CON}	G	vi		V	V					M	False	True	(1, 5, 2)	()	1	1	major	minor	vi	vi, major	V		vi	vi	True	V	V, minor		V, minor		V	V	5		1	4	4	5	5	B	B	E	E	major triad	0	True	True	True	True	True	8	5	5	#7	True	False	False
464	8	58.0	47	5	B	0	2.0	2	True	3	4	2	1	1/4	True	1	13	20	12	12a	2	58	False	False					False	50		V|HC.CON}	G	vi		V	V					M	False	True	(1, 5, 2)	()	1	1	major	minor	vi	vi, major	V		vi	vi	True	V	V, minor		V, minor		V	V	5		1	4	4	5	5	B	B	E	E	major triad	0	True	True	True	True	True	4	1	1	5	True	True	True
472	0	59.0	73	7	C	1	3.0	3	True	3	4	1	1	0	True	1	13	20	12	12a	5	59	False	False					False	50		V|HC.CON}	G	vi		V	V					M	False	True	(1, 5, 2)	()	1	1	major	minor	vi	vi, major	V		vi	vi	True	V	V, minor		V, minor		V	V	5		1	4	4	5	5	B	B	E	E	major triad	0	True	True	True	True	True	6	3	3	#6	False	False	False
472	4	59.0	59	5	B	0	3.0	3	True	3	4	2	1	1/8	True	1	13	20	12	12a	3	59	False	False					False	50		V|HC.CON}	G	vi		V	V					M	False	True	(1, 5, 2)	()	1	1	major	minor	vi	vi, major	V		vi	vi	True	V	V, minor		V, minor		V	V	5		1	4	4	5	5	B	B	E	E	major triad	0	True	True	True	True	True	4	1	1	5	True	True	True
472	8	59.0	71	5	B	0	3.0	3	True	3	4	1	1	1/4	True	1	13	20	12	12a	4	59	False	False					False	50		V|HC.CON}	G	vi		V	V					M	False	True	(1, 5, 2)	()	1	1	major	minor	vi	vi, major	V		vi	vi	True	V	V, minor		V, minor		V	V	5		1	4	4	5	5	B	B	E	E	major triad	0	True	True	True	True	True	4	1	1	5	True	True	True
476	4	59.5	57	3	A	0	3.5	0	False	3	4	2	1	1/8	True	1	13	20	12	12a	3	119/2	False	False					False	50		V|HC.CON}	G	vi		V	V					M	False	True	(1, 5, 2)	()	1	1	major	minor	vi	vi, major	V		vi	vi	True	V	V, minor		V, minor		V	V	5		1	4	4	5	5	B	B	E	E	major triad	0	True	True	True	True	True	2	-1	-1	4	False	False	False
480	8	60.0	56	8	G	1	1.0	1	True	3	4	2	1	1/4	True	1	14	21	13	13a	3	60	False	True				{	False	51		V6/iv{	G	vi		V6/iv	V		6		iv	M	False	True	(4, 1, 0)	()	0	4	major	minor	vi	vi, major	V/iv	iv	iv/vi	ii	True	V6/iv	V6/iv, minor		V6/iv, minor	iv	iv	V	5	4	1	4	3	4	8	E	G#	E	A	major triad	1	True	True	True	True	True	7	4	5	#3	True	False	True
484	4	60.5	71	5	B	0	1.5	0	False	3	4	1	1	1/8	True	1	14	21	13	13a	4	121/2	False	False					False	51		V6/iv{	G	vi		V6/iv	V		6		iv	M	False	True	(4, 1, 0)	()	0	4	major	minor	vi	vi, major	V/iv	iv	iv/vi	ii	True	V6/iv	V6/iv, minor		V6/iv, minor	iv	iv	V	5	4	1	4	3	4	8	E	G#	E	A	major triad	1	True	True	True	True	True	4	1	2	5	True	False	False
488	8	61.0	57	3	A	0	2.0	2	True	3	4	2	1	1/4	True	1	14	21	13	13a	3	61	False	True					False	52		IV	G	vi		IV	IV					M	False	True	(-1, 3, 0)	()	-1	-1	major	minor	vi	vi, major	IV		vi	vi	True	IV	IV, minor		IV, minor		IV	IV	4		1	4	4	3	3	A	A	E	E	major triad	0	True	True	True	True	True	2	-1	-1	4	True	True	True
488	12	61.0	73	7	C	1	2.0	2	True	3	4	1	1	3/8	True	1	14	21	13	13a	5	61	False	True					False	52		IV	G	vi		IV	IV					M	False	True	(-1, 3, 0)	()	-1	-1	major	minor	vi	vi, major	IV		vi	vi	True	IV	IV, minor		IV, minor		IV	IV	4		1	4	4	3	3	A	A	E	E	major triad	0	True	True	True	True	True	6	3	3	#6	True	False	False
496	8	62.0	54	6	F	1	3.0	3	True	3	4	2	1	1/4	True	1	14	21	13	13a	3	62	False	True					False	53		ii	G	vi		ii	ii					m	False	True	(2, -1, 3)	()	2	2	major	minor	vi	vi, major	ii		vi	vi	True	ii	ii, minor		ii, minor		ii	ii	2		1	4	4	6	6	F#	F#	E	E	minor triad	0	True	True	True	True	True	5	2	2	2	True	True	True
500	4	62.5	73	7	C	1	3.5	0	False	3	4	1	1	1/8	True	1	14	21	13	13a	5	125/2	False	False					False	53		ii	G	vi		ii	ii					m	False	True	(2, -1, 3)	()	2	2	major	minor	vi	vi, major	ii		vi	vi	True	ii	ii, minor		ii, minor		ii	ii	2		1	4	4	6	6	F#	F#	E	E	minor triad	0	True	True	True	True	True	6	3	3	#6	True	False	False
504	8	63.0	59	5	B	0	1.0	1	True	3	4	2	1	1/4	True	1	15	22	14	14a	3	63	False	True					False	54		V	G	vi		V	V					M	False	True	(1, 5, 2)	()	1	1	major	minor	vi	vi, major	V		vi	vi	True	V	V, minor		V, minor		V	V	5		1	4	4	5	5	B	B	E	E	major triad	0	True	True	True	True	True	4	1	1	5	True	True	True
504	12	63.0	75	9	D	1	1.0	1	True	3	4	1	1	3/8	True	1	15	22	14	14a	5	63	False	True					False	54		V	G	vi		V	V					M	False	True	(1, 5, 2)	()	1	1	major	minor	vi	vi, major	V		vi	vi	True	V	V, minor		V, minor		V	V	5		1	4	4	5	5	B	B	E	E	major triad	0	True	True	True	True	True	8	5	5	#7	True	False	False
512	8	64.0	52	4	E	0	2.0	2	True	3	4	2	1	1/4	True	1	15	22	14	14a	3	64	False	True					False	55		i	G	vi		i	i					m	False	True	(0, -3, 1)	()	0	0	major	minor	vi	vi, major	i		vi	vi	True	i	i, minor		i, minor		i	i	1		1	4	4	4	4	E	E	E	E	minor triad	0	True	True	True	True	True	3	0	0	1	True	True	True
516	4	64.5	76	4	E	0	2.5	0	False	3	4	1	1	1/8	True	1	15	22	14	14a	5	129/2	False	False					False	55		i	G	vi		i	i					m	False	True	(0, -3, 1)	()	0	0	major	minor	vi	vi, major	i		vi	vi	True	i	i, minor		i, minor		i	i	1		1	4	4	4	4	E	E	E	E	minor triad	0	True	True	True	True	True	3	0	0	1	True	True	True
520	8	65.0	51	9	D	1	3.0	3	True	3	4	2	1	1/4	True	1	15	22	14	14a	3	65	False	True					False	56		V65	G	vi		V65	V		65			Mm7	False	True	(5, 2, -1, 1)	()	1	5	major	minor	vi	vi, major	V		vi	vi	True	V65	V65, minor		V65, minor		V	V7	5		1	4	4	5	9	B	D#	E	E	dominant seventh chord	1	True	True	True	True	True	8	5	5	#7	True	False	True
520	8	65.0	78	6	F	1	3.0	3	True	3	4	1	1	1/4	True	1	15	22	14	14a	5	65	False	True					False	56		V65	G	vi		V65	V		65			Mm7	False	True	(5, 2, -1, 1)	()	1	5	major	minor	vi	vi, major	V		vi	vi	True	V65	V65, minor		V65, minor		V	V7	5		1	4	4	5	9	B	D#	E	E	dominant seventh chord	1	True	True	True	True	True	5	2	2	2	True	False	False
528	8	66.0	52	4	E	0	1.0	1	True	3	4	2	1	1/4	True	1	16	23	15	15a	3	66	False	True					False	57		i	G	vi		i	i					m	False	True	(0, -3, 1)	()	0	0	major	minor	vi	vi, major	i		vi	vi	True	i	i, minor		i, minor		i	i	1		1	4	4	4	4	E	E	E	E	minor triad	0	True	True	True	True	True	3	0	0	1	True	True	True
528	4	66.0	79	1	G	0	1.0	1	True	3	4	1	1	1/8	True	1	16	23	15	15a	5	66	False	True					False	57		i	G	vi		i	i					m	False	True	(0, -3, 1)	()	0	0	major	minor	vi	vi, major	i		vi	vi	True	i	i, minor		i, minor		i	i	1		1	4	4	4	4	E	E	E	E	minor triad	0	True	True	True	True	True	0	-3	-3	3	True	False	False
532	4	66.5	76	4	E	0	1.5	0	False	3	4	1	1	1/8	True	1	16	23	15	15a	5	133/2	False	False					False	57		i	G	vi		i	i					m	False	True	(0, -3, 1)	()	0	0	major	minor	vi	vi, major	i		vi	vi	True	i	i, minor		i, minor		i	i	1		1	4	4	4	4	E	E	E	E	minor triad	0	True	True	True	True	True	3	0	0	1	True	True	True
536	8	67.0	59	5	B	0	2.0	2	True	3	4	2	1	1/4	True	1	16	23	15	15a	3	67	False	True					False	58		V(4)	G	vi		V(4)	V			4		M	False	True	(1, 0, 2)	()	1	1	major	minor	vi	vi, major	V		vi	vi	True	V	V, minor		V(4), minor		V	V	5		1	4	4	5	5	B	B	E	E	major triad	0	True	True	True	True	True	4	1	1	5	True	True	True
536	12	67.0	76	4	E	0	2.0	2	True	3	4	1	1	3/8	True	1	16	23	15	15a	5	67	False	True					False	58		V(4)	G	vi		V(4)	V			4		M	False	True	(1, 0, 2)	()	1	1	major	minor	vi	vi, major	V		vi	vi	True	V	V, minor		V(4), minor		V	V	5		1	4	4	5	5	B	B	E	E	major triad	0	True	True	True	True	True	3	0	0	1	True	False	False
544	8	68.0	47	5	B	0	3.0	3	True	3	4	2	1	1/4	True	1	16	23	15	15a	2	68	False	False					False	58		V(4)	G	vi		V(4)	V			4		M	False	True	(1, 0, 2)	()	1	1	major	minor	vi	vi, major	V		vi	vi	True	V	V, minor		V(4), minor		V	V	5		1	4	4	5	5	B	B	E	E	major triad	0	True	True	True	True	True	4	1	1	5	True	True	True
548	4	68.5	75	9	D	1	3.5	0	False	3	4	1	1	1/8	True	1	16	23	15	15a	5	137/2	False	True					False	59		V	G	vi		V	V					M	False	True	(1, 5, 2)	()	1	1	major	minor	vi	vi, major	V		vi	vi	True	V	V, minor		V, minor		V	V	5		1	4	4	5	5	B	B	E	E	major triad	0	True	True	True	True	True	8	5	5	#7	True	False	False
552	0	69.0	74	2	D	0	1.0	1	True	3	4	1	1	0	True	1	17	24	16	16a	5	69	False	True	DC	DC		}	True	60		VI|DC}	G	vi		VI	VI					M	False	True	(-4, 0, -3)	()	-4	-4	major	minor	vi	vi, major	VI		vi	vi	True	VI	VI, minor		VI, minor		VI	VI	6		1	4	4	0	0	C	C	E	E	major triad	0	True	True	True	True	True	1	-2	-2	7	False	False	False
552	8	69.0	48	0	C	0	1.0	1	True	3	4	2	1	1/4	True	1	17	24	16	16a	3	69	False	True	DC	DC		}	True	60		VI|DC}	G	vi		VI	VI					M	False	True	(-4, 0, -3)	()	-4	-4	major	minor	vi	vi, major	VI		vi	vi	True	VI	VI, minor		VI, minor		VI	VI	6		1	4	4	0	0	C	C	E	E	major triad	0	True	True	True	True	True	-1	-4	-4	6	True	True	True
552	16	69.0	76	4	E	0	1.0	1	True	3	4	1	1	1/2	True	1	17	24	16	16a	5	69	False	True	DC	DC		}	True	60		VI|DC}	G	vi		VI	VI					M	False	True	(-4, 0, -3)	()	-4	-4	major	minor	vi	vi, major	VI		vi	vi	True	VI	VI, minor		VI, minor		VI	VI	6		1	4	4	0	0	C	C	E	E	major triad	0	True	True	True	True	True	3	0	0	1	True	False	False
560	8	70.0	64	4	E	0	2.0	2	True	3	4	2	1	1/4	True	1	17	24	16	16a	4	70	False	False					False	60		VI|DC}	G	vi		VI	VI					M	False	True	(-4, 0, -3)	()	-4	-4	major	minor	vi	vi, major	VI		vi	vi	True	VI	VI, minor		VI, minor		VI	VI	6		1	4	4	0	0	C	C	E	E	major triad	0	True	True	True	True	True	3	0	0	1	True	False	False
568	8	71.0	62	2	D	0	3.0	3	True	3	4	2	1	1/4	True	1	17	24	16	16a	4	71	False	False					False	60		VI|DC}	G	vi		VI	VI					M	False	True	(-4, 0, -3)	()	-4	-4	major	minor	vi	vi, major	VI		vi	vi	True	VI	VI, minor		VI, minor		VI	VI	6		1	4	4	0	0	C	C	E	E	major triad	0	True	True	True	True	True	1	-2	-2	7	False	False	False
576	16	72.0	60	0	C	0	1.0	1	True	3	4	2	1	1/2	True	1	18	25	17	17a	4	72	False	True				{	False	61		I.IV{	G	I		IV	IV					M	False	False	(-1, 3, 0)	()	-1	-1	major	major	I	I, major	IV		I	I	False	IV	IV, major		IV, major		IV	IV	4		1	1	1	0	0	C	C	G	G	major triad	0	True	True	True	True	True	-1	-1	-1	4	True	True	True
576	8	72.0	76	4	E	0	1.0	1	True	3	4	1	1	1/4	True	1	18	25	17	17a	5	72	False	True				{	False	61		I.IV{	G	I		IV	IV					M	False	False	(-1, 3, 0)	()	-1	-1	major	major	I	I, major	IV		I	I	False	IV	IV, major		IV, major		IV	IV	4		1	1	1	0	0	C	C	G	G	major triad	0	True	True	True	True	True	3	3	3	6	True	False	False
584	8	73.0	78	6	F	1	2.0	2	True	3	4	1	1	1/4	True	1	18	25	17	17a	5	73	False	True					False	62		V2	G	I		V2	V		2			Mm7	False	False	(-1, 1, 5, 2)	()	1	-1	major	major	I	I, major	V		I	I	False	V2	V2, major		V2, major		V	V7	5		1	1	1	2	0	D	C	G	G	dominant seventh chord	3	True	True	True	True	True	5	5	5	7	True	False	False
592	8	74.0	59	5	B	0	3.0	3	True	3	4	2	1	1/4	True	1	18	25	17	17a	3	74	False	True					False	63		I6	G	I		I6	I		6			M	False	False	(4, 1, 0)	()	0	4	major	major	I	I, major	I		I	I	False	I6	I6, major		I6, major		I	I	1		1	1	1	1	5	G	B	G	G	major triad	1	True	True	True	True	True	4	4	4	3	True	False	True
592	8	74.0	79	1	G	0	3.0	3	True	3	4	1	1	1/4	True	1	18	25	17	17a	5	74	False	True					False	63		I6	G	I		I6	I		6			M	False	False	(4, 1, 0)	()	0	4	major	major	I	I, major	I		I	I	False	I6	I6, major		I6, major		I	I	1		1	1	1	1	5	G	B	G	G	major triad	1	True	True	True	True	True	0	0	0	1	True	True	False
600	16	75.0	57	3	A	0	1.0	1	True	3	4	2	1	1/2	True	1	19	26	18	18a	3	75	False	True					False	64		ii7	G	I		ii7	ii		7			mm7	False	False	(2, -1, 3, 0)	()	2	2	major	major	I	I, major	ii		I	I	False	ii7	ii7, major		ii7, major		ii	ii7	2		1	1	1	3	3	A	A	G	G	minor seventh chord	7	True	True	True	True	True	2	2	2	2	True	True	True
600	8	75.0	72	0	C	0	1.0	1	True	3	4	1	1	1/4	True	1	19	26	18	18a	5	75	False	True					False	64		ii7	G	I		ii7	ii		7			mm7	False	False	(2, -1, 3, 0)	()	2	2	major	major	I	I, major	ii		I	I	False	ii7	ii7, major		ii7, major		ii	ii7	2		1	1	1	3	3	A	A	G	G	minor seventh chord	7	True	True	True	True	True	-1	-1	-1	4	True	False	False
608	8	76.0	74	2	D	0	2.0	2	True	3	4	1	1	1/4	True	1	19	26	18	18a	5	76	False	True					False	65		V43	G	I		V43	V		43			Mm7	False	False	(2, -1, 1, 5)	()	1	2	major	major	I	I, major	V		I	I	False	V43	V43, major		V43, major		V	V7	5		1	1	1	2	3	D	A	G	G	dominant seventh chord	2	True	True	True	True	True	1	1	1	5	True	True	False
616	8	77.0	55	1	G	0	3.0	3	True	3	4	2	1	1/4	True	1	19	26	18	18a	3	77	False	True					False	66		IV64	G	I		IV64	IV		64			M	False	False	(0, -1, 3)	()	-1	0	major	major	I	I, major	IV		I	I	False	IV64	IV64, major		IV64, major		IV	IV	4		1	1	1	0	1	C	G	G	G	major triad	2	True	True	True	True	True	0	0	0	1	True	False	True
616	8	77.0	76	4	E	0	3.0	3	True	3	4	1	1	1/4	True	1	19	26	18	18a	5	77	False	True					False	66		IV64	G	I		IV64	IV		64			M	False	False	(0, -1, 3)	()	-1	0	major	major	I	I, major	IV		I	I	False	IV64	IV64, major		IV64, major		IV	IV	4		1	1	1	0	1	C	G	G	G	major triad	2	True	True	True	True	True	3	3	3	6	True	False	False
624	8	78.0	54	6	F	1	1.0	1	True	3	4	2	1	1/4	True	1	20	27	19	19a	3	78	False	True					False	67		V65	G	I		V65	V		65			Mm7	False	False	(5, 2, -1, 1)	()	1	5	major	major	I	I, major	V		I	I	False	V65	V65, major		V65, major		V	V7	5		1	1	1	2	6	D	F#	G	G	dominant seventh chord	1	True	True	True	True	True	5	5	5	7	True	False	True
624	8	78.0	69	3	A	0	1.0	1	True	3	4	1	1	1/4	True	1	20	27	19	19a	4	78	False	True					False	67		V65	G	I		V65	V		65			Mm7	False	False	(5, 2, -1, 1)	()	1	5	major	major	I	I, major	V		I	I	False	V65	V65, major		V65, major		V	V7	5		1	1	1	2	6	D	F#	G	G	dominant seventh chord	1	True	True	True	True	True	2	2	2	2	True	False	False
632	4	79.0	55	1	G	0	2.0	2	True	3	4	2	1	1/8	True	1	20	27	19	19a	3	79	False	True					False	68		I	G	I		I	I					M	False	False	(0, 4, 1)	()	0	0	major	major	I	I, major	I		I	I	False	I	I, major		I, major		I	I	1		1	1	1	1	1	G	G	G	G	major triad	0	True	True	True	True	True	0	0	0	1	True	True	True
632	12	79.0	71	5	B	0	2.0	2	True	3	4	1	1	3/8	True	1	20	27	19	19a	4	79	False	True					False	68		I	G	I		I	I					M	False	False	(0, 4, 1)	()	0	0	major	major	I	I, major	I		I	I	False	I	I, major		I, major		I	I	1		1	1	1	1	1	G	G	G	G	major triad	0	True	True	True	True	True	4	4	4	3	True	False	False
636	4	79.5	54	6	F	1	2.5	0	False	3	4	2	1	1/8	True	1	20	27	19	19a	3	159/2	False	False					False	68		I	G	I		I	I					M	False	False	(0, 4, 1)	()	0	0	major	major	I	I, major	I		I	I	False	I	I, major		I, major		I	I	1		1	1	1	1	1	G	G	G	G	major triad	0	True	True	True	True	True	5	5	5	7	False	False	False
640	8	80.0	52	4	E	0	3.0	3	True	3	4	2	1	1/4	True	1	20	27	19	19a	3	80	False	True					False	69		IV6	G	I		IV6	IV		6			M	False	False	(3, 0, -1)	()	-1	3	major	major	I	I, major	IV		I	I	False	IV6	IV6, major		IV6, major		IV	IV	4		1	1	1	0	4	C	E	G	G	major triad	1	True	True	True	True	True	3	3	3	6	True	False	True
644	4	80.5	72	0	C	0	3.5	0	False	3	4	1	1	1/8	True	1	20	27	19	19a	5	161/2	False	False					False	69		IV6	G	I		IV6	IV		6			M	False	False	(3, 0, -1)	()	-1	3	major	major	I	I, major	IV		I	I	False	IV6	IV6, major		IV6, major		IV	IV	4		1	1	1	0	4	C	E	G	G	major triad	1	True	True	True	True	True	-1	-1	-1	4	True	True	False
648	8	81.0	47	5	B	0	1.0	1	True	3	4	2	1	1/4	True	1	21	28	20	20a	2	81	False	True					False	70		I6	G	I		I6	I		6			M	False	False	(4, 1, 0)	()	0	4	major	major	I	I, major	I		I	I	False	I6	I6, major		I6, major		I	I	1		1	1	1	1	5	G	B	G	G	major triad	1	True	True	True	True	True	4	4	4	3	True	False	True
648	16	81.0	74	2	D	0	1.0	1	True	3	4	1	1	1/2	True	1	21	28	20	20a	5	81	False	True					False	70		I6	G	I		I6	I		6			M	False	False	(4, 1, 0)	()	0	4	major	major	I	I, major	I		I	I	False	I6	I6, major		I6, major		I	I	1		1	1	1	1	5	G	B	G	G	major triad	1	True	True	True	True	True	1	1	1	5	True	False	False
656	8	82.0	48	0	C	0	2.0	2	True	3	4	2	1	1/4	True	1	21	28	20	20a	3	82	False	False					False	70		I6	G	I		I6	I		6			M	False	False	(4, 1, 0)	()	0	4	major	major	I	I, major	I		I	I	False	I6	I6, major		I6, major		I	I	1		1	1	1	1	5	G	B	G	G	major triad	1	True	True	True	True	True	-1	-1	-1	4	False	False	False
664	0	83.0	69	3	A	0	3.0	3	True	3	4	1	1	0	True	1	21	28	20	20a	4	83	False	True	HC	HC		}	True	71		V|HC}	G	I		V	V					M	False	False	(1, 5, 2)	()	1	1	major	major	I	I, major	V		I	I	False	V	V, major		V, major		V	V	5		1	1	1	2	2	D	D	G	G	major triad	0	True	True	True	True	True	2	2	2	2	True	False	False
664	8	83.0	50	2	D	0	3.0	3	True	3	4	2	1	1/4	True	1	21	28	20	20a	3	83	False	True	HC	HC		}	True	71		V|HC}	G	I		V	V					M	False	False	(1, 5, 2)	()	1	1	major	major	I	I, major	V		I	I	False	V	V, major		V, major		V	V	5		1	1	1	2	2	D	D	G	G	major triad	0	True	True	True	True	True	1	1	1	5	True	True	True
664	8	83.0	69	3	A	0	3.0	3	True	3	4	1	1	1/4	True	1	21	28	20	20a	4	83	False	True	HC	HC		}	True	71		V|HC}	G	I		V	V					M	False	False	(1, 5, 2)	()	1	1	major	major	I	I, major	V		I	I	False	V	V, major		V, major		V	V	5		1	1	1	2	2	D	D	G	G	major triad	0	True	True	True	True	True	2	2	2	2	True	False	False
672	8	84.0	43	1	G	0	1.0	1	True	3	4	2	1	1/4	True	1	22	29	21	21a	2	84	False	True				{	False	72		I{	G	I		I	I					M	False	False	(0, 4, 1)	()	0	0	major	major	I	I, major	I		I	I	False	I	I, major		I, major		I	I	1		1	1	1	1	1	G	G	G	G	major triad	0	True	True	True	True	True	0	0	0	1	True	True	True
672	8	84.0	71	5	B	0	1.0	1	True	3	4	1	1	1/4	True	1	22	29	21	21a	4	84	False	True				{	False	72		I{	G	I		I	I					M	False	False	(0, 4, 1)	()	0	0	major	major	I	I, major	I		I	I	False	I	I, major		I, major		I	I	1		1	1	1	1	1	G	G	G	G	major triad	0	True	True	True	True	True	4	4	4	3	True	False	False
680	8	85.0	45	3	A	0	2.0	2	True	3	4	2	1	1/4	True	1	22	29	21	21a	2	85	False	True					False	73		V43	G	I		V43	V		43			Mm7	False	False	(2, -1, 1, 5)	()	1	2	major	major	I	I, major	V		I	I	False	V43	V43, major		V43, major		V	V7	5		1	1	1	2	3	D	A	G	G	dominant seventh chord	2	True	True	True	True	True	2	2	2	2	True	False	True
680	8	85.0	72	0	C	0	2.0	2	True	3	4	1	1	1/4	True	1	22	29	21	21a	5	85	False	True					False	73		V43	G	I		V43	V		43			Mm7	False	False	(2, -1, 1, 5)	()	1	2	major	major	I	I, major	V		I	I	False	V43	V43, major		V43, major		V	V7	5		1	1	1	2	3	D	A	G	G	dominant seventh chord	2	True	True	True	True	True	-1	-1	-1	4	True	False	False
688	8	86.0	47	5	B	0	3.0	3	True	3	4	2	1	1/4	True	1	22	29	21	21a	2	86	False	True					False	74		I6	G	I		I6	I		6			M	False	False	(4, 1, 0)	()	0	4	major	major	I	I, major	I		I	I	False	I6	I6, major		I6, major		I	I	1		1	1	1	1	5	G	B	G	G	major triad	1	True	True	True	True	True	4	4	4	3	True	False	True
688	8	86.0	74	2	D	0	3.0	3	True	3	4	1	1	1/4	True	1	22	29	21	21a	5	86	False	True					False	74		I6	G	I		I6	I		6			M	False	False	(4, 1, 0)	()	0	4	major	major	I	I, major	I		I	I	False	I6	I6, major		I6, major		I	I	1		1	1	1	1	5	G	B	G	G	major triad	1	True	True	True	True	True	1	1	1	5	True	False	False
696	8	87.0	48	0	C	0	1.0	1	True	3	4	2	1	1/4	True	1	23	30	22	22a	3	87	False	True					False	75		ii65	G	I		ii65	ii		65			mm7	False	False	(-1, 3, 0, 2)	()	2	-1	major	major	I	I, major	ii		I	I	False	ii65	ii65, major		ii65, major		ii	ii7	2		1	1	1	3	0	A	C	G	G	minor seventh chord	1	True	True	True	True	True	-1	-1	-1	4	True	False	True
696	8	87.0	76	4	E	0	1.0	1	True	3	4	1	1	1/4	True	1	23	30	22	22a	5	87	False	True					False	75		ii65	G	I		ii65	ii		65			mm7	False	False	(-1, 3, 0, 2)	()	2	-1	major	major	I	I, major	ii		I	I	False	ii65	ii65, major		ii65, major		ii	ii7	2		1	1	1	3	0	A	C	G	G	minor seventh chord	1	True	True	True	True	True	3	3	3	6	True	False	False
704	8	88.0	50	2	D	0	2.0	2	True	3	4	2	1	1/4	True	1	23	30	22	22a	3	88	False	True					False	76		V	G	I		V	V					M	False	False	(1, 5, 2)	()	1	1	major	major	I	I, major	V		I	I	False	V	V, major		V, major		V	V	5		1	1	1	2	2	D	D	G	G	major triad	0	True	True	True	True	True	1	1	1	5	True	True	True
704	8	88.0	78	6	F	1	2.0	2	True	3	4	1	1	1/4	True	1	23	30	22	22a	5	88	False	True					False	76		V	G	I		V	V					M	False	False	(1, 5, 2)	()	1	1	major	major	I	I, major	V		I	I	False	V	V, major		V, major		V	V	5		1	1	1	2	2	D	D	G	G	major triad	0	True	True	True	True	True	5	5	5	7	True	False	False
712	8	89.0	52	4	E	0	3.0	3	True	3	4	2	1	1/4	True	1	23	30	22	22a	3	89	False	True					False	77		IV6	G	I		IV6	IV		6			M	False	False	(3, 0, -1)	()	-1	3	major	major	I	I, major	IV		I	I	False	IV6	IV6, major		IV6, major		IV	IV	4		1	1	1	0	4	C	E	G	G	major triad	1	True	True	True	True	True	3	3	3	6	True	False	True
712	8	89.0	79	1	G	0	3.0	3	True	3	4	1	1	1/4	True	1	23	30	22	22a	5	89	False	True					False	77		IV6	G	I		IV6	IV		6			M	False	False	(3, 0, -1)	()	-1	3	major	major	I	I, major	IV		I	I	False	IV6	IV6, major		IV6, major		IV	IV	4		1	1	1	0	4	C	E	G	G	major triad	1	True	True	True	True	True	0	0	0	1	True	False	False
720	4	90.0	54	6	F	1	1.0	1	True	3	4	2	1	1/8	True	1	24	31	23	23a	3	90	False	True					False	78		V65	G	I		V65	V		65			Mm7	False	False	(5, 2, -1, 1)	()	1	5	major	major	I	I, major	V		I	I	False	V65	V65, major		V65, major		V	V7	5		1	1	1	2	6	D	F#	G	G	dominant seventh chord	1	True	True	True	True	True	5	5	5	7	True	False	True
720	4	90.0	72	0	C	0	1.0	1	True	3	4	1	1	1/8	True	1	24	31	23	23a	5	90	False	True					False	78		V65	G	I		V65	V		65			Mm7	False	False	(5, 2, -1, 1)	()	1	5	major	major	I	I, major	V		I	I	False	V65	V65, major		V65, major		V	V7	5		1	1	1	2	6	D	F#	G	G	dominant seventh chord	1	True	True	True	True	True	-1	-1	-1	4	True	False	False
724	4	90.5	55	1	G	0	1.5	0	False	3	4	2	1	1/8	True	1	24	31	23	23a	3	181/2	False	True					False	79		I	G	I		I	I					M	False	False	(0, 4, 1)	()	0	0	major	major	I	I, major	I		I	I	False	I	I, major		I, major		I	I	1		1	1	1	1	1	G	G	G	G	major triad	0	True	True	True	True	True	0	0	0	1	True	True	True
724	4	90.5	71	5	B	0	1.5	0	False	3	4	1	1	1/8	True	1	24	31	23	23a	4	181/2	False	True					False	79		I	G	I		I	I					M	False	False	(0, 4, 1)	()	0	0	major	major	I	I, major	I		I	I	False	I	I, major		I, major		I	I	1		1	1	1	1	1	G	G	G	G	major triad	0	True	True	True	True	True	4	4	4	3	True	False	False
728	8	91.0	50	2	D	0	2.0	2	True	3	4	2	1	1/4	True	1	24	31	23	23a	3	91	False	True					False	80		V(4)	G	I		V(4)	V			4		M	False	False	(1, 0, 2)	()	1	1	major	major	I	I, major	V		I	I	False	V	V, major		V(4), major		V	V	5		1	1	1	2	2	D	D	G	G	major triad	0	True	True	True	True	True	1	1	1	5	True	True	True
728	12	91.0	69	3	A	0	2.0	2	True	3	4	1	1	3/8	True	1	24	31	23	23a	4	91	False	True					False	80		V(4)	G	I		V(4)	V			4		M	False	False	(1, 0, 2)	()	1	1	major	major	I	I, major	V		I	I	False	V	V, major		V(4), major		V	V	5		1	1	1	2	2	D	D	G	G	major triad	0	True	True	True	True	True	2	2	2	2	True	False	False
736	8	92.0	38	2	D	0	3.0	3	True	3	4	2	1	1/4	True	1	24	31	23	23a	2	92	False	True					False	81		V7	G	I		V7	V		7			Mm7	False	False	(1, 5, 2, -1)	()	1	1	major	major	I	I, major	V		I	I	False	V7	V7, major		V7, major		V	V7	5		1	1	1	2	2	D	D	G	G	dominant seventh chord	7	True	True	True	True	True	1	1	1	5	True	True	True
740	4	92.5	67	1	G	0	3.5	0	False	3	4	1	1	1/8	True	1	24	31	23	23a	4	185/2	False	False					False	81		V7	G	I		V7	V		7			Mm7	False	False	(1, 5, 2, -1)	()	1	1	major	major	I	I, major	V		I	I	False	V7	V7, major		V7, major		V	V7	5		1	1	1	2	2	D	D	G	G	dominant seventh chord	7	True	True	True	True	True	0	0	0	1	False	False	False
744	8	93.0	43	1	G	0	1.0	1	True	3	4	2	1	1/4	True	1	25	32	24	24a	2	93	False	True	PAC	PAC		}	True	82	1	I|PAC}	G	I		I	I					M	False	False	(0, 4, 1)	()	0	0	major	major	I	I, major	I		I	I	False	I	I, major		I, major		I	I	1		1	1	1	1	1	G	G	G	G	major triad	0	True	True	True	True	True	0	0	0	1	True	True	True
744	24	93.0	67	1	G	0	1.0	1	True	3	4	1	1	3/4	True	1	25	32	24	24a	4	93	False	True	PAC	PAC		}	True	82	1	I|PAC}	G	I		I	I					M	False	False	(0, 4, 1)	()	0	0	major	major	I	I, major	I		I	I	False	I	I, major		I, major		I	I	1		1	1	1	1	1	G	G	G	G	major triad	0	True	True	True	True	True	0	0	0	1	True	True	True
752	4	94.0	55	1	G	0	2.0	2	True	3	4	2	1	1/8	True	1	25	32	24	24a	3	94	False	False					False	82	1	I|PAC}	G	I		I	I					M	False	False	(0, 4, 1)	()	0	0	major	major	I	I, major	I		I	I	False	I	I, major		I, major		I	I	1		1	1	1	1	1	G	G	G	G	major triad	0	True	True	True	True	True	0	0	0	1	True	True	True
756	4	94.5	57	3	A	0	2.5	0	False	3	4	2	1	1/8	True	1	25	32	24	24a	3	189/2	False	False					False	82	1	I|PAC}	G	I		I	I					M	False	False	(0, 4, 1)	()	0	0	major	major	I	I, major	I		I	I	False	I	I, major		I, major		I	I	1		1	1	1	1	1	G	G	G	G	major triad	0	True	True	True	True	True	2	2	2	2	False	False	False
760	4	95.0	59	5	B	0	3.0	3	True	3	4	2	1	1/8	True	1	25	32	24	24a	3	95	False	False					False	82	1	I|PAC}	G	I		I	I					M	False	False	(0, 4, 1)	()	0	0	major	major	I	I, major	I		I	I	False	I	I, major		I, major		I	I	1		1	1	1	1	1	G	G	G	G	major triad	0	True	True	True	True	True	4	4	4	3	True	False	False
764	4	95.5	55	1	G	0	3.5	0	False	3	4	2	1	1/8	True	1	25	32	24	24a	3	191/2	False	False					False	82	1	I|PAC}	G	I		I	I					M	False	False	(0, 4, 1)	()	0	0	major	major	I	I, major	I		I	I	False	I	I, major		I, major		I	I	1		1	1	1	1	1	G	G	G	G	major triad	0	True	True	True	True	True	0	0	0	1	True	True	True
768	16	96.0	62	2	D	0	1.0	1	True	3	4	2	1	1/2	True	1	10	33	9	9b	4	96	True	True				{	False	83		I.V{	G	I		V	V					M	False	False	(1, 5, 2)	()	1	1	major	major	I	I, major	V		I	I	False	V	V, major		V, major		V	V	5		1	1	1	2	2	D	D	G	G	major triad	0	True	True	True	True	True	1	1	1	5	True	True	True
768	8	96.0	78	6	F	1	1.0	1	True	3	4	1	1	1/4	True	1	10	33	9	9b	5	96	True	True				{	False	83		I.V{	G	I		V	V					M	False	False	(1, 5, 2)	()	1	1	major	major	I	I, major	V		I	I	False	V	V, major		V, major		V	V	5		1	1	1	2	2	D	D	G	G	major triad	0	True	True	True	True	True	5	5	5	7	True	False	False
776	8	97.0	79	1	G	0	2.0	2	True	3	4	1	1	1/4	True	1	10	33	9	9b	5	97	False	True					False	84		IV64	G	I		IV64	IV		64			M	False	False	(0, -1, 3)	()	-1	0	major	major	I	I, major	IV		I	I	False	IV64	IV64, major		IV64, major		IV	IV	4		1	1	1	0	1	C	G	G	G	major triad	2	True	True	True	True	True	0	0	0	1	True	False	True
784	8	98.0	60	0	C	0	3.0	3	True	3	4	2	1	1/4	True	1	10	33	9	9b	4	98	False	True					False	85		V2	G	I		V2	V		2			Mm7	False	False	(-1, 1, 5, 2)	()	1	-1	major	major	I	I, major	V		I	I	False	V2	V2, major		V2, major		V	V7	5		1	1	1	2	0	D	C	G	G	dominant seventh chord	3	True	True	True	True	True	-1	-1	-1	4	True	False	True
784	8	98.0	81	3	A	0	3.0	3	True	3	4	1	1	1/4	True	1	10	33	9	9b	5	98	False	True					False	85		V2	G	I		V2	V		2			Mm7	False	False	(-1, 1, 5, 2)	()	1	-1	major	major	I	I, major	V		I	I	False	V2	V2, major		V2, major		V	V7	5		1	1	1	2	0	D	C	G	G	dominant seventh chord	3	True	True	True	True	True	2	2	2	2	True	False	False
792	16	99.0	59	5	B	0	1.0	1	True	3	4	2	1	1/2	True	1	11	34	10	10b	3	99	False	True					False	86		I6	G	I		I6	I		6			M	False	False	(4, 1, 0)	()	0	4	major	major	I	I, major	I		I	I	False	I6	I6, major		I6, major		I	I	1		1	1	1	1	5	G	B	G	G	major triad	1	True	True	True	True	True	4	4	4	3	True	False	True
792	8	99.0	74	2	D	0	1.0	1	True	3	4	1	1	1/4	True	1	11	34	10	10b	5	99	False	True					False	86		I6	G	I		I6	I		6			M	False	False	(4, 1, 0)	()	0	4	major	major	I	I, major	I		I	I	False	I6	I6, major		I6, major		I	I	1		1	1	1	1	5	G	B	G	G	major triad	1	True	True	True	True	True	1	1	1	5	True	False	False
800	12	100.0	79	1	G	0	2.0	2	True	3	4	1	1	3/8	True	1	11	34	10	10b	5	100	False	False					False	86		I6	G	I		I6	I		6			M	False	False	(4, 1, 0)	()	0	4	major	major	I	I, major	I		I	I	False	I6	I6, major		I6, major		I	I	1		1	1	1	1	5	G	B	G	G	major triad	1	True	True	True	True	True	0	0	0	1	True	True	False
808	8	101.0	55	1	G	0	3.0	3	True	3	4	2	1	1/4	True	1	11	34	10	10b	3	101	False	True					False	87		IM7	G	I		IM7	I	M	7			MM7	False	False	(0, 4, 1, 5)	()	0	0	major	major	I	I, major	I		I	I	False	IM7	IM7, major		IM7, major		I	I7	1		1	1	1	1	1	G	G	G	G	major seventh chord	7	True	True	True	True	True	0	0	0	1	True	True	True
812	4	101.5	78	6	F	1	3.5	0	False	3	4	1	1	1/8	True	1	11	34	10	10b	5	203/2	False	False					False	87		IM7	G	I		IM7	I	M	7			MM7	False	False	(0, 4, 1, 5)	()	0	0	major	major	I	I, major	I		I	I	False	IM7	IM7, major		IM7, major		I	I7	1		1	1	1	1	1	G	G	G	G	major seventh chord	7	True	True	True	True	True	5	5	5	7	True	False	False
816	8	102.0	60	0	C	0	1.0	1	True	3	4	2	1	1/4	True	1	12	35	11	11b	4	102	False	True					False	88		IV	G	I		IV	IV					M	False	False	(-1, 3, 0)	()	-1	-1	major	major	I	I, major	IV		I	I	False	IV	IV, major		IV, major		IV	IV	4		1	1	1	0	0	C	C	G	G	major triad	0	True	True	True	True	True	-1	-1	-1	4	True	True	True
816	6	102.0	76	4	E	0	1.0	1	True	3	4	1	1	3/16	True	1	12	35	11	11b	5	102	False	True					False	88		IV	G	I		IV	IV					M	False	False	(-1, 3, 0)	()	-1	-1	major	major	I	I, major	IV		I	I	False	IV	IV, major		IV, major		IV	IV	4		1	1	1	0	0	C	C	G	G	major triad	0	True	True	True	True	True	3	3	3	6	True	False	False
822	1	102.75	78	6	F	1	1.75	0	False	3	4	1	1	1/32	True	1	12	35	11	11b	5	411/4	False	False					False	88		IV	G	I		IV	IV					M	False	False	(-1, 3, 0)	()	-1	-1	major	major	I	I, major	IV		I	I	False	IV	IV, major		IV, major		IV	IV	4		1	1	1	0	0	C	C	G	G	major triad	0	True	True	True	True	True	5	5	5	7	False	False	False
823	1	102.875	79	1	G	0	1.875	0	False	3	4	1	1	1/32	True	1	12	35	11	11b	5	823/8	False	False					False	88		IV	G	I		IV	IV					M	False	False	(-1, 3, 0)	()	-1	-1	major	major	I	I, major	IV		I	I	False	IV	IV, major		IV, major		IV	IV	4		1	1	1	0	0	C	C	G	G	major triad	0	True	True	True	True	True	0	0	0	1	True	False	False
824	8	103.0	57	3	A	0	2.0	2	True	3	4	2	1	1/4	True	1	12	35	11	11b	3	103	False	True					False	89		vi.ii%65	G	vi		ii%65	ii	%	65			%7	False	True	(-1, -4, 0, 2)	()	2	-1	major	minor	vi	vi, major	ii		vi	vi	True	ii%65	ii%65, minor		ii%65, minor		ii	ii%7	2		1	4	4	6	3	F#	A	E	E	half-diminished seventh chord	1	True	True	True	True	True	2	-1	-1	4	True	False	True
824	12	103.0	78	6	F	1	2.0	2	True	3	4	1	1	3/8	True	1	12	35	11	11b	5	103	False	True					False	89		vi.ii%65	G	vi		ii%65	ii	%	65			%7	False	True	(-1, -4, 0, 2)	()	2	-1	major	minor	vi	vi, major	ii		vi	vi	True	ii%65	ii%65, minor		ii%65, minor		ii	ii%7	2		1	4	4	6	3	F#	A	E	E	half-diminished seventh chord	1	True	True	True	True	True	5	2	2	2	True	True	False
832	8	104.0	54	6	F	1	3.0	3	True	3	4	2	1	1/4	True	1	12	35	11	11b	3	104	False	True					False	90		ii%7	G	vi		ii%7	ii	%	7			%7	False	True	(2, -1, -4, 0)	()	2	2	major	minor	vi	vi, major	ii		vi	vi	True	ii%7	ii%7, minor		ii%7, minor		ii	ii%7	2		1	4	4	6	6	F#	F#	E	E	half-diminished seventh chord	7	True	True	True	True	True	5	2	2	2	True	True	True
836	4	104.5	76	4	E	0	3.5	0	False	3	4	1	1	1/8	True	1	12	35	11	11b	5	209/2	False	False					False	90		ii%7	G	vi		ii%7	ii	%	7			%7	False	True	(2, -1, -4, 0)	()	2	2	major	minor	vi	vi, major	ii		vi	vi	True	ii%7	ii%7, minor		ii%7, minor		ii	ii%7	2		1	4	4	6	6	F#	F#	E	E	half-diminished seventh chord	7	True	True	True	True	True	3	0	0	1	True	False	False
840	8	105.0	59	5	B	0	1.0	1	True	3	4	2	1	1/4	True	1	13	36	12	12b	3	105	False	True	HC.CON	HC	CON	}	True	91		V|HC.CON}	G	vi		V	V					M	False	True	(1, 5, 2)	()	1	1	major	minor	vi	vi, major	V		vi	vi	True	V	V, minor		V, minor		V	V	5		1	4	4	5	5	B	B	E	E	major triad	0	True	True	True	True	True	4	1	1	5	True	True	True
840	16	105.0	75	9	D	1	1.0	1	True	3	4	1	1	1/2	True	1	13	36	12	12b	5	105	False	True	HC.CON	HC	CON	}	True	91		V|HC.CON}	G	vi		V	V					M	False	True	(1, 5, 2)	()	1	1	major	minor	vi	vi, major	V		vi	vi	True	V	V, minor		V, minor		V	V	5		1	4	4	5	5	B	B	E	E	major triad	0	True	True	True	True	True	8	5	5	#7	True	False	False
848	8	106.0	47	5	B	0	2.0	2	True	3	4	2	1	1/4	True	1	13	36	12	12b	2	106	False	False					False	91		V|HC.CON}	G	vi		V	V					M	False	True	(1, 5, 2)	()	1	1	major	minor	vi	vi, major	V		vi	vi	True	V	V, minor		V, minor		V	V	5		1	4	4	5	5	B	B	E	E	major triad	0	True	True	True	True	True	4	1	1	5	True	True	True
856	0	107.0	73	7	C	1	3.0	3	True	3	4	1	1	0	True	1	13	36	12	12b	5	107	False	False					False	91		V|HC.CON}	G	vi		V	V					M	False	True	(1, 5, 2)	()	1	1	major	minor	vi	vi, major	V		vi	vi	True	V	V, minor		V, minor		V	V	5		1	4	4	5	5	B	B	E	E	major triad	0	True	True	True	True	True	6	3	3	#6	False	False	False
856	4	107.0	59	5	B	0	3.0	3	True	3	4	2	1	1/8	True	1	13	36	12	12b	3	107	False	False					False	91		V|HC.CON}	G	vi		V	V					M	False	True	(1, 5, 2)	()	1	1	major	minor	vi	vi, major	V		vi	vi	True	V	V, minor		V, minor		V	V	5		1	4	4	5	5	B	B	E	E	major triad	0	True	True	True	True	True	4	1	1	5	True	True	True
856	8	107.0	71	5	B	0	3.0	3	True	3	4	1	1	1/4	True	1	13	36	12	12b	4	107	False	False					False	91		V|HC.CON}	G	vi		V	V					M	False	True	(1, 5, 2)	()	1	1	major	minor	vi	vi, major	V		vi	vi	True	V	V, minor		V, minor		V	V	5		1	4	4	5	5	B	B	E	E	major triad	0	True	True	True	True	True	4	1	1	5	True	True	True
860	4	107.5	57	3	A	0	3.5	0	False	3	4	2	1	1/8	True	1	13	36	12	12b	3	215/2	False	False					False	91		V|HC.CON}	G	vi		V	V					M	False	True	(1, 5, 2)	()	1	1	major	minor	vi	vi, major	V		vi	vi	True	V	V, minor		V, minor		V	V	5		1	4	4	5	5	B	B	E	E	major triad	0	True	True	True	True	True	2	-1	-1	4	False	False	False
864	8	108.0	56	8	G	1	1.0	1	True	3	4	2	1	1/4	True	1	14	37	13	13b	3	108	False	True				{	False	92		V6/iv{	G	vi		V6/iv	V		6		iv	M	False	True	(4, 1, 0)	()	0	4	major	minor	vi	vi, major	V/iv	iv	iv/vi	ii	True	V6/iv	V6/iv, minor		V6/iv, minor	iv	iv	V	5	4	1	4	3	4	8	E	G#	E	A	major triad	1	True	True	True	True	True	7	4	5	#3	True	False	True
868	4	108.5	71	5	B	0	1.5	0	False	3	4	1	1	1/8	True	1	14	37	13	13b	4	217/2	False	False					False	92		V6/iv{	G	vi		V6/iv	V		6		iv	M	False	True	(4, 1, 0)	()	0	4	major	minor	vi	vi, major	V/iv	iv	iv/vi	ii	True	V6/iv	V6/iv, minor		V6/iv, minor	iv	iv	V	5	4	1	4	3	4	8	E	G#	E	A	major triad	1	True	True	True	True	True	4	1	2	5	True	False	False
872	8	109.0	57	3	A	0	2.0	2	True	3	4	2	1	1/4	True	1	14	37	13	13b	3	109	False	True					False	93		IV	G	vi		IV	IV					M	False	True	(-1, 3, 0)	()	-1	-1	major	minor	vi	vi, major	IV		vi	vi	True	IV	IV, minor		IV, minor		IV	IV	4		1	4	4	3	3	A	A	E	E	major triad	0	True	True	True	True	True	2	-1	-1	4	True	True	True
872	12	109.0	73	7	C	1	2.0	2	True	3	4	1	1	3/8	True	1	14	37	13	13b	5	109	False	True					False	93		IV	G	vi		IV	IV					M	False	True	(-1, 3, 0)	()	-1	-1	major	minor	vi	vi, major	IV		vi	vi	True	IV	IV, minor		IV, minor		IV	IV	4		1	4	4	3	3	A	A	E	E	major triad	0	True	True	True	True	True	6	3	3	#6	True	False	False
880	8	110.0	54	6	F	1	3.0	3	True	3	4	2	1	1/4	True	1	14	37	13	13b	3	110	False	True					False	94		ii	G	vi		ii	ii					m	False	True	(2, -1, 3)	()	2	2	major	minor	vi	vi, major	ii		vi	vi	True	ii	ii, minor		ii, minor		ii	ii	2		1	4	4	6	6	F#	F#	E	E	minor triad	0	True	True	True	True	True	5	2	2	2	True	True	True
884	4	110.5	73	7	C	1	3.5	0	False	3	4	1	1	1/8	True	1	14	37	13	13b	5	221/2	False	False					False	94		ii	G	vi		ii	ii					m	False	True	(2, -1, 3)	()	2	2	major	minor	vi	vi, major	ii		vi	vi	True	ii	ii, minor		ii, minor		ii	ii	2		1	4	4	6	6	F#	F#	E	E	minor triad	0	True	True	True	True	True	6	3	3	#6	True	False	False
888	8	111.0	59	5	B	0	1.0	1	True	3	4	2	1	1/4	True	1	15	38	14	14b	3	111	False	True					False	95		V	G	vi		V	V					M	False	True	(1, 5, 2)	()	1	1	major	minor	vi	vi, major	V		vi	vi	True	V	V, minor		V, minor		V	V	5		1	4	4	5	5	B	B	E	E	major triad	0	True	True	True	True	True	4	1	1	5	True	True	True
888	12	111.0	75	9	D	1	1.0	1	True	3	4	1	1	3/8	True	1	15	38	14	14b	5	111	False	True					False	95		V	G	vi		V	V					M	False	True	(1, 5, 2)	()	1	1	major	minor	vi	vi, major	V		vi	vi	True	V	V, minor		V, minor		V	V	5		1	4	4	5	5	B	B	E	E	major triad	0	True	True	True	True	True	8	5	5	#7	True	False	False
896	8	112.0	52	4	E	0	2.0	2	True	3	4	2	1	1/4	True	1	15	38	14	14b	3	112	False	True					False	96		i	G	vi		i	i					m	False	True	(0, -3, 1)	()	0	0	major	minor	vi	vi, major	i		vi	vi	True	i	i, minor		i, minor		i	i	1		1	4	4	4	4	E	E	E	E	minor triad	0	True	True	True	True	True	3	0	0	1	True	True	True
900	4	112.5	76	4	E	0	2.5	0	False	3	4	1	1	1/8	True	1	15	38	14	14b	5	225/2	False	False					False	96		i	G	vi		i	i					m	False	True	(0, -3, 1)	()	0	0	major	minor	vi	vi, major	i		vi	vi	True	i	i, minor		i, minor		i	i	1		1	4	4	4	4	E	E	E	E	minor triad	0	True	True	True	True	True	3	0	0	1	True	True	True
904	8	113.0	51	9	D	1	3.0	3	True	3	4	2	1	1/4	True	1	15	38	14	14b	3	113	False	True					False	97		V65	G	vi		V65	V		65			Mm7	False	True	(5, 2, -1, 1)	()	1	5	major	minor	vi	vi, major	V		vi	vi	True	V65	V65, minor		V65, minor		V	V7	5		1	4	4	5	9	B	D#	E	E	dominant seventh chord	1	True	True	True	True	True	8	5	5	#7	True	False	True
904	8	113.0	78	6	F	1	3.0	3	True	3	4	1	1	1/4	True	1	15	38	14	14b	5	113	False	True					False	97		V65	G	vi		V65	V		65			Mm7	False	True	(5, 2, -1, 1)	()	1	5	major	minor	vi	vi, major	V		vi	vi	True	V65	V65, minor		V65, minor		V	V7	5		1	4	4	5	9	B	D#	E	E	dominant seventh chord	1	True	True	True	True	True	5	2	2	2	True	False	False
912	8	114.0	52	4	E	0	1.0	1	True	3	4	2	1	1/4	True	1	16	39	15	15b	3	114	False	True					False	98		i	G	vi		i	i					m	False	True	(0, -3, 1)	()	0	0	major	minor	vi	vi, major	i		vi	vi	True	i	i, minor		i, minor		i	i	1		1	4	4	4	4	E	E	E	E	minor triad	0	True	True	True	True	True	3	0	0	1	True	True	True
912	4	114.0	79	1	G	0	1.0	1	True	3	4	1	1	1/8	True	1	16	39	15	15b	5	114	False	True					False	98		i	G	vi		i	i					m	False	True	(0, -3, 1)	()	0	0	major	minor	vi	vi, major	i		vi	vi	True	i	i, minor		i, minor		i	i	1		1	4	4	4	4	E	E	E	E	minor triad	0	True	True	True	True	True	0	-3	-3	3	True	False	False
916	4	114.5	76	4	E	0	1.5	0	False	3	4	1	1	1/8	True	1	16	39	15	15b	5	229/2	False	False					False	98		i	G	vi		i	i					m	False	True	(0, -3, 1)	()	0	0	major	minor	vi	vi, major	i		vi	vi	True	i	i, minor		i, minor		i	i	1		1	4	4	4	4	E	E	E	E	minor triad	0	True	True	True	True	True	3	0	0	1	True	True	True
920	8	115.0	59	5	B	0	2.0	2	True	3	4	2	1	1/4	True	1	16	39	15	15b	3	115	False	True					False	99		V(4)	G	vi		V(4)	V			4		M	False	True	(1, 0, 2)	()	1	1	major	minor	vi	vi, major	V		vi	vi	True	V	V, minor		V(4), minor		V	V	5		1	4	4	5	5	B	B	E	E	major triad	0	True	True	True	True	True	4	1	1	5	True	True	True
920	12	115.0	76	4	E	0	2.0	2	True	3	4	1	1	3/8	True	1	16	39	15	15b	5	115	False	True					False	99		V(4)	G	vi		V(4)	V			4		M	False	True	(1, 0, 2)	()	1	1	major	minor	vi	vi, major	V		vi	vi	True	V	V, minor		V(4), minor		V	V	5		1	4	4	5	5	B	B	E	E	major triad	0	True	True	True	True	True	3	0	0	1	True	False	False
928	8	116.0	47	5	B	0	3.0	3	True	3	4	2	1	1/4	True	1	16	39	15	15b	2	116	False	False					False	99		V(4)	G	vi		V(4)	V			4		M	False	True	(1, 0, 2)	()	1	1	major	minor	vi	vi, major	V		vi	vi	True	V	V, minor		V(4), minor		V	V	5		1	4	4	5	5	B	B	E	E	major triad	0	True	True	True	True	True	4	1	1	5	True	True	True
932	4	116.5	75	9	D	1	3.5	0	False	3	4	1	1	1/8	True	1	16	39	15	15b	5	233/2	False	True					False	100		V	G	vi		V	V					M	False	True	(1, 5, 2)	()	1	1	major	minor	vi	vi, major	V		vi	vi	True	V	V, minor		V, minor		V	V	5		1	4	4	5	5	B	B	E	E	major triad	0	True	True	True	True	True	8	5	5	#7	True	False	False
936	0	117.0	74	2	D	0	1.0	1	True	3	4	1	1	0	True	1	17	40	16	16b	5	117	False	True	DC	DC		}	True	101		VI|DC}	G	vi		VI	VI					M	False	True	(-4, 0, -3)	()	-4	-4	major	minor	vi	vi, major	VI		vi	vi	True	VI	VI, minor		VI, minor		VI	VI	6		1	4	4	0	0	C	C	E	E	major triad	0	True	True	True	True	True	1	-2	-2	7	False	False	False
936	8	117.0	48	0	C	0	1.0	1	True	3	4	2	1	1/4	True	1	17	40	16	16b	3	117	False	True	DC	DC		}	True	101		VI|DC}	G	vi		VI	VI					M	False	True	(-4, 0, -3)	()	-4	-4	major	minor	vi	vi, major	VI		vi	vi	True	VI	VI, minor		VI, minor		VI	VI	6		1	4	4	0	0	C	C	E	E	major triad	0	True	True	True	True	True	-1	-4	-4	6	True	True	True
936	16	117.0	76	4	E	0	1.0	1	True	3	4	1	1	1/2	True	1	17	40	16	16b	5	117	False	True	DC	DC		}	True	101		VI|DC}	G	vi		VI	VI					M	False	True	(-4, 0, -3)	()	-4	-4	major	minor	vi	vi, major	VI		vi	vi	True	VI	VI, minor		VI, minor		VI	VI	6		1	4	4	0	0	C	C	E	E	major triad	0	True	True	True	True	True	3	0	0	1	True	False	False
944	8	118.0	64	4	E	0	2.0	2	True	3	4	2	1	1/4	True	1	17	40	16	16b	4	118	False	False					False	101		VI|DC}	G	vi		VI	VI					M	False	True	(-4, 0, -3)	()	-4	-4	major	minor	vi	vi, major	VI		vi	vi	True	VI	VI, minor		VI, minor		VI	VI	6		1	4	4	0	0	C	C	E	E	major triad	0	True	True	True	True	True	3	0	0	1	True	False	False
952	8	119.0	62	2	D	0	3.0	3	True	3	4	2	1	1/4	True	1	17	40	16	16b	4	119	False	False					False	101		VI|DC}	G	vi		VI	VI					M	False	True	(-4, 0, -3)	()	-4	-4	major	minor	vi	vi, major	VI		vi	vi	True	VI	VI, minor		VI, minor		VI	VI	6		1	4	4	0	0	C	C	E	E	major triad	0	True	True	True	True	True	1	-2	-2	7	False	False	False
960	16	120.0	60	0	C	0	1.0	1	True	3	4	2	1	1/2	True	1	18	41	17	17b	4	120	False	True				{	False	102		I.IV{	G	I		IV	IV					M	False	False	(-1, 3, 0)	()	-1	-1	major	major	I	I, major	IV		I	I	False	IV	IV, major		IV, major		IV	IV	4		1	1	1	0	0	C	C	G	G	major triad	0	True	True	True	True	True	-1	-1	-1	4	True	True	True
960	8	120.0	76	4	E	0	1.0	1	True	3	4	1	1	1/4	True	1	18	41	17	17b	5	120	False	True				{	False	102		I.IV{	G	I		IV	IV					M	False	False	(-1, 3, 0)	()	-1	-1	major	major	I	I, major	IV		I	I	False	IV	IV, major		IV, major		IV	IV	4		1	1	1	0	0	C	C	G	G	major triad	0	True	True	True	True	True	3	3	3	6	True	False	False
968	8	121.0	78	6	F	1	2.0	2	True	3	4	1	1	1/4	True	1	18	41	17	17b	5	121	False	True					False	103		V2	G	I		V2	V		2			Mm7	False	False	(-1, 1, 5, 2)	()	1	-1	major	major	I	I, major	V		I	I	False	V2	V2, major		V2, major		V	V7	5		1	1	1	2	0	D	C	G	G	dominant seventh chord	3	True	True	True	True	True	5	5	5	7	True	False	False
976	8	122.0	59	5	B	0	3.0	3	True	3	4	2	1	1/4	True	1	18	41	17	17b	3	122	False	True					False	104		I6	G	I		I6	I		6			M	False	False	(4, 1, 0)	()	0	4	major	major	I	I, major	I		I	I	False	I6	I6, major		I6, major		I	I	1		1	1	1	1	5	G	B	G	G	major triad	1	True	True	True	True	True	4	4	4	3	True	False	True
976	8	122.0	79	1	G	0	3.0	3	True	3	4	1	1	1/4	True	1	18	41	17	17b	5	122	False	True					False	104		I6	G	I		I6	I		6			M	False	False	(4, 1, 0)	()	0	4	major	major	I	I, major	I		I	I	False	I6	I6, major		I6, major		I	I	1		1	1	1	1	5	G	B	G	G	major triad	1	True	True	True	True	True	0	0	0	1	True	True	False
984	16	123.0	57	3	A	0	1.0	1	True	3	4	2	1	1/2	True	1	19	42	18	18b	3	123	False	True					False	105		ii7	G	I		ii7	ii		7			mm7	False	False	(2, -1, 3, 0)	()	2	2	major	major	I	I, major	ii		I	I	False	ii7	ii7, major		ii7, major		ii	ii7	2		1	1	1	3	3	A	A	G	G	minor seventh chord	7	True	True	True	True	True	2	2	2	2	True	True	True
984	8	123.0	72	0	C	0	1.0	1	True	3	4	1	1	1/4	True	1	19	42	18	18b	5	123	False	True					False	105		ii7	G	I		ii7	ii		7			mm7	False	False	(2, -1, 3, 0)	()	2	2	major	major	I	I, major	ii		I	I	False	ii7	ii7, major		ii7, major		ii	ii7	2		1	1	1	3	3	A	A	G	G	minor seventh chord	7	True	True	True	True	True	-1	-1	-1	4	True	False	False
992	8	124.0	74	2	D	0	2.0	2	True	3	4	1	1	1/4	True	1	19	42	18	18b	5	124	False	True					False	106		V43	G	I		V43	V		43			Mm7	False	False	(2, -1, 1, 5)	()	1	2	major	major	I	I, major	V		I	I	False	V43	V43, major		V43, major		V	V7	5		1	1	1	2	3	D	A	G	G	dominant seventh chord	2	True	True	True	True	True	1	1	1	5	True	True	False
1000	8	125.0	55	1	G	0	3.0	3	True	3	4	2	1	1/4	True	1	19	42	18	18b	3	125	False	True					False	107		IV64	G	I		IV64	IV		64			M	False	False	(0, -1, 3)	()	-1	0	major	major	I	I, major	IV		I	I	False	IV64	IV64, major		IV64, major		IV	IV	4		1	1	1	0	1	C	G	G	G	major triad	2	True	True	True	True	True	0	0	0	1	True	False	True
1000	8	125.0	76	4	E	0	3.0	3	True	3	4	1	1	1/4	True	1	19	42	18	18b	5	125	False	True					False	107		IV64	G	I		IV64	IV		64			M	False	False	(0, -1, 3)	()	-1	0	major	major	I	I, major	IV		I	I	False	IV64	IV64, major		IV64, major		IV	IV	4		1	1	1	0	1	C	G	G	G	major triad	2	True	True	True	True	True	3	3	3	6	True	False	False
1008	8	126.0	54	6	F	1	1.0	1	True	3	4	2	1	1/4	True	1	20	43	19	19b	3	126	False	True					False	108		V65	G	I		V65	V		65			Mm7	False	False	(5, 2, -1, 1)	()	1	5	major	major	I	I, major	V		I	I	False	V65	V65, major		V65, major		V	V7	5		1	1	1	2	6	D	F#	G	G	dominant seventh chord	1	True	True	True	True	True	5	5	5	7	True	False	True
1008	8	126.0	69	3	A	0	1.0	1	True	3	4	1	1	1/4	True	1	20	43	19	19b	4	126	False	True					False	108		V65	G	I		V65	V		65			Mm7	False	False	(5, 2, -1, 1)	()	1	5	major	major	I	I, major	V		I	I	False	V65	V65, major		V65, major		V	V7	5		1	1	1	2	6	D	F#	G	G	dominant seventh chord	1	True	True	True	True	True	2	2	2	2	True	False	False
1016	4	127.0	55	1	G	0	2.0	2	True	3	4	2	1	1/8	True	1	20	43	19	19b	3	127	False	True					False	109		I	G	I		I	I					M	False	False	(0, 4, 1)	()	0	0	major	major	I	I, major	I		I	I	False	I	I, major		I, major		I	I	1		1	1	1	1	1	G	G	G	G	major triad	0	True	True	True	True	True	0	0	0	1	True	True	True
1016	12	127.0	71	5	B	0	2.0	2	True	3	4	1	1	3/8	True	1	20	43	19	19b	4	127	False	True					False	109		I	G	I		I	I					M	False	False	(0, 4, 1)	()	0	0	major	major	I	I, major	I		I	I	False	I	I, major		I, major		I	I	1		1	1	1	1	1	G	G	G	G	major triad	0	True	True	True	True	True	4	4	4	3	True	False	False
1020	4	127.5	54	6	F	1	2.5	0	False	3	4	2	1	1/8	True	1	20	43	19	19b	3	255/2	False	False					False	109		I	G	I		I	I					M	False	False	(0, 4, 1)	()	0	0	major	major	I	I, major	I		I	I	False	I	I, major		I, major		I	I	1		1	1	1	1	1	G	G	G	G	major triad	0	True	True	True	True	True	5	5	5	7	False	False	False
1024	8	128.0	52	4	E	0	3.0	3	True	3	4	2	1	1/4	True	1	20	43	19	19b	3	128	False	True					False	110		IV6	G	I		IV6	IV		6			M	False	False	(3, 0, -1)	()	-1	3	major	major	I	I, major	IV		I	I	False	IV6	IV6, major		IV6, major		IV	IV	4		1	1	1	0	4	C	E	G	G	major triad	1	True	True	True	True	True	3	3	3	6	True	False	True
1028	4	128.5	72	0	C	0	3.5	0	False	3	4	1	1	1/8	True	1	20	43	19	19b	5	257/2	False	False					False	110		IV6	G	I		IV6	IV		6			M	False	False	(3, 0, -1)	()	-1	3	major	major	I	I, major	IV		I	I	False	IV6	IV6, major		IV6, major		IV	IV	4		1	1	1	0	4	C	E	G	G	major triad	1	True	True	True	True	True	-1	-1	-1	4	True	True	False
1032	8	129.0	47	5	B	0	1.0	1	True	3	4	2	1	1/4	True	1	21	44	20	20b	2	129	False	True					False	111		I6	G	I		I6	I		6			M	False	False	(4, 1, 0)	()	0	4	major	major	I	I, major	I		I	I	False	I6	I6, major		I6, major		I	I	1		1	1	1	1	5	G	B	G	G	major triad	1	True	True	True	True	True	4	4	4	3	True	False	True
1032	16	129.0	74	2	D	0	1.0	1	True	3	4	1	1	1/2	True	1	21	44	20	20b	5	129	False	True					False	111		I6	G	I		I6	I		6			M	False	False	(4, 1, 0)	()	0	4	major	major	I	I, major	I		I	I	False	I6	I6, major		I6, major		I	I	1		1	1	1	1	5	G	B	G	G	major triad	1	True	True	True	True	True	1	1	1	5	True	False	False
1040	8	130.0	48	0	C	0	2.0	2	True	3	4	2	1	1/4	True	1	21	44	20	20b	3	130	False	False					False	111		I6	G	I		I6	I		6			M	False	False	(4, 1, 0)	()	0	4	major	major	I	I, major	I		I	I	False	I6	I6, major		I6, major		I	I	1		1	1	1	1	5	G	B	G	G	major triad	1	True	True	True	True	True	-1	-1	-1	4	False	False	False
1048	0	131.0	69	3	A	0	3.0	3	True	3	4	1	1	0	True	1	21	44	20	20b	4	131	False	True	HC	HC		}	True	112		V|HC}	G	I		V	V					M	False	False	(1, 5, 2)	()	1	1	major	major	I	I, major	V		I	I	False	V	V, major		V, major		V	V	5		1	1	1	2	2	D	D	G	G	major triad	0	True	True	True	True	True	2	2	2	2	True	False	False
1048	8	131.0	50	2	D	0	3.0	3	True	3	4	2	1	1/4	True	1	21	44	20	20b	3	131	False	True	HC	HC		}	True	112		V|HC}	G	I		V	V					M	False	False	(1, 5, 2)	()	1	1	major	major	I	I, major	V		I	I	False	V	V, major		V, major		V	V	5		1	1	1	2	2	D	D	G	G	major triad	0	True	True	True	True	True	1	1	1	5	True	True	True
1048	8	131.0	69	3	A	0	3.0	3	True	3	4	1	1	1/4	True	1	21	44	20	20b	4	131	False	True	HC	HC		}	True	112		V|HC}	G	I		V	V					M	False	False	(1, 5, 2)	()	1	1	major	major	I	I, major	V		I	I	False	V	V, major		V, major		V	V	5		1	1	1	2	2	D	D	G	G	major triad	0	True	True	True	True	True	2	2	2	2	True	False	False
1056	8	132.0	43	1	G	0	1.0	1	True	3	4	2	1	1/4	True	1	22	45	21	21b	2	132	False	True				{	False	113		I{	G	I		I	I					M	False	False	(0, 4, 1)	()	0	0	major	major	I	I, major	I		I	I	False	I	I, major		I, major		I	I	1		1	1	1	1	1	G	G	G	G	major triad	0	True	True	True	True	True	0	0	0	1	True	True	True
1056	8	132.0	71	5	B	0	1.0	1	True	3	4	1	1	1/4	True	1	22	45	21	21b	4	132	False	True				{	False	113		I{	G	I		I	I					M	False	False	(0, 4, 1)	()	0	0	major	major	I	I, major	I		I	I	False	I	I, major		I, major		I	I	1		1	1	1	1	1	G	G	G	G	major triad	0	True	True	True	True	True	4	4	4	3	True	False	False
1064	8	133.0	45	3	A	0	2.0	2	True	3	4	2	1	1/4	True	1	22	45	21	21b	2	133	False	True					False	114		V43	G	I		V43	V		43			Mm7	False	False	(2, -1, 1, 5)	()	1	2	major	major	I	I, major	V		I	I	False	V43	V43, major		V43, major		V	V7	5		1	1	1	2	3	D	A	G	G	dominant seventh chord	2	True	True	True	True	True	2	2	2	2	True	False	True
1064	8	133.0	72	0	C	0	2.0	2	True	3	4	1	1	1/4	True	1	22	45	21	21b	5	133	False	True					False	114		V43	G	I		V43	V		43			Mm7	False	False	(2, -1, 1, 5)	()	1	2	major	major	I	I, major	V		I	I	False	V43	V43, major		V43, major		V	V7	5		1	1	1	2	3	D	A	G	G	dominant seventh chord	2	True	True	True	True	True	-1	-1	-1	4	True	False	False
1072	8	134.0	47	5	B	0	3.0	3	True	3	4	2	1	1/4	True	1	22	45	21	21b	2	134	False	True					False	115		I6	G	I		I6	I		6			M	False	False	(4, 1, 0)	()	0	4	major	major	I	I, major	I		I	I	False	I6	I6, major		I6, major		I	I	1		1	1	1	1	5	G	B	G	G	major triad	1	True	True	True	True	True	4	4	4	3	True	False	True
1072	8	134.0	74	2	D	0	3.0	3	True	3	4	1	1	1/4	True	1	22	45	21	21b	5	134	False	True					False	115		I6	G	I		I6	I		6			M	False	False	(4, 1, 0)	()	0	4	major	major	I	I, major	I		I	I	False	I6	I6, major		I6, major		I	I	1		1	1	1	1	5	G	B	G	G	major triad	1	True	True	True	True	True	1	1	1	5	True	False	False
1080	8	135.0	48	0	C	0	1.0	1	True	3	4	2	1	1/4	True	1	23	46	22	22b	3	135	False	True					False	116		ii65	G	I		ii65	ii		65			mm7	False	False	(-1, 3, 0, 2)	()	2	-1	major	major	I	I, major	ii		I	I	False	ii65	ii65, major		ii65, major		ii	ii7	2		1	1	1	3	0	A	C	G	G	minor seventh chord	1	True	True	True	True	True	-1	-1	-1	4	True	False	True
1080	8	135.0	76	4	E	0	1.0	1	True	3	4	1	1	1/4	True	1	23	46	22	22b	5	135	False	True					False	116		ii65	G	I		ii65	ii		65			mm7	False	False	(-1, 3, 0, 2)	()	2	-1	major	major	I	I, major	ii		I	I	False	ii65	ii65, major		ii65, major		ii	ii7	2		1	1	1	3	0	A	C	G	G	minor seventh chord	1	True	True	True	True	True	3	3	3	6	True	False	False
1088	8	136.0	50	2	D	0	2.0	2	True	3	4	2	1	1/4	True	1	23	46	22	22b	3	136	False	True					False	117		V	G	I		V	V					M	False	False	(1, 5, 2)	()	1	1	major	major	I	I, major	V		I	I	False	V	V, major		V, major		V	V	5		1	1	1	2	2	D	D	G	G	major triad	0	True	True	True	True	True	1	1	1	5	True	True	True
1088	8	136.0	78	6	F	1	2.0	2	True	3	4	1	1	1/4	True	1	23	46	22	22b	5	136	False	True					False	117		V	G	I		V	V					M	False	False	(1, 5, 2)	()	1	1	major	major	I	I, major	V		I	I	False	V	V, major		V, major		V	V	5		1	1	1	2	2	D	D	G	G	major triad	0	True	True	True	True	True	5	5	5	7	True	False	False
1096	8	137.0	52	4	E	0	3.0	3	True	3	4	2	1	1/4	True	1	23	46	22	22b	3	137	False	True					False	118		IV6	G	I		IV6	IV		6			M	False	False	(3, 0, -1)	()	-1	3	major	major	I	I, major	IV		I	I	False	IV6	IV6, major		IV6, major		IV	IV	4		1	1	1	0	4	C	E	G	G	major triad	1	True	True	True	True	True	3	3	3	6	True	False	True
1096	8	137.0	79	1	G	0	3.0	3	True	3	4	1	1	1/4	True	1	23	46	22	22b	5	137	False	True					False	118		IV6	G	I		IV6	IV		6			M	False	False	(3, 0, -1)	()	-1	3	major	major	I	I, major	IV		I	I	False	IV6	IV6, major		IV6, major		IV	IV	4		1	1	1	0	4	C	E	G	G	major triad	1	True	True	True	True	True	0	0	0	1	True	False	False
1104	4	138.0	54	6	F	1	1.0	1	True	3	4	2	1	1/8	True	1	24	47	23	23b	3	138	False	True					False	119		V65	G	I		V65	V		65			Mm7	False	False	(5, 2, -1, 1)	()	1	5	major	major	I	I, major	V		I	I	False	V65	V65, major		V65, major		V	V7	5		1	1	1	2	6	D	F#	G	G	dominant seventh chord	1	True	True	True	True	True	5	5	5	7	True	False	True
1104	4	138.0	72	0	C	0	1.0	1	True	3	4	1	1	1/8	True	1	24	47	23	23b	5	138	False	True					False	119		V65	G	I		V65	V		65			Mm7	False	False	(5, 2, -1, 1)	()	1	5	major	major	I	I, major	V		I	I	False	V65	V65, major		V65, major		V	V7	5		1	1	1	2	6	D	F#	G	G	dominant seventh chord	1	True	True	True	True	True	-1	-1	-1	4	True	False	False
1108	4	138.5	55	1	G	0	1.5	0	False	3	4	2	1	1/8	True	1	24	47	23	23b	3	277/2	False	True					False	120		I	G	I		I	I					M	False	False	(0, 4, 1)	()	0	0	major	major	I	I, major	I		I	I	False	I	I, major		I, major		I	I	1		1	1	1	1	1	G	G	G	G	major triad	0	True	True	True	True	True	0	0	0	1	True	True	True
1108	4	138.5	71	5	B	0	1.5	0	False	3	4	1	1	1/8	True	1	24	47	23	23b	4	277/2	False	True					False	120		I	G	I		I	I					M	False	False	(0, 4, 1)	()	0	0	major	major	I	I, major	I		I	I	False	I	I, major		I, major		I	I	1		1	1	1	1	1	G	G	G	G	major triad	0	True	True	True	True	True	4	4	4	3	True	False	False
1112	8	139.0	50	2	D	0	2.0	2	True	3	4	2	1	1/4	True	1	24	47	23	23b	3	139	False	True					False	121		V(4)	G	I		V(4)	V			4		M	False	False	(1, 0, 2)	()	1	1	major	major	I	I, major	V		I	I	False	V	V, major		V(4), major		V	V	5		1	1	1	2	2	D	D	G	G	major triad	0	True	True	True	True	True	1	1	1	5	True	True	True
1112	12	139.0	69	3	A	0	2.0	2	True	3	4	1	1	3/8	True	1	24	47	23	23b	4	139	False	True					False	121		V(4)	G	I		V(4)	V			4		M	False	False	(1, 0, 2)	()	1	1	major	major	I	I, major	V		I	I	False	V	V, major		V(4), major		V	V	5		1	1	1	2	2	D	D	G	G	major triad	0	True	True	True	True	True	2	2	2	2	True	False	False
1120	8	140.0	38	2	D	0	3.0	3	True	3	4	2	1	1/4	True	1	24	47	23	23b	2	140	False	True					False	122		V7	G	I		V7	V		7			Mm7	False	False	(1, 5, 2, -1)	()	1	1	major	major	I	I, major	V		I	I	False	V7	V7, major		V7, major		V	V7	5		1	1	1	2	2	D	D	G	G	dominant seventh chord	7	True	True	True	True	True	1	1	1	5	True	True	True
1124	4	140.5	67	1	G	0	3.5	0	False	3	4	1	1	1/8	True	1	24	47	23	23b	4	281/2	False	False					False	122		V7	G	I		V7	V		7			Mm7	False	False	(1, 5, 2, -1)	()	1	1	major	major	I	I, major	V		I	I	False	V7	V7, major		V7, major		V	V7	5		1	1	1	2	2	D	D	G	G	dominant seventh chord	7	True	True	True	True	True	0	0	0	1	False	False	False
1128	24	141.0	43	1	G	0	1.0	1	True	3	4	2	1	3/4	True	1	26	48	24	24b	2	141	False	True	PAC	PAC		}	True	123	2	I|PAC}	G	I		I	I					M	False	False	(0, 4, 1)	()	0	0	major	major	I	I, major	I		I	I	False	I	I, major		I, major		I	I	1		1	1	1	1	1	G	G	G	G	major triad	0	True	True	True	True	True	0	0	0	1	True	True	True
1128	24	141.0	67	1	G	0	1.0	1	True	3	4	1	1	3/4	True	1	26	48	24	24b	4	141	False	True	PAC	PAC		}	True	123	2	I|PAC}	G	I		I	I					M	False	False	(0, 4, 1)	()	0	0	major	major	I	I, major	I		I	I	False	I	I, major		I, major		I	I	1		1	1	1	1	1	G	G	G	G	major triad	0	True	True	True	True	True	0	0	0	1	True	True	True
