onset_div	duration_div	onset_beat	pitch	tpc	step	alter	beat_float	downbeat	is_downbeat	ts_beats	ts_beat_type	staff	voice	duration	is_note_onset	ks_fifths	mc	mc_playthrough	mn	mn_playthrough	octave	quarterbeats_playthrough	section_start	a_isOnset	cadence	cadence_type	phraseend	a_phraseend	unfolded_harmony_index	label	alt_label	globalkey	localkey	pedal	chord	special	numeral	form	figbass	changes	relativeroot	chord_type	globalkey_is_minor	localkey_is_minor	chord_tones	added_tones	root	bass_note	globalkey_mode	localkey_mode	localkey_resolved	localkey_and_mode	root_roman	relativeroot_resolved	effective_localkey	effective_localkey_resolved	effective_localkey_is_minor	chord_reduced	chord_reduced_and_mode	pedal_resolved	chord_and_mode	applied_to_numeral	numeral_or_applied_to_numeral	a_simpleNumeral	a_degree1	a_degree2	globalkey_tpc	localkey_tpc	tonicized_tpc	root_tpc	bass_note_tpc	a_root	a_bass	a_localKey	a_tonicizedKey	a_quality	a_inversion	valid_chord_label	valid_cadence_label	valid_phrase_label	valid_pedal_point_label	valid_section_start_label	sic_with_global	sic_with_local	sic_with_tonicized	note_degree	tpc_is_in_label	tpc_is_root	tpc_is_bass
0	9	0.0	74	2	D	0	1.0	1	True	3	8	1	1	3/32	True	-2	1	1	1	1a	5	0	True	True			{	False	0	g.i6{		g	i		i6		i		6			m	True	True	(-3, 1, 0)	()	0	-3	minor	minor	i	i, minor	i		i	i	True	i6	i6, minor		i6, minor		i	i	1		1	1	1	1	-2	G	Bb	G	G	minor triad	1	True	True	True	True	True	1	1	1	5	True	False	False
9	3	0.75	79	1	G	0	1.75	0	False	3	8	1	1	1/32	True	-2	1	1	1	1a	5	3/8	False	False				False	0	g.i6{		g	i		i6		i		6			m	True	True	(-3, 1, 0)	()	0	-3	minor	minor	i	i, minor	i		i	i	True	i6	i6, minor		i6, minor		i	i	1		1	1	1	1	-2	G	Bb	G	G	minor triad	1	True	True	True	True	True	0	0	0	1	True	True	False
12	12	1.0	58	-2	B	-1	2.0	2	True	3	8	2	1	1/8	True	-2	1	1	1	1a	3	1/2	False	False				False	0	g.i6{		g	i		i6		i		6			m	True	True	(-3, 1, 0)	()	0	-3	minor	minor	i	i, minor	i		i	i	True	i6	i6, minor		i6, minor		i	i	1		1	1	1	1	-2	G	Bb	G	G	minor triad	1	True	True	True	True	True	-3	-3	-3	3	True	False	True
12	12	1.0	74	2	D	0	2.0	2	True	3	8	1	1	1/8	True	-2	1	1	1	1a	5	1/2	False	False				False	0	g.i6{		g	i		i6		i		6			m	True	True	(-3, 1, 0)	()	0	-3	minor	minor	i	i, minor	i		i	i	True	i6	i6, minor		i6, minor		i	i	1		1	1	1	1	-2	G	Bb	G	G	minor triad	1	True	True	True	True	True	1	1	1	5	True	False	False
24	12	2.0	57	3	A	0	3.0	3	True	3	8	2	1	1/8	True	-2	1	1	1	1a	3	1	False	True				False	1	#viio6	iio	g	i		#viio6		#vii	o	6			o	True	True	(2, -1, 5)	()	5	2	minor	minor	i	i, minor	#vii		i	i	True	#viio6	#viio6, minor		#viio6, minor		#vii	viio	#7		1	1	1	6	3	F#	A	G	G	diminished triad	1	True	True	True	True	True	2	2	2	2	True	False	True
24	12	2.0	72	0	C	0	3.0	3	True	3	8	1	1	1/8	True	-2	1	1	1	1a	5	1	False	True				False	1	#viio6	iio	g	i		#viio6		#vii	o	6			o	True	True	(2, -1, 5)	()	5	2	minor	minor	i	i, minor	#vii		i	i	True	#viio6	#viio6, minor		#viio6, minor		#vii	viio	#7		1	1	1	6	3	F#	A	G	G	diminished triad	1	True	True	True	True	True	-1	-1	-1	4	True	False	False
36	12	3.0	55	1	G	0	1.0	1	True	3	8	2	1	1/8	True	-2	2	2	2	2a	3	3/2	False	True				False	2	i		g	i		i		i					m	True	True	(0, -3, 1)	()	0	0	minor	minor	i	i, minor	i		i	i	True	i	i, minor		i, minor		i	i	1		1	1	1	1	1	G	G	G	G	minor triad	0	True	True	True	True	True	0	0	0	1	True	True	True
36	12	3.0	70	-2	B	-1	1.0	1	True	3	8	1	1	1/8	True	-2	2	2	2	2a	4	3/2	False	True				False	2	i		g	i		i		i					m	True	True	(0, -3, 1)	()	0	0	minor	minor	i	i, minor	i		i	i	True	i	i, minor		i, minor		i	i	1		1	1	1	1	1	G	G	G	G	minor triad	0	True	True	True	True	True	-3	-3	-3	3	True	False	False
48	24	4.0	54	6	F	1	2.0	2	True	3	8	2	3	1/4	True	-2	2	2	2	2a	3	2	False	True				False	3	V65		g	i		V65		V		65			Mm7	True	True	(5, 2, -1, 1)	()	1	5	minor	minor	i	i, minor	V		i	i	True	V65	V65, minor		V65, minor		V	V7	5		1	1	1	2	6	D	F#	G	G	dominant seventh chord	1	True	True	True	True	True	5	5	5	#7	True	False	True
48	12	4.0	63	-3	E	-1	2.0	2	True	3	8	2	1	1/8	True	-2	2	2	2	2a	4	2	False	True				False	3	V65		g	i		V65		V		65			Mm7	True	True	(5, 2, -1, 1)	()	1	5	minor	minor	i	i, minor	V		i	i	True	V65	V65, minor		V65, minor		V	V7	5		1	1	1	2	6	D	F#	G	G	dominant seventh chord	1	True	True	True	True	True	-4	-4	-4	6	False	False	False
48	18	4.0	69	3	A	0	2.0	2	True	3	8	1	1	3/16	True	-2	2	2	2	2a	4	2	False	True				False	3	V65		g	i		V65		V		65			Mm7	True	True	(5, 2, -1, 1)	()	1	5	minor	minor	i	i, minor	V		i	i	True	V65	V65, minor		V65, minor		V	V7	5		1	1	1	2	6	D	F#	G	G	dominant seventh chord	1	True	True	True	True	True	2	2	2	2	True	False	False
60	12	5.0	62	2	D	0	3.0	3	True	3	8	2	1	1/8	True	-2	2	2	2	2a	4	5/2	False	False				False	3	V65		g	i		V65		V		65			Mm7	True	True	(5, 2, -1, 1)	()	1	5	minor	minor	i	i, minor	V		i	i	True	V65	V65, minor		V65, minor		V	V7	5		1	1	1	2	6	D	F#	G	G	dominant seventh chord	1	True	True	True	True	True	1	1	1	5	True	True	False
66	3	5.5	70	-2	B	-1	3.5	0	False	3	8	1	1	1/32	True	-2	2	2	2	2a	4	11/4	False	False				False	3	V65		g	i		V65		V		65			Mm7	True	True	(5, 2, -1, 1)	()	1	5	minor	minor	i	i, minor	V		i	i	True	V65	V65, minor		V65, minor		V	V7	5		1	1	1	2	6	D	F#	G	G	dominant seventh chord	1	True	True	True	True	True	-3	-3	-3	3	False	False	False
69	3	5.75	72	0	C	0	3.75	0	False	3	8	1	1	1/32	True	-2	2	2	2	2a	5	23/8	False	False				False	3	V65		g	i		V65		V		65			Mm7	True	True	(5, 2, -1, 1)	()	1	5	minor	minor	i	i, minor	V		i	i	True	V65	V65, minor		V65, minor		V	V7	5		1	1	1	2	6	D	F#	G	G	dominant seventh chord	1	True	True	True	True	True	-1	-1	-1	4	True	False	False
72	9	6.0	55	1	G	0	1.0	1	True	3	8	2	1	3/32	True	-2	3	3	3	3a	3	3	False	True				False	4	i		g	i		i		i					m	True	True	(0, -3, 1)	()	0	0	minor	minor	i	i, minor	i		i	i	True	i	i, minor		i, minor		i	i	1		1	1	1	1	1	G	G	G	G	minor triad	0	True	True	True	True	True	0	0	0	1	True	True	True
72	9	6.0	70	-2	B	-1	1.0	1	True	3	8	1	1	3/32	True	-2	3	3	3	3a	4	3	False	True				False	4	i		g	i		i		i					m	True	True	(0, -3, 1)	()	0	0	minor	minor	i	i, minor	i		i	i	True	i	i, minor		i, minor		i	i	1		1	1	1	1	1	G	G	G	G	minor triad	0	True	True	True	True	True	-3	-3	-3	3	True	False	False
81	3	6.75	46	-2	B	-1	1.75	0	False	3	8	2	1	1/32	True	-2	3	3	3	3a	2	27/8	False	True				False	5	i6		g	i		i6		i		6			m	True	True	(-3, 1, 0)	()	0	-3	minor	minor	i	i, minor	i		i	i	True	i6	i6, minor		i6, minor		i	i	1		1	1	1	1	-2	G	Bb	G	G	minor triad	1	True	True	True	True	True	-3	-3	-3	3	True	False	True
81	3	6.75	67	1	G	0	1.75	0	False	3	8	1	1	1/32	True	-2	3	3	3	3a	4	27/8	False	True				False	5	i6		g	i		i6		i		6			m	True	True	(-3, 1, 0)	()	0	-3	minor	minor	i	i, minor	i		i	i	True	i6	i6, minor		i6, minor		i	i	1		1	1	1	1	-2	G	Bb	G	G	minor triad	1	True	True	True	True	True	0	0	0	1	True	True	False
84	12	7.0	48	0	C	0	2.0	2	True	3	8	2	1	1/8	True	-2	3	3	3	3a	3	7/2	False	True				False	6	iio6		g	i		iio6		ii	o	6			o	True	True	(-1, -4, 2)	()	2	-1	minor	minor	i	i, minor	ii		i	i	True	iio6	iio6, minor		iio6, minor		ii	iio	2		1	1	1	3	0	A	C	G	G	diminished triad	1	True	True	True	True	True	-1	-1	-1	4	True	False	True
84	12	7.0	69	3	A	0	2.0	2	True	3	8	1	1	1/8	True	-2	3	3	3	3a	4	7/2	False	True				False	6	iio6		g	i		iio6		ii	o	6			o	True	True	(-1, -4, 2)	()	2	-1	minor	minor	i	i, minor	ii		i	i	True	iio6	iio6, minor		iio6, minor		ii	iio	2		1	1	1	3	0	A	C	G	G	diminished triad	1	True	True	True	True	True	2	2	2	2	True	True	False
96	0	8.0	67	1	G	0	3.0	3	True	3	8	1	1	0	True	-2	3	3	3	3a	4	4	False	True				False	7	V		g	i		V		V					M	True	True	(1, 5, 2)	()	1	1	minor	minor	i	i, minor	V		i	i	True	V	V, minor		V, minor		V	V	5		1	1	1	2	2	D	D	G	G	major triad	0	True	True	True	True	True	0	0	0	1	False	False	False
96	12	8.0	50	2	D	0	3.0	3	True	3	8	2	1	1/8	True	-2	3	3	3	3a	3	4	False	True				False	7	V		g	i		V		V					M	True	True	(1, 5, 2)	()	1	1	minor	minor	i	i, minor	V		i	i	True	V	V, minor		V, minor		V	V	5		1	1	1	2	2	D	D	G	G	major triad	0	True	True	True	True	True	1	1	1	5	True	True	True
96	12	8.0	66	6	F	1	3.0	3	True	3	8	1	1	1/8	True	-2	3	3	3	3a	4	4	False	True				False	7	V		g	i		V		V					M	True	True	(1, 5, 2)	()	1	1	minor	minor	i	i, minor	V		i	i	True	V	V, minor		V, minor		V	V	5		1	1	1	2	2	D	D	G	G	major triad	0	True	True	True	True	True	5	5	5	#7	True	False	False
108	0	9.0	69	3	A	0	1.0	1	True	3	8	1	1	0	True	-2	4	4	4	4a	4	9/2	False	True				False	8	VI		g	i		VI		VI					M	True	True	(-4, 0, -3)	()	-4	-4	minor	minor	i	i, minor	VI		i	i	True	VI	VI, minor		VI, minor		VI	VI	6		1	1	1	-3	-3	Eb	Eb	G	G	major triad	0	True	True	True	True	True	2	2	2	2	False	False	False
108	21	9.0	39	-3	E	-1	1.0	1	True	3	8	2	1	7/32	True	-2	4	4	4	4a	2	9/2	False	True				False	8	VI		g	i		VI		VI					M	True	True	(-4, 0, -3)	()	-4	-4	minor	minor	i	i, minor	VI		i	i	True	VI	VI, minor		VI, minor		VI	VI	6		1	1	1	-3	-3	Eb	Eb	G	G	major triad	0	True	True	True	True	True	-4	-4	-4	6	True	True	True
108	4	9.0	67	1	G	0	1.0	1	True	3	8	1	1	1/24	True	-2	4	4	4	4a	4	9/2	False	True				False	8	VI		g	i		VI		VI					M	True	True	(-4, 0, -3)	()	-4	-4	minor	minor	i	i, minor	VI		i	i	True	VI	VI, minor		VI, minor		VI	VI	6		1	1	1	-3	-3	Eb	Eb	G	G	major triad	0	True	True	True	True	True	0	0	0	1	True	False	False
112	4	9.333	66	6	F	1	1.333	0	False	3	8	1	1	1/24	True	-2	4	4	4	4a	4	14/3	False	False				False	8	VI		g	i		VI		VI					M	True	True	(-4, 0, -3)	()	-4	-4	minor	minor	i	i, minor	VI		i	i	True	VI	VI, minor		VI, minor		VI	VI	6		1	1	1	-3	-3	Eb	Eb	G	G	major triad	0	True	True	True	True	True	5	5	5	#7	False	False	False
116	4	9.667	67	1	G	0	1.667	0	False	3	8	1	1	1/24	True	-2	4	4	4	4a	4	29/6	False	False				False	8	VI		g	i		VI		VI					M	True	True	(-4, 0, -3)	()	-4	-4	minor	minor	i	i, minor	VI		i	i	True	VI	VI, minor		VI, minor		VI	VI	6		1	1	1	-3	-3	Eb	Eb	G	G	major triad	0	True	True	True	True	True	0	0	0	1	True	False	False
120	24	10.0	55	1	G	0	2.0	2	True	3	8	1	1	1/4	True	-2	4	4	4	4a	3	5	False	False				False	8	VI		g	i		VI		VI					M	True	True	(-4, 0, -3)	()	-4	-4	minor	minor	i	i, minor	VI		i	i	True	VI	VI, minor		VI, minor		VI	VI	6		1	1	1	-3	-3	Eb	Eb	G	G	major triad	0	True	True	True	True	True	0	0	0	1	True	False	False
129	3	10.75	51	-3	E	-1	2.75	0	False	3	8	2	1	1/32	True	-2	4	4	4	4a	3	43/8	False	False				False	8	VI		g	i		VI		VI					M	True	True	(-4, 0, -3)	()	-4	-4	minor	minor	i	i, minor	VI		i	i	True	VI	VI, minor		VI, minor		VI	VI	6		1	1	1	-3	-3	Eb	Eb	G	G	major triad	0	True	True	True	True	True	-4	-4	-4	6	True	True	True
132	9	11.0	50	2	D	0	3.0	3	True	3	8	2	1	3/32	True	-2	4	4	4	4a	3	11/2	False	False				False	8	VI		g	i		VI		VI					M	True	True	(-4, 0, -3)	()	-4	-4	minor	minor	i	i, minor	VI		i	i	True	VI	VI, minor		VI, minor		VI	VI	6		1	1	1	-3	-3	Eb	Eb	G	G	major triad	0	True	True	True	True	True	1	1	1	5	False	False	False
141	3	11.75	48	0	C	0	3.75	0	False	3	8	2	1	1/32	True	-2	4	4	4	4a	3	47/8	False	False				False	8	VI		g	i		VI		VI					M	True	True	(-4, 0, -3)	()	-4	-4	minor	minor	i	i, minor	VI		i	i	True	VI	VI, minor		VI, minor		VI	VI	6		1	1	1	-3	-3	Eb	Eb	G	G	major triad	0	True	True	True	True	True	-1	-1	-1	4	False	False	False
144	0	12.0	79	1	G	0	1.0	1	True	3	8	1	1	0	True	-2	5	5	5	5a	5	6	False	True				False	9	V65/iv		g	i		V65/iv		V		65		iv	Mm7	True	True	(4, 1, -2, 0)	()	0	4	minor	minor	i	i, minor	V/iv	iv	iv/i	iv	True	V65/iv	V65/iv, minor		V65/iv, minor	iv	iv	V7	5	4	1	1	0	1	5	G	B	G	C	dominant seventh chord	1	True	True	True	True	True	0	0	1	1	True	True	False
144	0	12.0	81	3	A	0	1.0	1	True	3	8	1	1	0	True	-2	5	5	5	5a	5	6	False	True				False	9	V65/iv		g	i		V65/iv		V		65		iv	Mm7	True	True	(4, 1, -2, 0)	()	0	4	minor	minor	i	i, minor	V/iv	iv	iv/i	iv	True	V65/iv	V65/iv, minor		V65/iv, minor	iv	iv	V7	5	4	1	1	0	1	5	G	B	G	C	dominant seventh chord	1	True	True	True	True	True	2	2	3	2	False	False	False
144	12	12.0	47	5	B	0	1.0	1	True	3	8	2	1	1/8	True	-2	5	5	5	5a	2	6	False	True				False	9	V65/iv		g	i		V65/iv		V		65		iv	Mm7	True	True	(4, 1, -2, 0)	()	0	4	minor	minor	i	i, minor	V/iv	iv	iv/i	iv	True	V65/iv	V65/iv, minor		V65/iv, minor	iv	iv	V7	5	4	1	1	0	1	5	G	B	G	C	dominant seventh chord	1	True	True	True	True	True	4	4	5	#3	True	False	True
144	4	12.0	79	1	G	0	1.0	1	True	3	8	1	1	1/24	True	-2	5	5	5	5a	5	6	False	True				False	9	V65/iv		g	i		V65/iv		V		65		iv	Mm7	True	True	(4, 1, -2, 0)	()	0	4	minor	minor	i	i, minor	V/iv	iv	iv/i	iv	True	V65/iv	V65/iv, minor		V65/iv, minor	iv	iv	V7	5	4	1	1	0	1	5	G	B	G	C	dominant seventh chord	1	True	True	True	True	True	0	0	1	1	True	True	False
148	4	12.333	78	6	F	1	1.333	0	False	3	8	1	1	1/24	True	-2	5	5	5	5a	5	37/6	False	False				False	9	V65/iv		g	i		V65/iv		V		65		iv	Mm7	True	True	(4, 1, -2, 0)	()	0	4	minor	minor	i	i, minor	V/iv	iv	iv/i	iv	True	V65/iv	V65/iv, minor		V65/iv, minor	iv	iv	V7	5	4	1	1	0	1	5	G	B	G	C	dominant seventh chord	1	True	True	True	True	True	5	5	6	#7	False	False	False
152	4	12.667	79	1	G	0	1.667	0	False	3	8	1	1	1/24	True	-2	5	5	5	5a	5	19/3	False	False				False	9	V65/iv		g	i		V65/iv		V		65		iv	Mm7	True	True	(4, 1, -2, 0)	()	0	4	minor	minor	i	i, minor	V/iv	iv	iv/i	iv	True	V65/iv	V65/iv, minor		V65/iv, minor	iv	iv	V7	5	4	1	1	0	1	5	G	B	G	C	dominant seventh chord	1	True	True	True	True	True	0	0	1	1	True	True	False
156	12	13.0	47	5	B	0	2.0	2	True	3	8	2	1	1/8	True	-2	5	5	5	5a	2	13/2	False	False				False	9	V65/iv		g	i		V65/iv		V		65		iv	Mm7	True	True	(4, 1, -2, 0)	()	0	4	minor	minor	i	i, minor	V/iv	iv	iv/i	iv	True	V65/iv	V65/iv, minor		V65/iv, minor	iv	iv	V7	5	4	1	1	0	1	5	G	B	G	C	dominant seventh chord	1	True	True	True	True	True	4	4	5	#3	True	False	True
156	12	13.0	53	-1	F	0	2.0	2	True	3	8	2	1	1/8	True	-2	5	5	5	5a	3	13/2	False	False				False	9	V65/iv		g	i		V65/iv		V		65		iv	Mm7	True	True	(4, 1, -2, 0)	()	0	4	minor	minor	i	i, minor	V/iv	iv	iv/i	iv	True	V65/iv	V65/iv, minor		V65/iv, minor	iv	iv	V7	5	4	1	1	0	1	5	G	B	G	C	dominant seventh chord	1	True	True	True	True	True	-2	-2	-1	7	True	False	False
162	6	13.5	79	1	G	0	2.5	0	False	3	8	1	1	1/16	True	-2	5	5	5	5a	5	27/4	False	False				False	9	V65/iv		g	i		V65/iv		V		65		iv	Mm7	True	True	(4, 1, -2, 0)	()	0	4	minor	minor	i	i, minor	V/iv	iv	iv/i	iv	True	V65/iv	V65/iv, minor		V65/iv, minor	iv	iv	V7	5	4	1	1	0	1	5	G	B	G	C	dominant seventh chord	1	True	True	True	True	True	0	0	1	1	True	True	False
168	12	14.0	48	0	C	0	3.0	3	True	3	8	2	1	1/8	True	-2	5	5	5	5a	3	7	False	True				False	10	iv		g	i		iv		iv					m	True	True	(-1, -4, 0)	()	-1	-1	minor	minor	i	i, minor	iv		i	i	True	iv	iv, minor		iv, minor		iv	iv	4		1	1	1	0	0	C	C	G	G	minor triad	0	True	True	True	True	True	-1	-1	-1	4	True	True	True
168	12	14.0	51	-3	E	-1	3.0	3	True	3	8	2	1	1/8	True	-2	5	5	5	5a	3	7	False	True				False	10	iv		g	i		iv		iv					m	True	True	(-1, -4, 0)	()	-1	-1	minor	minor	i	i, minor	iv		i	i	True	iv	iv, minor		iv, minor		iv	iv	4		1	1	1	0	0	C	C	G	G	minor triad	0	True	True	True	True	True	-4	-4	-4	6	True	False	False
174	6	14.5	79	1	G	0	3.5	0	False	3	8	1	1	1/16	True	-2	5	5	5	5a	5	29/4	False	False				False	10	iv		g	i		iv		iv					m	True	True	(-1, -4, 0)	()	-1	-1	minor	minor	i	i, minor	iv		i	i	True	iv	iv, minor		iv, minor		iv	iv	4		1	1	1	0	0	C	C	G	G	minor triad	0	True	True	True	True	True	0	0	0	1	True	False	False
180	0	15.0	79	1	G	0	1.0	1	True	3	8	1	1	0	True	-2	6	6	6	6a	5	15/2	False	True				False	11	V64/iv		g	i		V64/iv		V		64		iv	M	True	True	(1, 0, 4)	()	0	1	minor	minor	i	i, minor	V/iv	iv	iv/i	iv	True	V64/iv	V64/iv, minor		V64/iv, minor	iv	iv	V	5	4	1	1	0	1	2	G	D	G	C	major triad	2	True	True	True	True	True	0	0	1	1	True	True	False
180	0	15.0	81	3	A	0	1.0	1	True	3	8	1	1	0	True	-2	6	6	6	6a	5	15/2	False	True				False	11	V64/iv		g	i		V64/iv		V		64		iv	M	True	True	(1, 0, 4)	()	0	1	minor	minor	i	i, minor	V/iv	iv	iv/i	iv	True	V64/iv	V64/iv, minor		V64/iv, minor	iv	iv	V	5	4	1	1	0	1	2	G	D	G	C	major triad	2	True	True	True	True	True	2	2	3	2	False	False	False
180	4	15.0	79	1	G	0	1.0	1	True	3	8	1	1	1/24	True	-2	6	6	6	6a	5	15/2	False	True				False	11	V64/iv		g	i		V64/iv		V		64		iv	M	True	True	(1, 0, 4)	()	0	1	minor	minor	i	i, minor	V/iv	iv	iv/i	iv	True	V64/iv	V64/iv, minor		V64/iv, minor	iv	iv	V	5	4	1	1	0	1	2	G	D	G	C	major triad	2	True	True	True	True	True	0	0	1	1	True	True	False
184	4	15.333	78	6	F	1	1.333	0	False	3	8	1	1	1/24	True	-2	6	6	6	6a	5	23/3	False	False				False	11	V64/iv		g	i		V64/iv		V		64		iv	M	True	True	(1, 0, 4)	()	0	1	minor	minor	i	i, minor	V/iv	iv	iv/i	iv	True	V64/iv	V64/iv, minor		V64/iv, minor	iv	iv	V	5	4	1	1	0	1	2	G	D	G	C	major triad	2	True	True	True	True	True	5	5	6	#7	False	False	False
188	4	15.667	79	1	G	0	1.667	0	False	3	8	1	1	1/24	True	-2	6	6	6	6a	5	47/6	False	False				False	11	V64/iv		g	i		V64/iv		V		64		iv	M	True	True	(1, 0, 4)	()	0	1	minor	minor	i	i, minor	V/iv	iv	iv/i	iv	True	V64/iv	V64/iv, minor		V64/iv, minor	iv	iv	V	5	4	1	1	0	1	2	G	D	G	C	major triad	2	True	True	True	True	True	0	0	1	1	True	True	False
192	12	16.0	50	2	D	0	2.0	2	True	3	8	2	3	1/8	True	-2	6	6	6	6a	3	8	False	False				False	11	V64/iv		g	i		V64/iv		V		64		iv	M	True	True	(1, 0, 4)	()	0	1	minor	minor	i	i, minor	V/iv	iv	iv/i	iv	True	V64/iv	V64/iv, minor		V64/iv, minor	iv	iv	V	5	4	1	1	0	1	2	G	D	G	C	major triad	2	True	True	True	True	True	1	1	2	5	True	False	True
192	12	16.0	59	5	B	0	2.0	2	True	3	8	2	1	1/8	True	-2	6	6	6	6a	3	8	False	False				False	11	V64/iv		g	i		V64/iv		V		64		iv	M	True	True	(1, 0, 4)	()	0	1	minor	minor	i	i, minor	V/iv	iv	iv/i	iv	True	V64/iv	V64/iv, minor		V64/iv, minor	iv	iv	V	5	4	1	1	0	1	2	G	D	G	C	major triad	2	True	True	True	True	True	4	4	5	#3	True	False	False
198	6	16.5	79	1	G	0	2.5	0	False	3	8	1	1	1/16	True	-2	6	6	6	6a	5	33/4	False	False				False	11	V64/iv		g	i		V64/iv		V		64		iv	M	True	True	(1, 0, 4)	()	0	1	minor	minor	i	i, minor	V/iv	iv	iv/i	iv	True	V64/iv	V64/iv, minor		V64/iv, minor	iv	iv	V	5	4	1	1	0	1	2	G	D	G	C	major triad	2	True	True	True	True	True	0	0	1	1	True	True	False
204	12	17.0	51	-3	E	-1	3.0	3	True	3	8	2	3	1/8	True	-2	6	6	6	6a	3	17/2	False	True				False	12	iv6		g	i		iv6		iv		6			m	True	True	(-4, 0, -1)	()	-1	-4	minor	minor	i	i, minor	iv		i	i	True	iv6	iv6, minor		iv6, minor		iv	iv	4		1	1	1	0	-3	C	Eb	G	G	minor triad	1	True	True	True	True	True	-4	-4	-4	6	True	False	True
204	12	17.0	60	0	C	0	3.0	3	True	3	8	2	1	1/8	True	-2	6	6	6	6a	4	17/2	False	True				False	12	iv6		g	i		iv6		iv		6			m	True	True	(-4, 0, -1)	()	-1	-4	minor	minor	i	i, minor	iv		i	i	True	iv6	iv6, minor		iv6, minor		iv	iv	4		1	1	1	0	-3	C	Eb	G	G	minor triad	1	True	True	True	True	True	-1	-1	-1	4	True	True	False
210	3	17.5	79	1	G	0	3.5	0	False	3	8	1	1	1/32	True	-2	6	6	6	6a	5	35/4	False	False				False	12	iv6		g	i		iv6		iv		6			m	True	True	(-4, 0, -1)	()	-1	-4	minor	minor	i	i, minor	iv		i	i	True	iv6	iv6, minor		iv6, minor		iv	iv	4		1	1	1	0	-3	C	Eb	G	G	minor triad	1	True	True	True	True	True	0	0	0	1	True	False	False
213	3	17.75	87	-3	E	-1	3.75	0	False	3	8	1	1	1/32	True	-2	6	6	6	6a	6	71/8	False	False				False	12	iv6		g	i		iv6		iv		6			m	True	True	(-4, 0, -1)	()	-1	-4	minor	minor	i	i, minor	iv		i	i	True	iv6	iv6, minor		iv6, minor		iv	iv	4		1	1	1	0	-3	C	Eb	G	G	minor triad	1	True	True	True	True	True	-4	-4	-4	6	True	False	True
216	12	18.0	86	2	D	0	1.0	1	True	3	8	1	1	1/8	True	-2	7	7	7	7a	6	9	False	True				False	13	Ger6		g	i		Ger6	Ger	vii	o	65	b3	V	Ger	True	True	(-4, 0, -3, 6)	()	6	-4	minor	minor	i	i, minor	vii/V	V	V/i	V	False	viio65/V	viio65/V, minor		Ger6, minor	V	V	Ger7	7	5	1	1	2	7	-3	C#	Eb	G	D	German augmented sixth chord	1	True	True	True	True	True	1	1	0	5	False	False	False
222	3	18.5	55	1	G	0	1.5	0	False	3	8	2	1	1/32	True	-2	7	7	7	7a	3	37/4	False	False				False	13	Ger6		g	i		Ger6	Ger	vii	o	65	b3	V	Ger	True	True	(-4, 0, -3, 6)	()	6	-4	minor	minor	i	i, minor	vii/V	V	V/i	V	False	viio65/V	viio65/V, minor		Ger6, minor	V	V	Ger7	7	5	1	1	2	7	-3	C#	Eb	G	D	German augmented sixth chord	1	True	True	True	True	True	0	0	-1	1	True	False	False
225	3	18.75	58	-2	B	-1	1.75	0	False	3	8	2	1	1/32	True	-2	7	7	7	7a	3	75/8	False	False				False	13	Ger6		g	i		Ger6	Ger	vii	o	65	b3	V	Ger	True	True	(-4, 0, -3, 6)	()	6	-4	minor	minor	i	i, minor	vii/V	V	V/i	V	False	viio65/V	viio65/V, minor		Ger6, minor	V	V	Ger7	7	5	1	1	2	7	-3	C#	Eb	G	D	German augmented sixth chord	1	True	True	True	True	True	-3	-3	-4	3	True	False	False
228	6	19.0	63	-3	E	-1	2.0	2	True	3	8	2	1	1/16	True	-2	7	7	7	7a	4	19/2	False	False				False	13	Ger6		g	i		Ger6	Ger	vii	o	65	b3	V	Ger	True	True	(-4, 0, -3, 6)	()	6	-4	minor	minor	i	i, minor	vii/V	V	V/i	V	False	viio65/V	viio65/V, minor		Ger6, minor	V	V	Ger7	7	5	1	1	2	7	-3	C#	Eb	G	D	German augmented sixth chord	1	True	True	True	True	True	-4	-4	-5	6	True	False	True
228	6	19.0	85	7	C	1	2.0	2	True	3	8	1	1	1/16	True	-2	7	7	7	7a	6	19/2	False	False				False	13	Ger6		g	i		Ger6	Ger	vii	o	65	b3	V	Ger	True	True	(-4, 0, -3, 6)	()	6	-4	minor	minor	i	i, minor	vii/V	V	V/i	V	False	viio65/V	viio65/V, minor		Ger6, minor	V	V	Ger7	7	5	1	1	2	7	-3	C#	Eb	G	D	German augmented sixth chord	1	True	True	True	True	True	6	6	5	#4	True	True	False
234	6	19.5	51	-3	E	-1	2.5	0	False	3	8	2	1	1/16	True	-2	7	7	7	7a	3	39/4	False	False				False	13	Ger6		g	i		Ger6	Ger	vii	o	65	b3	V	Ger	True	True	(-4, 0, -3, 6)	()	6	-4	minor	minor	i	i, minor	vii/V	V	V/i	V	False	viio65/V	viio65/V, minor		Ger6, minor	V	V	Ger7	7	5	1	1	2	7	-3	C#	Eb	G	D	German augmented sixth chord	1	True	True	True	True	True	-4	-4	-5	6	True	False	True
237	3	19.75	70	-2	B	-1	2.75	0	False	3	8	1	1	1/32	True	-2	7	7	7	7a	4	79/8	False	False				False	13	Ger6		g	i		Ger6	Ger	vii	o	65	b3	V	Ger	True	True	(-4, 0, -3, 6)	()	6	-4	minor	minor	i	i, minor	vii/V	V	V/i	V	False	viio65/V	viio65/V, minor		Ger6, minor	V	V	Ger7	7	5	1	1	2	7	-3	C#	Eb	G	D	German augmented sixth chord	1	True	True	True	True	True	-3	-3	-4	3	True	False	False
240	0	20.0	70	-2	B	-1	3.0	3	True	3	8	1	1	0	True	-2	7	7	7	7a	4	10	False	False				False	13	Ger6		g	i		Ger6	Ger	vii	o	65	b3	V	Ger	True	True	(-4, 0, -3, 6)	()	6	-4	minor	minor	i	i, minor	vii/V	V	V/i	V	False	viio65/V	viio65/V, minor		Ger6, minor	V	V	Ger7	7	5	1	1	2	7	-3	C#	Eb	G	D	German augmented sixth chord	1	True	True	True	True	True	-3	-3	-4	3	True	False	False
240	0	20.0	72	0	C	0	3.0	3	True	3	8	1	1	0	True	-2	7	7	7	7a	5	10	False	False				False	13	Ger6		g	i		Ger6	Ger	vii	o	65	b3	V	Ger	True	True	(-4, 0, -3, 6)	()	6	-4	minor	minor	i	i, minor	vii/V	V	V/i	V	False	viio65/V	viio65/V, minor		Ger6, minor	V	V	Ger7	7	5	1	1	2	7	-3	C#	Eb	G	D	German augmented sixth chord	1	True	True	True	True	True	-1	-1	-2	4	False	False	False
240	3	20.0	70	-2	B	-1	3.0	3	True	3	8	1	1	1/32	True	-2	7	7	7	7a	4	10	False	False				False	13	Ger6		g	i		Ger6	Ger	vii	o	65	b3	V	Ger	True	True	(-4, 0, -3, 6)	()	6	-4	minor	minor	i	i, minor	vii/V	V	V/i	V	False	viio65/V	viio65/V, minor		Ger6, minor	V	V	Ger7	7	5	1	1	2	7	-3	C#	Eb	G	D	German augmented sixth chord	1	True	True	True	True	True	-3	-3	-4	3	True	False	False
243	3	20.25	69	3	A	0	3.25	0	False	3	8	1	1	1/32	True	-2	7	7	7	7a	4	81/8	False	False				False	13	Ger6		g	i		Ger6	Ger	vii	o	65	b3	V	Ger	True	True	(-4, 0, -3, 6)	()	6	-4	minor	minor	i	i, minor	vii/V	V	V/i	V	False	viio65/V	viio65/V, minor		Ger6, minor	V	V	Ger7	7	5	1	1	2	7	-3	C#	Eb	G	D	German augmented sixth chord	1	True	True	True	True	True	2	2	1	2	False	False	False
246	0	20.5	69	3	A	0	3.5	0	False	3	8	1	1	0	True	-2	7	7	7	7a	4	41/4	False	False				False	13	Ger6		g	i		Ger6	Ger	vii	o	65	b3	V	Ger	True	True	(-4, 0, -3, 6)	()	6	-4	minor	minor	i	i, minor	vii/V	V	V/i	V	False	viio65/V	viio65/V, minor		Ger6, minor	V	V	Ger7	7	5	1	1	2	7	-3	C#	Eb	G	D	German augmented sixth chord	1	True	True	True	True	True	2	2	1	2	False	False	False
246	0	20.5	70	-2	B	-1	3.5	0	False	3	8	1	1	0	True	-2	7	7	7	7a	4	41/4	False	False				False	13	Ger6		g	i		Ger6	Ger	vii	o	65	b3	V	Ger	True	True	(-4, 0, -3, 6)	()	6	-4	minor	minor	i	i, minor	vii/V	V	V/i	V	False	viio65/V	viio65/V, minor		Ger6, minor	V	V	Ger7	7	5	1	1	2	7	-3	C#	Eb	G	D	German augmented sixth chord	1	True	True	True	True	True	-3	-3	-4	3	True	False	False
246	3	20.5	69	3	A	0	3.5	0	False	3	8	1	1	1/32	True	-2	7	7	7	7a	4	41/4	False	False				False	13	Ger6		g	i		Ger6	Ger	vii	o	65	b3	V	Ger	True	True	(-4, 0, -3, 6)	()	6	-4	minor	minor	i	i, minor	vii/V	V	V/i	V	False	viio65/V	viio65/V, minor		Ger6, minor	V	V	Ger7	7	5	1	1	2	7	-3	C#	Eb	G	D	German augmented sixth chord	1	True	True	True	True	True	2	2	1	2	False	False	False
249	3	20.75	67	1	G	0	3.75	0	False	3	8	1	1	1/32	True	-2	7	7	7	7a	4	83/8	False	False				False	13	Ger6		g	i		Ger6	Ger	vii	o	65	b3	V	Ger	True	True	(-4, 0, -3, 6)	()	6	-4	minor	minor	i	i, minor	vii/V	V	V/i	V	False	viio65/V	viio65/V, minor		Ger6, minor	V	V	Ger7	7	5	1	1	2	7	-3	C#	Eb	G	D	German augmented sixth chord	1	True	True	True	True	True	0	0	-1	1	True	False	False
252	12	21.0	50	2	D	0	1.0	1	True	3	8	2	1	1/8	True	-2	8	8	8	8a	3	21/2	False	True			}	True	14	V(^4)}		g	i		V(^4)		V			^4		M	True	True	(1, 5, 0)	()	1	1	minor	minor	i	i, minor	V		i	i	True	V	V, minor		V(^4), minor		V	V	5		1	1	1	2	2	D	D	G	G	major triad	0	True	True	True	True	True	1	1	1	5	True	True	True
252	8	21.0	67	1	G	0	1.0	1	True	3	8	1	1	1/12	True	-2	8	8	8	8a	4	21/2	False	True			}	True	14	V(^4)}		g	i		V(^4)		V			^4		M	True	True	(1, 5, 0)	()	1	1	minor	minor	i	i, minor	V		i	i	True	V	V, minor		V(^4), minor		V	V	5		1	1	1	2	2	D	D	G	G	major triad	0	True	True	True	True	True	0	0	0	1	True	False	False
260	3	21.667	66	6	F	1	1.667	0	False	3	8	1	1	1/32	True	-2	8	8	8	8a	4	65/6	False	False				False	14	V(^4)}		g	i		V(^4)		V			^4		M	True	True	(1, 5, 0)	()	1	1	minor	minor	i	i, minor	V		i	i	True	V	V, minor		V(^4), minor		V	V	5		1	1	1	2	2	D	D	G	G	major triad	0	True	True	True	True	True	5	5	5	#7	True	False	False
263	1	21.917	67	1	G	0	1.917	0	False	3	8	1	1	1/96	True	-2	8	8	8	8a	4	263/24	False	False				False	14	V(^4)}		g	i		V(^4)		V			^4		M	True	True	(1, 5, 0)	()	1	1	minor	minor	i	i, minor	V		i	i	True	V	V, minor		V(^4), minor		V	V	5		1	1	1	2	2	D	D	G	G	major triad	0	True	True	True	True	True	0	0	0	1	True	False	False
264	6	22.0	50	2	D	0	2.0	2	True	3	8	2	1	1/16	False	-2	8	8	8	8a	3	11	False	False				False	14	V(^4)}		g	i		V(^4)		V			^4		M	True	True	(1, 5, 0)	()	1	1	minor	minor	i	i, minor	V		i	i	True	V	V, minor		V(^4), minor		V	V	5		1	1	1	2	2	D	D	G	G	major triad	0	True	True	True	True	True	1	1	1	5	True	True	True
264	12	22.0	67	1	G	0	2.0	2	True	3	8	1	1	1/8	True	-2	8	8	8	8a	4	11	False	False				False	14	V(^4)}		g	i		V(^4)		V			^4		M	True	True	(1, 5, 0)	()	1	1	minor	minor	i	i, minor	V		i	i	True	V	V, minor		V(^4), minor		V	V	5		1	1	1	2	2	D	D	G	G	major triad	0	True	True	True	True	True	0	0	0	1	True	False	False
270	18	22.5	38	2	D	0	2.5	0	False	3	8	2	1	3/16	True	-2	8	8	8	8a	2	45/4	False	False				False	14	V(^4)}		g	i		V(^4)		V			^4		M	True	True	(1, 5, 0)	()	1	1	minor	minor	i	i, minor	V		i	i	True	V	V, minor		V(^4), minor		V	V	5		1	1	1	2	2	D	D	G	G	major triad	0	True	True	True	True	True	1	1	1	5	True	True	True
276	12	23.0	69	3	A	0	3.0	3	True	3	8	1	1	1/8	True	-2	8	8	8	8a	4	23/2	False	True	HC	HC		False	15	V|HC		g	i		V		V					M	True	True	(1, 5, 2)	()	1	1	minor	minor	i	i, minor	V		i	i	True	V	V, minor		V, minor		V	V	5		1	1	1	2	2	D	D	G	G	major triad	0	True	True	True	True	True	2	2	2	2	True	False	False
288	12	24.0	70	-2	B	-1	1.0	1	True	3	8	1	1	1/8	True	-2	9	9	9	9a	4	12	False	True			{	False	16	V/VI{		g	i		V/VI		V				VI	M	True	True	(-3, 1, -2)	()	-3	-3	minor	minor	i	i, minor	V/VI	VI	VI/i	VI	False	V/VI	V/VI, minor		V/VI, minor	VI	VI	V	5	6	1	1	-3	-2	-2	Bb	Bb	G	Eb	major triad	0	True	True	True	True	True	-3	-3	1	3	True	True	True
300	6	25.0	70	-2	B	-1	2.0	2	True	3	8	1	1	1/16	False	-2	9	9	9	9a	4	25/2	False	False				False	16	V/VI{		g	i		V/VI		V				VI	M	True	True	(-3, 1, -2)	()	-3	-3	minor	minor	i	i, minor	V/VI	VI	VI/i	VI	False	V/VI	V/VI, minor		V/VI, minor	VI	VI	V	5	6	1	1	-3	-2	-2	Bb	Bb	G	Eb	major triad	0	True	True	True	True	True	-3	-3	1	3	True	True	True
306	3	25.5	72	0	C	0	2.5	0	False	3	8	1	1	1/32	True	-2	9	9	9	9a	5	51/4	False	False				False	16	V/VI{		g	i		V/VI		V				VI	M	True	True	(-3, 1, -2)	()	-3	-3	minor	minor	i	i, minor	V/VI	VI	VI/i	VI	False	V/VI	V/VI, minor		V/VI, minor	VI	VI	V	5	6	1	1	-3	-2	-2	Bb	Bb	G	Eb	major triad	0	True	True	True	True	True	-1	-1	3	4	False	False	False
309	3	25.75	74	2	D	0	2.75	0	False	3	8	1	1	1/32	True	-2	9	9	9	9a	5	103/8	False	False				False	16	V/VI{		g	i		V/VI		V				VI	M	True	True	(-3, 1, -2)	()	-3	-3	minor	minor	i	i, minor	V/VI	VI	VI/i	VI	False	V/VI	V/VI, minor		V/VI, minor	VI	VI	V	5	6	1	1	-3	-2	-2	Bb	Bb	G	Eb	major triad	0	True	True	True	True	True	1	1	5	5	True	False	False
312	3	26.0	77	-1	F	0	3.0	3	True	3	8	1	1	1/32	True	-2	9	9	9	9a	5	13	False	False				False	16	V/VI{		g	i		V/VI		V				VI	M	True	True	(-3, 1, -2)	()	-3	-3	minor	minor	i	i, minor	V/VI	VI	VI/i	VI	False	V/VI	V/VI, minor		V/VI, minor	VI	VI	V	5	6	1	1	-3	-2	-2	Bb	Bb	G	Eb	major triad	0	True	True	True	True	True	-2	-2	2	7	True	False	False
315	3	26.25	75	-3	E	-1	3.25	0	False	3	8	1	1	1/32	True	-2	9	9	9	9a	5	105/8	False	False				False	16	V/VI{		g	i		V/VI		V				VI	M	True	True	(-3, 1, -2)	()	-3	-3	minor	minor	i	i, minor	V/VI	VI	VI/i	VI	False	V/VI	V/VI, minor		V/VI, minor	VI	VI	V	5	6	1	1	-3	-2	-2	Bb	Bb	G	Eb	major triad	0	True	True	True	True	True	-4	-4	0	6	False	False	False
318	3	26.5	74	2	D	0	3.5	0	False	3	8	1	1	1/32	True	-2	9	9	9	9a	5	53/4	False	False				False	16	V/VI{		g	i		V/VI		V				VI	M	True	True	(-3, 1, -2)	()	-3	-3	minor	minor	i	i, minor	V/VI	VI	VI/i	VI	False	V/VI	V/VI, minor		V/VI, minor	VI	VI	V	5	6	1	1	-3	-2	-2	Bb	Bb	G	Eb	major triad	0	True	True	True	True	True	1	1	5	5	True	False	False
321	3	26.75	72	0	C	0	3.75	0	False	3	8	1	1	1/32	True	-2	9	9	9	9a	5	107/8	False	False				False	16	V/VI{		g	i		V/VI		V				VI	M	True	True	(-3, 1, -2)	()	-3	-3	minor	minor	i	i, minor	V/VI	VI	VI/i	VI	False	V/VI	V/VI, minor		V/VI, minor	VI	VI	V	5	6	1	1	-3	-2	-2	Bb	Bb	G	Eb	major triad	0	True	True	True	True	True	-1	-1	3	4	False	False	False
324	6	27.0	70	-2	B	-1	1.0	1	True	3	8	1	1	1/16	True	-2	10	10	10	10a	4	27/2	False	True				False	17	V2/VI		g	i		V2/VI		V		2		VI	Mm7	True	True	(-5, -3, 1, -2)	()	-3	-5	minor	minor	i	i, minor	V/VI	VI	VI/i	VI	False	V2/VI	V2/VI, minor		V2/VI, minor	VI	VI	V7	5	6	1	1	-3	-2	-4	Bb	Ab	G	Eb	dominant seventh chord	3	True	True	True	True	True	-3	-3	1	3	True	True	False
330	3	27.5	68	-4	A	-1	1.5	0	False	3	8	1	1	1/32	True	-2	10	10	10	10a	4	55/4	False	False				False	17	V2/VI		g	i		V2/VI		V		2		VI	Mm7	True	True	(-5, -3, 1, -2)	()	-3	-5	minor	minor	i	i, minor	V/VI	VI	VI/i	VI	False	V2/VI	V2/VI, minor		V2/VI, minor	VI	VI	V7	5	6	1	1	-3	-2	-4	Bb	Ab	G	Eb	dominant seventh chord	3	True	True	True	True	True	-5	-5	-1	b2	True	False	True
333	3	27.75	67	1	G	0	1.75	0	False	3	8	1	1	1/32	True	-2	10	10	10	10a	4	111/8	False	False				False	17	V2/VI		g	i		V2/VI		V		2		VI	Mm7	True	True	(-5, -3, 1, -2)	()	-3	-5	minor	minor	i	i, minor	V/VI	VI	VI/i	VI	False	V2/VI	V2/VI, minor		V2/VI, minor	VI	VI	V7	5	6	1	1	-3	-2	-4	Bb	Ab	G	Eb	dominant seventh chord	3	True	True	True	True	True	0	0	4	1	False	False	False
336	3	28.0	62	2	D	0	2.0	2	True	3	8	1	1	1/32	True	-2	10	10	10	10a	4	14	False	False				False	17	V2/VI		g	i		V2/VI		V		2		VI	Mm7	True	True	(-5, -3, 1, -2)	()	-3	-5	minor	minor	i	i, minor	V/VI	VI	VI/i	VI	False	V2/VI	V2/VI, minor		V2/VI, minor	VI	VI	V7	5	6	1	1	-3	-2	-4	Bb	Ab	G	Eb	dominant seventh chord	3	True	True	True	True	True	1	1	5	5	True	False	False
339	3	28.25	58	-2	B	-1	2.25	0	False	3	8	1	1	1/32	True	-2	10	10	10	10a	3	113/8	False	False				False	17	V2/VI		g	i		V2/VI		V		2		VI	Mm7	True	True	(-5, -3, 1, -2)	()	-3	-5	minor	minor	i	i, minor	V/VI	VI	VI/i	VI	False	V2/VI	V2/VI, minor		V2/VI, minor	VI	VI	V7	5	6	1	1	-3	-2	-4	Bb	Ab	G	Eb	dominant seventh chord	3	True	True	True	True	True	-3	-3	1	3	True	True	False
342	3	28.5	65	-1	F	0	2.5	0	False	3	8	1	1	1/32	True	-2	10	10	10	10a	4	57/4	False	False				False	17	V2/VI		g	i		V2/VI		V		2		VI	Mm7	True	True	(-5, -3, 1, -2)	()	-3	-5	minor	minor	i	i, minor	V/VI	VI	VI/i	VI	False	V2/VI	V2/VI, minor		V2/VI, minor	VI	VI	V7	5	6	1	1	-3	-2	-4	Bb	Ab	G	Eb	dominant seventh chord	3	True	True	True	True	True	-2	-2	2	7	True	False	False
345	3	28.75	56	-4	A	-1	2.75	0	False	3	8	1	1	1/32	True	-2	10	10	10	10a	3	115/8	False	False				False	17	V2/VI		g	i		V2/VI		V		2		VI	Mm7	True	True	(-5, -3, 1, -2)	()	-3	-5	minor	minor	i	i, minor	V/VI	VI	VI/i	VI	False	V2/VI	V2/VI, minor		V2/VI, minor	VI	VI	V7	5	6	1	1	-3	-2	-4	Bb	Ab	G	Eb	dominant seventh chord	3	True	True	True	True	True	-5	-5	-1	b2	True	False	True
348	3	29.0	55	1	G	0	3.0	3	True	3	8	1	1	1/32	True	-2	10	10	10	10a	3	29/2	False	True				False	18	VI6		g	i		VI6		VI		6			M	True	True	(0, -3, -4)	()	-4	0	minor	minor	i	i, minor	VI		i	i	True	VI6	VI6, minor		VI6, minor		VI	VI	6		1	1	1	-3	1	Eb	G	G	G	major triad	1	True	True	True	True	True	0	0	0	1	True	False	True
351	3	29.25	58	-2	B	-1	3.25	0	False	3	8	1	1	1/32	True	-2	10	10	10	10a	3	117/8	False	False				False	18	VI6		g	i		VI6		VI		6			M	True	True	(0, -3, -4)	()	-4	0	minor	minor	i	i, minor	VI		i	i	True	VI6	VI6, minor		VI6, minor		VI	VI	6		1	1	1	-3	1	Eb	G	G	G	major triad	1	True	True	True	True	True	-3	-3	-3	3	True	False	False
354	3	29.5	63	-3	E	-1	3.5	0	False	3	8	1	1	1/32	True	-2	10	10	10	10a	4	59/4	False	False				False	18	VI6		g	i		VI6		VI		6			M	True	True	(0, -3, -4)	()	-4	0	minor	minor	i	i, minor	VI		i	i	True	VI6	VI6, minor		VI6, minor		VI	VI	6		1	1	1	-3	1	Eb	G	G	G	major triad	1	True	True	True	True	True	-4	-4	-4	6	True	True	False
357	3	29.75	67	1	G	0	3.75	0	False	3	8	1	1	1/32	True	-2	10	10	10	10a	4	119/8	False	False				False	18	VI6		g	i		VI6		VI		6			M	True	True	(0, -3, -4)	()	-4	0	minor	minor	i	i, minor	VI		i	i	True	VI6	VI6, minor		VI6, minor		VI	VI	6		1	1	1	-3	1	Eb	G	G	G	major triad	1	True	True	True	True	True	0	0	0	1	True	False	True
360	3	30.0	70	-2	B	-1	1.0	1	True	3	8	1	1	1/32	True	-2	11	11	11	11a	4	15	False	False				False	18	VI6		g	i		VI6		VI		6			M	True	True	(0, -3, -4)	()	-4	0	minor	minor	i	i, minor	VI		i	i	True	VI6	VI6, minor		VI6, minor		VI	VI	6		1	1	1	-3	1	Eb	G	G	G	major triad	1	True	True	True	True	True	-3	-3	-3	3	True	False	False
363	3	30.25	75	-3	E	-1	1.25	0	False	3	8	1	1	1/32	True	-2	11	11	11	11a	5	121/8	False	False				False	18	VI6		g	i		VI6		VI		6			M	True	True	(0, -3, -4)	()	-4	0	minor	minor	i	i, minor	VI		i	i	True	VI6	VI6, minor		VI6, minor		VI	VI	6		1	1	1	-3	1	Eb	G	G	G	major triad	1	True	True	True	True	True	-4	-4	-4	6	True	True	False
366	3	30.5	79	1	G	0	1.5	0	False	3	8	1	1	1/32	True	-2	11	11	11	11a	5	61/4	False	False				False	18	VI6		g	i		VI6		VI		6			M	True	True	(0, -3, -4)	()	-4	0	minor	minor	i	i, minor	VI		i	i	True	VI6	VI6, minor		VI6, minor		VI	VI	6		1	1	1	-3	1	Eb	G	G	G	major triad	1	True	True	True	True	True	0	0	0	1	True	False	True
369	3	30.75	82	-2	B	-1	1.75	0	False	3	8	1	1	1/32	True	-2	11	11	11	11a	5	123/8	False	False				False	18	VI6		g	i		VI6		VI		6			M	True	True	(0, -3, -4)	()	-4	0	minor	minor	i	i, minor	VI		i	i	True	VI6	VI6, minor		VI6, minor		VI	VI	6		1	1	1	-3	1	Eb	G	G	G	major triad	1	True	True	True	True	True	-3	-3	-3	3	True	False	False
372	3	31.0	86	2	D	0	2.0	2	True	3	8	1	1	1/32	True	-2	11	11	11	11a	6	31/2	False	False				False	18	VI6		g	i		VI6		VI		6			M	True	True	(0, -3, -4)	()	-4	0	minor	minor	i	i, minor	VI		i	i	True	VI6	VI6, minor		VI6, minor		VI	VI	6		1	1	1	-3	1	Eb	G	G	G	major triad	1	True	True	True	True	True	1	1	1	5	False	False	False
375	3	31.25	87	-3	E	-1	2.25	0	False	3	8	1	1	1/32	True	-2	11	11	11	11a	6	125/8	False	False				False	18	VI6		g	i		VI6		VI		6			M	True	True	(0, -3, -4)	()	-4	0	minor	minor	i	i, minor	VI		i	i	True	VI6	VI6, minor		VI6, minor		VI	VI	6		1	1	1	-3	1	Eb	G	G	G	major triad	1	True	True	True	True	True	-4	-4	-4	6	True	True	False
378	3	31.5	82	-2	B	-1	2.5	0	False	3	8	1	1	1/32	True	-2	11	11	11	11a	5	63/4	False	False				False	18	VI6		g	i		VI6		VI		6			M	True	True	(0, -3, -4)	()	-4	0	minor	minor	i	i, minor	VI		i	i	True	VI6	VI6, minor		VI6, minor		VI	VI	6		1	1	1	-3	1	Eb	G	G	G	major triad	1	True	True	True	True	True	-3	-3	-3	3	True	False	False
381	3	31.75	79	1	G	0	2.75	0	False	3	8	1	1	1/32	True	-2	11	11	11	11a	5	127/8	False	False				False	18	VI6		g	i		VI6		VI		6			M	True	True	(0, -3, -4)	()	-4	0	minor	minor	i	i, minor	VI		i	i	True	VI6	VI6, minor		VI6, minor		VI	VI	6		1	1	1	-3	1	Eb	G	G	G	major triad	1	True	True	True	True	True	0	0	0	1	True	False	True
384	3	32.0	75	-3	E	-1	3.0	3	True	3	8	1	1	1/32	True	-2	11	11	11	11a	5	16	False	False				False	18	VI6		g	i		VI6		VI		6			M	True	True	(0, -3, -4)	()	-4	0	minor	minor	i	i, minor	VI		i	i	True	VI6	VI6, minor		VI6, minor		VI	VI	6		1	1	1	-3	1	Eb	G	G	G	major triad	1	True	True	True	True	True	-4	-4	-4	6	True	True	False
387	3	32.25	70	-2	B	-1	3.25	0	False	3	8	1	1	1/32	True	-2	11	11	11	11a	4	129/8	False	False				False	18	VI6		g	i		VI6		VI		6			M	True	True	(0, -3, -4)	()	-4	0	minor	minor	i	i, minor	VI		i	i	True	VI6	VI6, minor		VI6, minor		VI	VI	6		1	1	1	-3	1	Eb	G	G	G	major triad	1	True	True	True	True	True	-3	-3	-3	3	True	False	False
390	3	32.5	67	1	G	0	3.5	0	False	3	8	1	1	1/32	True	-2	11	11	11	11a	4	65/4	False	False				False	18	VI6		g	i		VI6		VI		6			M	True	True	(0, -3, -4)	()	-4	0	minor	minor	i	i, minor	VI		i	i	True	VI6	VI6, minor		VI6, minor		VI	VI	6		1	1	1	-3	1	Eb	G	G	G	major triad	1	True	True	True	True	True	0	0	0	1	True	False	True
393	3	32.75	63	-3	E	-1	3.75	0	False	3	8	1	1	1/32	True	-2	11	11	11	11a	4	131/8	False	False				False	18	VI6		g	i		VI6		VI		6			M	True	True	(0, -3, -4)	()	-4	0	minor	minor	i	i, minor	VI		i	i	True	VI6	VI6, minor		VI6, minor		VI	VI	6		1	1	1	-3	1	Eb	G	G	G	major triad	1	True	True	True	True	True	-4	-4	-4	6	True	True	False
396	0	33.0	58	-2	B	-1	1.0	1	True	3	8	2	1	0	True	-2	12	12	12	12a	3	33/2	False	True			}	True	19	V65/VI}		g	i		V65/VI		V		65		VI	Mm7	True	True	(1, -2, -5, -3)	()	-3	1	minor	minor	i	i, minor	V/VI	VI	VI/i	VI	False	V65/VI	V65/VI, minor		V65/VI, minor	VI	VI	V7	5	6	1	1	-3	-2	2	Bb	D	G	Eb	dominant seventh chord	1	True	True	True	True	True	-3	-3	1	3	True	True	False
396	12	33.0	50	2	D	0	1.0	1	True	3	8	2	3	1/8	True	-2	12	12	12	12a	3	33/2	False	True			}	True	19	V65/VI}		g	i		V65/VI		V		65		VI	Mm7	True	True	(1, -2, -5, -3)	()	-3	1	minor	minor	i	i, minor	V/VI	VI	VI/i	VI	False	V65/VI	V65/VI, minor		V65/VI, minor	VI	VI	V7	5	6	1	1	-3	-2	2	Bb	D	G	Eb	dominant seventh chord	1	True	True	True	True	True	1	1	5	5	True	False	True
396	12	33.0	56	-4	A	-1	1.0	1	True	3	8	2	1	1/8	True	-2	12	12	12	12a	3	33/2	False	True			}	True	19	V65/VI}		g	i		V65/VI		V		65		VI	Mm7	True	True	(1, -2, -5, -3)	()	-3	1	minor	minor	i	i, minor	V/VI	VI	VI/i	VI	False	V65/VI	V65/VI, minor		V65/VI, minor	VI	VI	V7	5	6	1	1	-3	-2	2	Bb	D	G	Eb	dominant seventh chord	1	True	True	True	True	True	-5	-5	-1	b2	True	False	False
408	12	34.0	51	-3	E	-1	2.0	2	True	3	8	2	3	1/8	True	-2	12	12	12	12a	3	17	False	True				False	20	VI		g	i		VI		VI					M	True	True	(-4, 0, -3)	()	-4	-4	minor	minor	i	i, minor	VI		i	i	True	VI	VI, minor		VI, minor		VI	VI	6		1	1	1	-3	-3	Eb	Eb	G	G	major triad	0	True	True	True	True	True	-4	-4	-4	6	True	True	True
408	12	34.0	55	1	G	0	2.0	2	True	3	8	2	1	1/8	True	-2	12	12	12	12a	3	17	False	True				False	20	VI		g	i		VI		VI					M	True	True	(-4, 0, -3)	()	-4	-4	minor	minor	i	i, minor	VI		i	i	True	VI	VI, minor		VI, minor		VI	VI	6		1	1	1	-3	-3	Eb	Eb	G	G	major triad	0	True	True	True	True	True	0	0	0	1	True	False	False
432	12	36.0	72	0	C	0	1.0	1	True	3	8	1	1	1/8	True	-2	13	13	13	13a	5	18	False	True			{	False	21	V/VII{		g	i		V/VII		V				VII	M	True	True	(-1, 3, 0)	()	-1	-1	minor	minor	i	i, minor	V/VII	VII	VII/i	VII	False	V/VII	V/VII, minor		V/VII, minor	VII	VII	V	5	7	1	1	-1	0	0	C	C	G	F	major triad	0	True	True	True	True	True	-1	-1	1	4	True	True	True
444	6	37.0	72	0	C	0	2.0	2	True	3	8	1	1	1/16	False	-2	13	13	13	13a	5	37/2	False	False				False	21	V/VII{		g	i		V/VII		V				VII	M	True	True	(-1, 3, 0)	()	-1	-1	minor	minor	i	i, minor	V/VII	VII	VII/i	VII	False	V/VII	V/VII, minor		V/VII, minor	VII	VII	V	5	7	1	1	-1	0	0	C	C	G	F	major triad	0	True	True	True	True	True	-1	-1	1	4	True	True	True
450	3	37.5	74	2	D	0	2.5	0	False	3	8	1	1	1/32	True	-2	13	13	13	13a	5	75/4	False	False				False	21	V/VII{		g	i		V/VII		V				VII	M	True	True	(-1, 3, 0)	()	-1	-1	minor	minor	i	i, minor	V/VII	VII	VII/i	VII	False	V/VII	V/VII, minor		V/VII, minor	VII	VII	V	5	7	1	1	-1	0	0	C	C	G	F	major triad	0	True	True	True	True	True	1	1	3	5	False	False	False
453	3	37.75	76	4	E	0	2.75	0	False	3	8	1	1	1/32	True	-2	13	13	13	13a	5	151/8	False	False				False	21	V/VII{		g	i		V/VII		V				VII	M	True	True	(-1, 3, 0)	()	-1	-1	minor	minor	i	i, minor	V/VII	VII	VII/i	VII	False	V/VII	V/VII, minor		V/VII, minor	VII	VII	V	5	7	1	1	-1	0	0	C	C	G	F	major triad	0	True	True	True	True	True	3	3	5	#6	True	False	False
456	3	38.0	79	1	G	0	3.0	3	True	3	8	1	1	1/32	True	-2	13	13	13	13a	5	19	False	False				False	21	V/VII{		g	i		V/VII		V				VII	M	True	True	(-1, 3, 0)	()	-1	-1	minor	minor	i	i, minor	V/VII	VII	VII/i	VII	False	V/VII	V/VII, minor		V/VII, minor	VII	VII	V	5	7	1	1	-1	0	0	C	C	G	F	major triad	0	True	True	True	True	True	0	0	2	1	True	False	False
459	3	38.25	77	-1	F	0	3.25	0	False	3	8	1	1	1/32	True	-2	13	13	13	13a	5	153/8	False	False				False	21	V/VII{		g	i		V/VII		V				VII	M	True	True	(-1, 3, 0)	()	-1	-1	minor	minor	i	i, minor	V/VII	VII	VII/i	VII	False	V/VII	V/VII, minor		V/VII, minor	VII	VII	V	5	7	1	1	-1	0	0	C	C	G	F	major triad	0	True	True	True	True	True	-2	-2	0	7	False	False	False
462	3	38.5	76	4	E	0	3.5	0	False	3	8	1	1	1/32	True	-2	13	13	13	13a	5	77/4	False	False				False	21	V/VII{		g	i		V/VII		V				VII	M	True	True	(-1, 3, 0)	()	-1	-1	minor	minor	i	i, minor	V/VII	VII	VII/i	VII	False	V/VII	V/VII, minor		V/VII, minor	VII	VII	V	5	7	1	1	-1	0	0	C	C	G	F	major triad	0	True	True	True	True	True	3	3	5	#6	True	False	False
465	3	38.75	74	2	D	0	3.75	0	False	3	8	1	1	1/32	True	-2	13	13	13	13a	5	155/8	False	False				False	21	V/VII{		g	i		V/VII		V				VII	M	True	True	(-1, 3, 0)	()	-1	-1	minor	minor	i	i, minor	V/VII	VII	VII/i	VII	False	V/VII	V/VII, minor		V/VII, minor	VII	VII	V	5	7	1	1	-1	0	0	C	C	G	F	major triad	0	True	True	True	True	True	1	1	3	5	False	False	False
468	6	39.0	72	0	C	0	1.0	1	True	3	8	1	1	1/16	True	-2	14	14	14	14a	5	39/2	False	True				False	22	V2/VII		g	i		V2/VII		V		2		VII	Mm7	True	True	(-3, -1, 3, 0)	()	-1	-3	minor	minor	i	i, minor	V/VII	VII	VII/i	VII	False	V2/VII	V2/VII, minor		V2/VII, minor	VII	VII	V7	5	7	1	1	-1	0	-2	C	Bb	G	F	dominant seventh chord	3	True	True	True	True	True	-1	-1	1	4	True	True	False
474	3	39.5	70	-2	B	-1	1.5	0	False	3	8	1	1	1/32	True	-2	14	14	14	14a	4	79/4	False	False				False	22	V2/VII		g	i		V2/VII		V		2		VII	Mm7	True	True	(-3, -1, 3, 0)	()	-1	-3	minor	minor	i	i, minor	V/VII	VII	VII/i	VII	False	V2/VII	V2/VII, minor		V2/VII, minor	VII	VII	V7	5	7	1	1	-1	0	-2	C	Bb	G	F	dominant seventh chord	3	True	True	True	True	True	-3	-3	-1	3	True	False	True
477	3	39.75	67	1	G	0	1.75	0	False	3	8	1	1	1/32	True	-2	14	14	14	14a	4	159/8	False	False				False	22	V2/VII		g	i		V2/VII		V		2		VII	Mm7	True	True	(-3, -1, 3, 0)	()	-1	-3	minor	minor	i	i, minor	V/VII	VII	VII/i	VII	False	V2/VII	V2/VII, minor		V2/VII, minor	VII	VII	V7	5	7	1	1	-1	0	-2	C	Bb	G	F	dominant seventh chord	3	True	True	True	True	True	0	0	2	1	True	False	False
480	3	40.0	64	4	E	0	2.0	2	True	3	8	1	1	1/32	True	-2	14	14	14	14a	4	20	False	False				False	22	V2/VII		g	i		V2/VII		V		2		VII	Mm7	True	True	(-3, -1, 3, 0)	()	-1	-3	minor	minor	i	i, minor	V/VII	VII	VII/i	VII	False	V2/VII	V2/VII, minor		V2/VII, minor	VII	VII	V7	5	7	1	1	-1	0	-2	C	Bb	G	F	dominant seventh chord	3	True	True	True	True	True	3	3	5	#6	True	False	False
483	3	40.25	60	0	C	0	2.25	0	False	3	8	1	1	1/32	True	-2	14	14	14	14a	4	161/8	False	False				False	22	V2/VII		g	i		V2/VII		V		2		VII	Mm7	True	True	(-3, -1, 3, 0)	()	-1	-3	minor	minor	i	i, minor	V/VII	VII	VII/i	VII	False	V2/VII	V2/VII, minor		V2/VII, minor	VII	VII	V7	5	7	1	1	-1	0	-2	C	Bb	G	F	dominant seventh chord	3	True	True	True	True	True	-1	-1	1	4	True	True	False
486	3	40.5	67	1	G	0	2.5	0	False	3	8	1	1	1/32	True	-2	14	14	14	14a	4	81/4	False	False				False	22	V2/VII		g	i		V2/VII		V		2		VII	Mm7	True	True	(-3, -1, 3, 0)	()	-1	-3	minor	minor	i	i, minor	V/VII	VII	VII/i	VII	False	V2/VII	V2/VII, minor		V2/VII, minor	VII	VII	V7	5	7	1	1	-1	0	-2	C	Bb	G	F	dominant seventh chord	3	True	True	True	True	True	0	0	2	1	True	False	False
489	3	40.75	58	-2	B	-1	2.75	0	False	3	8	1	1	1/32	True	-2	14	14	14	14a	3	163/8	False	False				False	22	V2/VII		g	i		V2/VII		V		2		VII	Mm7	True	True	(-3, -1, 3, 0)	()	-1	-3	minor	minor	i	i, minor	V/VII	VII	VII/i	VII	False	V2/VII	V2/VII, minor		V2/VII, minor	VII	VII	V7	5	7	1	1	-1	0	-2	C	Bb	G	F	dominant seventh chord	3	True	True	True	True	True	-3	-3	-1	3	True	False	True
492	3	41.0	57	3	A	0	3.0	3	True	3	8	1	1	1/32	True	-2	14	14	14	14a	3	41/2	False	True				False	23	VII6		g	i		VII6		VII		6			M	True	True	(2, -1, -2)	()	-2	2	minor	minor	i	i, minor	VII		i	i	True	VII6	VII6, minor		VII6, minor		VII	VII	7		1	1	1	-1	3	F	A	G	G	major triad	1	True	True	True	True	True	2	2	2	2	True	False	True
495	3	41.25	60	0	C	0	3.25	0	False	3	8	1	1	1/32	True	-2	14	14	14	14a	4	165/8	False	False				False	23	VII6		g	i		VII6		VII		6			M	True	True	(2, -1, -2)	()	-2	2	minor	minor	i	i, minor	VII		i	i	True	VII6	VII6, minor		VII6, minor		VII	VII	7		1	1	1	-1	3	F	A	G	G	major triad	1	True	True	True	True	True	-1	-1	-1	4	True	False	False
498	3	41.5	65	-1	F	0	3.5	0	False	3	8	1	1	1/32	True	-2	14	14	14	14a	4	83/4	False	False				False	23	VII6		g	i		VII6		VII		6			M	True	True	(2, -1, -2)	()	-2	2	minor	minor	i	i, minor	VII		i	i	True	VII6	VII6, minor		VII6, minor		VII	VII	7		1	1	1	-1	3	F	A	G	G	major triad	1	True	True	True	True	True	-2	-2	-2	7	True	True	False
501	3	41.75	69	3	A	0	3.75	0	False	3	8	1	1	1/32	True	-2	14	14	14	14a	4	167/8	False	False				False	23	VII6		g	i		VII6		VII		6			M	True	True	(2, -1, -2)	()	-2	2	minor	minor	i	i, minor	VII		i	i	True	VII6	VII6, minor		VII6, minor		VII	VII	7		1	1	1	-1	3	F	A	G	G	major triad	1	True	True	True	True	True	2	2	2	2	True	False	True
504	3	42.0	69	3	A	0	1.0	1	True	3	8	1	1	1/32	True	-2	15	15	15	15a	4	21	False	False				False	23	VII6		g	i		VII6		VII		6			M	True	True	(2, -1, -2)	()	-2	2	minor	minor	i	i, minor	VII		i	i	True	VII6	VII6, minor		VII6, minor		VII	VII	7		1	1	1	-1	3	F	A	G	G	major triad	1	True	True	True	True	True	2	2	2	2	True	False	True
507	3	42.25	77	-1	F	0	1.25	0	False	3	8	1	1	1/32	True	-2	15	15	15	15a	5	169/8	False	False				False	23	VII6		g	i		VII6		VII		6			M	True	True	(2, -1, -2)	()	-2	2	minor	minor	i	i, minor	VII		i	i	True	VII6	VII6, minor		VII6, minor		VII	VII	7		1	1	1	-1	3	F	A	G	G	major triad	1	True	True	True	True	True	-2	-2	-2	7	True	True	False
510	3	42.5	81	3	A	0	1.5	0	False	3	8	1	1	1/32	True	-2	15	15	15	15a	5	85/4	False	False				False	23	VII6		g	i		VII6		VII		6			M	True	True	(2, -1, -2)	()	-2	2	minor	minor	i	i, minor	VII		i	i	True	VII6	VII6, minor		VII6, minor		VII	VII	7		1	1	1	-1	3	F	A	G	G	major triad	1	True	True	True	True	True	2	2	2	2	True	False	True
513	3	42.75	84	0	C	0	1.75	0	False	3	8	1	1	1/32	True	-2	15	15	15	15a	6	171/8	False	False				False	23	VII6		g	i		VII6		VII		6			M	True	True	(2, -1, -2)	()	-2	2	minor	minor	i	i, minor	VII		i	i	True	VII6	VII6, minor		VII6, minor		VII	VII	7		1	1	1	-1	3	F	A	G	G	major triad	1	True	True	True	True	True	-1	-1	-1	4	True	False	False
516	3	43.0	88	4	E	0	2.0	2	True	3	8	1	1	1/32	True	-2	15	15	15	15a	6	43/2	False	False				False	23	VII6		g	i		VII6		VII		6			M	True	True	(2, -1, -2)	()	-2	2	minor	minor	i	i, minor	VII		i	i	True	VII6	VII6, minor		VII6, minor		VII	VII	7		1	1	1	-1	3	F	A	G	G	major triad	1	True	True	True	True	True	3	3	3	#6	False	False	False
519	3	43.25	89	-1	F	0	2.25	0	False	3	8	1	1	1/32	True	-2	15	15	15	15a	6	173/8	False	False				False	23	VII6		g	i		VII6		VII		6			M	True	True	(2, -1, -2)	()	-2	2	minor	minor	i	i, minor	VII		i	i	True	VII6	VII6, minor		VII6, minor		VII	VII	7		1	1	1	-1	3	F	A	G	G	major triad	1	True	True	True	True	True	-2	-2	-2	7	True	True	False
522	3	43.5	84	0	C	0	2.5	0	False	3	8	1	1	1/32	True	-2	15	15	15	15a	6	87/4	False	False				False	23	VII6		g	i		VII6		VII		6			M	True	True	(2, -1, -2)	()	-2	2	minor	minor	i	i, minor	VII		i	i	True	VII6	VII6, minor		VII6, minor		VII	VII	7		1	1	1	-1	3	F	A	G	G	major triad	1	True	True	True	True	True	-1	-1	-1	4	True	False	False
525	3	43.75	81	3	A	0	2.75	0	False	3	8	1	1	1/32	True	-2	15	15	15	15a	5	175/8	False	False				False	23	VII6		g	i		VII6		VII		6			M	True	True	(2, -1, -2)	()	-2	2	minor	minor	i	i, minor	VII		i	i	True	VII6	VII6, minor		VII6, minor		VII	VII	7		1	1	1	-1	3	F	A	G	G	major triad	1	True	True	True	True	True	2	2	2	2	True	False	True
528	3	44.0	77	-1	F	0	3.0	3	True	3	8	1	1	1/32	True	-2	15	15	15	15a	5	22	False	False				False	23	VII6		g	i		VII6		VII		6			M	True	True	(2, -1, -2)	()	-2	2	minor	minor	i	i, minor	VII		i	i	True	VII6	VII6, minor		VII6, minor		VII	VII	7		1	1	1	-1	3	F	A	G	G	major triad	1	True	True	True	True	True	-2	-2	-2	7	True	True	False
531	3	44.25	72	0	C	0	3.25	0	False	3	8	1	1	1/32	True	-2	15	15	15	15a	5	177/8	False	False				False	23	VII6		g	i		VII6		VII		6			M	True	True	(2, -1, -2)	()	-2	2	minor	minor	i	i, minor	VII		i	i	True	VII6	VII6, minor		VII6, minor		VII	VII	7		1	1	1	-1	3	F	A	G	G	major triad	1	True	True	True	True	True	-1	-1	-1	4	True	False	False
534	3	44.5	69	3	A	0	3.5	0	False	3	8	1	1	1/32	True	-2	15	15	15	15a	4	89/4	False	False				False	23	VII6		g	i		VII6		VII		6			M	True	True	(2, -1, -2)	()	-2	2	minor	minor	i	i, minor	VII		i	i	True	VII6	VII6, minor		VII6, minor		VII	VII	7		1	1	1	-1	3	F	A	G	G	major triad	1	True	True	True	True	True	2	2	2	2	True	False	True
537	3	44.75	65	-1	F	0	3.75	0	False	3	8	1	1	1/32	True	-2	15	15	15	15a	4	179/8	False	False				False	23	VII6		g	i		VII6		VII		6			M	True	True	(2, -1, -2)	()	-2	2	minor	minor	i	i, minor	VII		i	i	True	VII6	VII6, minor		VII6, minor		VII	VII	7		1	1	1	-1	3	F	A	G	G	major triad	1	True	True	True	True	True	-2	-2	-2	7	True	True	False
540	0	45.0	60	0	C	0	1.0	1	True	3	8	1	1	0	True	-2	16	16	16	16a	4	45/2	False	True			}	True	24	V65/VII}		g	i		V65/VII		V		65		VII	Mm7	True	True	(3, 0, -3, -1)	()	-1	3	minor	minor	i	i, minor	V/VII	VII	VII/i	VII	False	V65/VII	V65/VII, minor		V65/VII, minor	VII	VII	V7	5	7	1	1	-1	0	4	C	E	G	F	dominant seventh chord	1	True	True	True	True	True	-1	-1	1	4	True	True	False
540	12	45.0	52	4	E	0	1.0	1	True	3	8	2	1	1/8	True	-2	16	16	16	16a	3	45/2	False	True			}	True	24	V65/VII}		g	i		V65/VII		V		65		VII	Mm7	True	True	(3, 0, -3, -1)	()	-1	3	minor	minor	i	i, minor	V/VII	VII	VII/i	VII	False	V65/VII	V65/VII, minor		V65/VII, minor	VII	VII	V7	5	7	1	1	-1	0	4	C	E	G	F	dominant seventh chord	1	True	True	True	True	True	3	3	5	#6	True	False	True
540	12	45.0	58	-2	B	-1	1.0	1	True	3	8	1	1	1/8	True	-2	16	16	16	16a	3	45/2	False	True			}	True	24	V65/VII}		g	i		V65/VII		V		65		VII	Mm7	True	True	(3, 0, -3, -1)	()	-1	3	minor	minor	i	i, minor	V/VII	VII	VII/i	VII	False	V65/VII	V65/VII, minor		V65/VII, minor	VII	VII	V7	5	7	1	1	-1	0	4	C	E	G	F	dominant seventh chord	1	True	True	True	True	True	-3	-3	-1	3	True	False	False
552	12	46.0	53	-1	F	0	2.0	2	True	3	8	2	1	1/8	True	-2	16	16	16	16a	3	23	False	True			{	False	25	VII[VII{		g	i	VII	VII		VII					M	True	True	(-2, 2, -1)	()	-2	-2	minor	minor	i	i, minor	VII		i	i	True	VII	VII, minor	VII	VII, minor		VII	VII	7		1	1	1	-1	-1	F	F	G	G	major triad	0	True	True	True	True	True	-2	-2	-2	7	True	True	True
552	9	46.0	57	3	A	0	2.0	2	True	3	8	1	1	3/32	True	-2	16	16	16	16a	3	23	False	True			{	False	25	VII[VII{		g	i	VII	VII		VII					M	True	True	(-2, 2, -1)	()	-2	-2	minor	minor	i	i, minor	VII		i	i	True	VII	VII, minor	VII	VII, minor		VII	VII	7		1	1	1	-1	-1	F	F	G	G	major triad	0	True	True	True	True	True	2	2	2	2	True	False	False
561	3	46.75	65	-1	F	0	2.75	0	False	3	8	1	1	1/32	True	-2	16	16	16	16a	4	187/8	False	False				False	25	VII[VII{		g	i	VII	VII		VII					M	True	True	(-2, 2, -1)	()	-2	-2	minor	minor	i	i, minor	VII		i	i	True	VII	VII, minor	VII	VII, minor		VII	VII	7		1	1	1	-1	-1	F	F	G	G	major triad	0	True	True	True	True	True	-2	-2	-2	7	True	True	True
564	12	47.0	53	-1	F	0	3.0	3	True	3	8	2	1	1/8	True	-2	16	16	16	16a	3	47/2	False	False				False	25	VII[VII{		g	i	VII	VII		VII					M	True	True	(-2, 2, -1)	()	-2	-2	minor	minor	i	i, minor	VII		i	i	True	VII	VII, minor	VII	VII, minor		VII	VII	7		1	1	1	-1	-1	F	F	G	G	major triad	0	True	True	True	True	True	-2	-2	-2	7	True	True	True
564	12	47.0	57	3	A	0	3.0	3	True	3	8	2	1	1/8	True	-2	16	16	16	16a	3	47/2	False	False				False	25	VII[VII{		g	i	VII	VII		VII					M	True	True	(-2, 2, -1)	()	-2	-2	minor	minor	i	i, minor	VII		i	i	True	VII	VII, minor	VII	VII, minor		VII	VII	7		1	1	1	-1	-1	F	F	G	G	major triad	0	True	True	True	True	True	2	2	2	2	True	False	False
564	9	47.0	65	-1	F	0	3.0	3	True	3	8	1	1	3/32	True	-2	16	16	16	16a	4	47/2	False	False				False	25	VII[VII{		g	i	VII	VII		VII					M	True	True	(-2, 2, -1)	()	-2	-2	minor	minor	i	i, minor	VII		i	i	True	VII	VII, minor	VII	VII, minor		VII	VII	7		1	1	1	-1	-1	F	F	G	G	major triad	0	True	True	True	True	True	-2	-2	-2	7	True	True	True
573	3	47.75	65	-1	F	0	3.75	0	False	3	8	1	1	1/32	True	-2	16	16	16	16a	4	191/8	False	False				False	25	VII[VII{		g	i	VII	VII		VII					M	True	True	(-2, 2, -1)	()	-2	-2	minor	minor	i	i, minor	VII		i	i	True	VII	VII, minor	VII	VII, minor		VII	VII	7		1	1	1	-1	-1	F	F	G	G	major triad	0	True	True	True	True	True	-2	-2	-2	7	True	True	True
576	0	48.0	65	-1	F	0	1.0	1	True	3	8	1	1	0	True	-2	17	17	17	17a	4	24	False	True				False	26	viio64/VII		g	i	VII	viio64/VII		vii	o	64		VII	o	True	True	(-3, 3, 0)	()	3	-3	minor	minor	i	i, minor	vii/VII	VII	VII/i	VII	False	viio64/VII	viio64/VII, minor	VII	viio64/VII, minor	VII	VII	viio	7	7	1	1	-1	4	-2	E	Bb	G	F	diminished triad	2	True	True	True	True	True	-2	-2	0	7	False	False	False
576	0	48.0	69	3	A	0	1.0	1	True	3	8	1	1	0	True	-2	17	17	17	17a	4	24	False	True				False	26	viio64/VII		g	i	VII	viio64/VII		vii	o	64		VII	o	True	True	(-3, 3, 0)	()	3	-3	minor	minor	i	i, minor	vii/VII	VII	VII/i	VII	False	viio64/VII	viio64/VII, minor	VII	viio64/VII, minor	VII	VII	viio	7	7	1	1	-1	4	-2	E	Bb	G	F	diminished triad	2	True	True	True	True	True	2	2	4	2	False	False	False
576	12	48.0	53	-1	F	0	1.0	1	True	3	8	2	1	1/8	True	-2	17	17	17	17a	3	24	False	True				False	26	viio64/VII		g	i	VII	viio64/VII		vii	o	64		VII	o	True	True	(-3, 3, 0)	()	3	-3	minor	minor	i	i, minor	vii/VII	VII	VII/i	VII	False	viio64/VII	viio64/VII, minor	VII	viio64/VII, minor	VII	VII	viio	7	7	1	1	-1	4	-2	E	Bb	G	F	diminished triad	2	True	True	True	True	True	-2	-2	0	7	False	False	False
576	12	48.0	58	-2	B	-1	1.0	1	True	3	8	2	1	1/8	True	-2	17	17	17	17a	3	24	False	True				False	26	viio64/VII		g	i	VII	viio64/VII		vii	o	64		VII	o	True	True	(-3, 3, 0)	()	3	-3	minor	minor	i	i, minor	vii/VII	VII	VII/i	VII	False	viio64/VII	viio64/VII, minor	VII	viio64/VII, minor	VII	VII	viio	7	7	1	1	-1	4	-2	E	Bb	G	F	diminished triad	2	True	True	True	True	True	-3	-3	-1	3	True	False	True
576	12	48.0	64	4	E	0	1.0	1	True	3	8	1	2	1/8	True	-2	17	17	17	17a	4	24	False	True				False	26	viio64/VII		g	i	VII	viio64/VII		vii	o	64		VII	o	True	True	(-3, 3, 0)	()	3	-3	minor	minor	i	i, minor	vii/VII	VII	VII/i	VII	False	viio64/VII	viio64/VII, minor	VII	viio64/VII, minor	VII	VII	viio	7	7	1	1	-1	4	-2	E	Bb	G	F	diminished triad	2	True	True	True	True	True	3	3	5	#6	True	True	False
576	6	48.0	67	1	G	0	1.0	1	True	3	8	1	1	1/16	True	-2	17	17	17	17a	4	24	False	True				False	26	viio64/VII		g	i	VII	viio64/VII		vii	o	64		VII	o	True	True	(-3, 3, 0)	()	3	-3	minor	minor	i	i, minor	vii/VII	VII	VII/i	VII	False	viio64/VII	viio64/VII, minor	VII	viio64/VII, minor	VII	VII	viio	7	7	1	1	-1	4	-2	E	Bb	G	F	diminished triad	2	True	True	True	True	True	0	0	2	1	True	False	False
582	6	48.5	67	1	G	0	1.5	0	False	3	8	1	1	1/16	True	-2	17	17	17	17a	4	97/4	False	False				False	26	viio64/VII		g	i	VII	viio64/VII		vii	o	64		VII	o	True	True	(-3, 3, 0)	()	3	-3	minor	minor	i	i, minor	vii/VII	VII	VII/i	VII	False	viio64/VII	viio64/VII, minor	VII	viio64/VII, minor	VII	VII	viio	7	7	1	1	-1	4	-2	E	Bb	G	F	diminished triad	2	True	True	True	True	True	0	0	2	1	True	False	False
588	12	49.0	53	-1	F	0	2.0	2	True	3	8	2	1	1/8	True	-2	17	17	17	17a	3	49/2	False	False				False	26	viio64/VII		g	i	VII	viio64/VII		vii	o	64		VII	o	True	True	(-3, 3, 0)	()	3	-3	minor	minor	i	i, minor	vii/VII	VII	VII/i	VII	False	viio64/VII	viio64/VII, minor	VII	viio64/VII, minor	VII	VII	viio	7	7	1	1	-1	4	-2	E	Bb	G	F	diminished triad	2	True	True	True	True	True	-2	-2	0	7	False	False	False
588	12	49.0	58	-2	B	-1	2.0	2	True	3	8	2	1	1/8	True	-2	17	17	17	17a	3	49/2	False	False				False	26	viio64/VII		g	i	VII	viio64/VII		vii	o	64		VII	o	True	True	(-3, 3, 0)	()	3	-3	minor	minor	i	i, minor	vii/VII	VII	VII/i	VII	False	viio64/VII	viio64/VII, minor	VII	viio64/VII, minor	VII	VII	viio	7	7	1	1	-1	4	-2	E	Bb	G	F	diminished triad	2	True	True	True	True	True	-3	-3	-1	3	True	False	True
588	12	49.0	64	4	E	0	2.0	2	True	3	8	1	2	1/8	True	-2	17	17	17	17a	4	49/2	False	False				False	26	viio64/VII		g	i	VII	viio64/VII		vii	o	64		VII	o	True	True	(-3, 3, 0)	()	3	-3	minor	minor	i	i, minor	vii/VII	VII	VII/i	VII	False	viio64/VII	viio64/VII, minor	VII	viio64/VII, minor	VII	VII	viio	7	7	1	1	-1	4	-2	E	Bb	G	F	diminished triad	2	True	True	True	True	True	3	3	5	#6	True	True	False
588	9	49.0	67	1	G	0	2.0	2	True	3	8	1	1	3/32	False	-2	17	17	17	17a	4	49/2	False	False				False	26	viio64/VII		g	i	VII	viio64/VII		vii	o	64		VII	o	True	True	(-3, 3, 0)	()	3	-3	minor	minor	i	i, minor	vii/VII	VII	VII/i	VII	False	viio64/VII	viio64/VII, minor	VII	viio64/VII, minor	VII	VII	viio	7	7	1	1	-1	4	-2	E	Bb	G	F	diminished triad	2	True	True	True	True	True	0	0	2	1	True	False	False
597	3	49.75	67	1	G	0	2.75	0	False	3	8	1	1	1/32	True	-2	17	17	17	17a	4	199/8	False	False				False	26	viio64/VII		g	i	VII	viio64/VII		vii	o	64		VII	o	True	True	(-3, 3, 0)	()	3	-3	minor	minor	i	i, minor	vii/VII	VII	VII/i	VII	False	viio64/VII	viio64/VII, minor	VII	viio64/VII, minor	VII	VII	viio	7	7	1	1	-1	4	-2	E	Bb	G	F	diminished triad	2	True	True	True	True	True	0	0	2	1	True	False	False
600	12	50.0	53	-1	F	0	3.0	3	True	3	8	2	1	1/8	True	-2	17	17	17	17a	3	25	False	False				False	26	viio64/VII		g	i	VII	viio64/VII		vii	o	64		VII	o	True	True	(-3, 3, 0)	()	3	-3	minor	minor	i	i, minor	vii/VII	VII	VII/i	VII	False	viio64/VII	viio64/VII, minor	VII	viio64/VII, minor	VII	VII	viio	7	7	1	1	-1	4	-2	E	Bb	G	F	diminished triad	2	True	True	True	True	True	-2	-2	0	7	False	False	False
600	12	50.0	58	-2	B	-1	3.0	3	True	3	8	2	1	1/8	True	-2	17	17	17	17a	3	25	False	False				False	26	viio64/VII		g	i	VII	viio64/VII		vii	o	64		VII	o	True	True	(-3, 3, 0)	()	3	-3	minor	minor	i	i, minor	vii/VII	VII	VII/i	VII	False	viio64/VII	viio64/VII, minor	VII	viio64/VII, minor	VII	VII	viio	7	7	1	1	-1	4	-2	E	Bb	G	F	diminished triad	2	True	True	True	True	True	-3	-3	-1	3	True	False	True
600	12	50.0	64	4	E	0	3.0	3	True	3	8	1	2	1/8	True	-2	17	17	17	17a	4	25	False	False				False	26	viio64/VII		g	i	VII	viio64/VII		vii	o	64		VII	o	True	True	(-3, 3, 0)	()	3	-3	minor	minor	i	i, minor	vii/VII	VII	VII/i	VII	False	viio64/VII	viio64/VII, minor	VII	viio64/VII, minor	VII	VII	viio	7	7	1	1	-1	4	-2	E	Bb	G	F	diminished triad	2	True	True	True	True	True	3	3	5	#6	True	True	False
600	9	50.0	67	1	G	0	3.0	3	True	3	8	1	1	3/32	True	-2	17	17	17	17a	4	25	False	False				False	26	viio64/VII		g	i	VII	viio64/VII		vii	o	64		VII	o	True	True	(-3, 3, 0)	()	3	-3	minor	minor	i	i, minor	vii/VII	VII	VII/i	VII	False	viio64/VII	viio64/VII, minor	VII	viio64/VII, minor	VII	VII	viio	7	7	1	1	-1	4	-2	E	Bb	G	F	diminished triad	2	True	True	True	True	True	0	0	2	1	True	False	False
609	3	50.75	67	1	G	0	3.75	0	False	3	8	1	1	1/32	True	-2	17	17	17	17a	4	203/8	False	False				False	26	viio64/VII		g	i	VII	viio64/VII		vii	o	64		VII	o	True	True	(-3, 3, 0)	()	3	-3	minor	minor	i	i, minor	vii/VII	VII	VII/i	VII	False	viio64/VII	viio64/VII, minor	VII	viio64/VII, minor	VII	VII	viio	7	7	1	1	-1	4	-2	E	Bb	G	F	diminished triad	2	True	True	True	True	True	0	0	2	1	True	False	False
612	0	51.0	69	3	A	0	1.0	1	True	3	8	1	1	0	True	-2	18	18	18	18a	4	51/2	False	True				False	27	V7/III]		g	i	VII	V7/III		V		7		III	Mm7	True	True	(-2, 2, -1, -4)	()	-2	-2	minor	minor	i	i, minor	V/III	III	III/i	III	False	V7/III	V7/III, minor	VII	V7/III, minor	III	III	V7	5	3	1	1	-2	-1	-1	F	F	G	Bb	dominant seventh chord	7	True	True	True	True	True	2	2	5	2	True	False	False
612	0	51.0	70	-2	B	-1	1.0	1	True	3	8	1	1	0	True	-2	18	18	18	18a	4	51/2	False	True				False	27	V7/III]		g	i	VII	V7/III		V		7		III	Mm7	True	True	(-2, 2, -1, -4)	()	-2	-2	minor	minor	i	i, minor	V/III	III	III/i	III	False	V7/III	V7/III, minor	VII	V7/III, minor	III	III	V7	5	3	1	1	-2	-1	-1	F	F	G	Bb	dominant seventh chord	7	True	True	True	True	True	-3	-3	0	3	False	False	False
612	12	51.0	53	-1	F	0	1.0	1	True	3	8	2	1	1/8	True	-2	18	18	18	18a	3	51/2	False	True				False	27	V7/III]		g	i	VII	V7/III		V		7		III	Mm7	True	True	(-2, 2, -1, -4)	()	-2	-2	minor	minor	i	i, minor	V/III	III	III/i	III	False	V7/III	V7/III, minor	VII	V7/III, minor	III	III	V7	5	3	1	1	-2	-1	-1	F	F	G	Bb	dominant seventh chord	7	True	True	True	True	True	-2	-2	1	7	True	True	True
612	12	51.0	60	0	C	0	1.0	1	True	3	8	2	1	1/8	True	-2	18	18	18	18a	4	51/2	False	True				False	27	V7/III]		g	i	VII	V7/III		V		7		III	Mm7	True	True	(-2, 2, -1, -4)	()	-2	-2	minor	minor	i	i, minor	V/III	III	III/i	III	False	V7/III	V7/III, minor	VII	V7/III, minor	III	III	V7	5	3	1	1	-2	-1	-1	F	F	G	Bb	dominant seventh chord	7	True	True	True	True	True	-1	-1	2	4	True	False	False
612	12	51.0	63	-3	E	-1	1.0	1	True	3	8	1	2	1/8	True	-2	18	18	18	18a	4	51/2	False	True				False	27	V7/III]		g	i	VII	V7/III		V		7		III	Mm7	True	True	(-2, 2, -1, -4)	()	-2	-2	minor	minor	i	i, minor	V/III	III	III/i	III	False	V7/III	V7/III, minor	VII	V7/III, minor	III	III	V7	5	3	1	1	-2	-1	-1	F	F	G	Bb	dominant seventh chord	7	True	True	True	True	True	-4	-4	-1	6	True	False	False
612	6	51.0	69	3	A	0	1.0	1	True	3	8	1	1	1/16	True	-2	18	18	18	18a	4	51/2	False	True				False	27	V7/III]		g	i	VII	V7/III		V		7		III	Mm7	True	True	(-2, 2, -1, -4)	()	-2	-2	minor	minor	i	i, minor	V/III	III	III/i	III	False	V7/III	V7/III, minor	VII	V7/III, minor	III	III	V7	5	3	1	1	-2	-1	-1	F	F	G	Bb	dominant seventh chord	7	True	True	True	True	True	2	2	5	2	True	False	False
618	6	51.5	69	3	A	0	1.5	0	False	3	8	1	1	1/16	True	-2	18	18	18	18a	4	103/4	False	False				False	27	V7/III]		g	i	VII	V7/III		V		7		III	Mm7	True	True	(-2, 2, -1, -4)	()	-2	-2	minor	minor	i	i, minor	V/III	III	III/i	III	False	V7/III	V7/III, minor	VII	V7/III, minor	III	III	V7	5	3	1	1	-2	-1	-1	F	F	G	Bb	dominant seventh chord	7	True	True	True	True	True	2	2	5	2	True	False	False
624	12	52.0	53	-1	F	0	2.0	2	True	3	8	2	1	1/8	True	-2	18	18	18	18a	3	26	False	False				False	27	V7/III]		g	i	VII	V7/III		V		7		III	Mm7	True	True	(-2, 2, -1, -4)	()	-2	-2	minor	minor	i	i, minor	V/III	III	III/i	III	False	V7/III	V7/III, minor	VII	V7/III, minor	III	III	V7	5	3	1	1	-2	-1	-1	F	F	G	Bb	dominant seventh chord	7	True	True	True	True	True	-2	-2	1	7	True	True	True
624	12	52.0	60	0	C	0	2.0	2	True	3	8	2	1	1/8	True	-2	18	18	18	18a	4	26	False	False				False	27	V7/III]		g	i	VII	V7/III		V		7		III	Mm7	True	True	(-2, 2, -1, -4)	()	-2	-2	minor	minor	i	i, minor	V/III	III	III/i	III	False	V7/III	V7/III, minor	VII	V7/III, minor	III	III	V7	5	3	1	1	-2	-1	-1	F	F	G	Bb	dominant seventh chord	7	True	True	True	True	True	-1	-1	2	4	True	False	False
624	12	52.0	63	-3	E	-1	2.0	2	True	3	8	1	2	1/8	True	-2	18	18	18	18a	4	26	False	False				False	27	V7/III]		g	i	VII	V7/III		V		7		III	Mm7	True	True	(-2, 2, -1, -4)	()	-2	-2	minor	minor	i	i, minor	V/III	III	III/i	III	False	V7/III	V7/III, minor	VII	V7/III, minor	III	III	V7	5	3	1	1	-2	-1	-1	F	F	G	Bb	dominant seventh chord	7	True	True	True	True	True	-4	-4	-1	6	True	False	False
624	9	52.0	69	3	A	0	2.0	2	True	3	8	1	1	3/32	False	-2	18	18	18	18a	4	26	False	False				False	27	V7/III]		g	i	VII	V7/III		V		7		III	Mm7	True	True	(-2, 2, -1, -4)	()	-2	-2	minor	minor	i	i, minor	V/III	III	III/i	III	False	V7/III	V7/III, minor	VII	V7/III, minor	III	III	V7	5	3	1	1	-2	-1	-1	F	F	G	Bb	dominant seventh chord	7	True	True	True	True	True	2	2	5	2	True	False	False
633	3	52.75	69	3	A	0	2.75	0	False	3	8	1	1	1/32	True	-2	18	18	18	18a	4	211/8	False	False				False	27	V7/III]		g	i	VII	V7/III		V		7		III	Mm7	True	True	(-2, 2, -1, -4)	()	-2	-2	minor	minor	i	i, minor	V/III	III	III/i	III	False	V7/III	V7/III, minor	VII	V7/III, minor	III	III	V7	5	3	1	1	-2	-1	-1	F	F	G	Bb	dominant seventh chord	7	True	True	True	True	True	2	2	5	2	True	False	False
636	12	53.0	53	-1	F	0	3.0	3	True	3	8	2	1	1/8	True	-2	18	18	18	18a	3	53/2	False	False				False	27	V7/III]		g	i	VII	V7/III		V		7		III	Mm7	True	True	(-2, 2, -1, -4)	()	-2	-2	minor	minor	i	i, minor	V/III	III	III/i	III	False	V7/III	V7/III, minor	VII	V7/III, minor	III	III	V7	5	3	1	1	-2	-1	-1	F	F	G	Bb	dominant seventh chord	7	True	True	True	True	True	-2	-2	1	7	True	True	True
636	12	53.0	60	0	C	0	3.0	3	True	3	8	2	1	1/8	True	-2	18	18	18	18a	4	53/2	False	False				False	27	V7/III]		g	i	VII	V7/III		V		7		III	Mm7	True	True	(-2, 2, -1, -4)	()	-2	-2	minor	minor	i	i, minor	V/III	III	III/i	III	False	V7/III	V7/III, minor	VII	V7/III, minor	III	III	V7	5	3	1	1	-2	-1	-1	F	F	G	Bb	dominant seventh chord	7	True	True	True	True	True	-1	-1	2	4	True	False	False
636	12	53.0	63	-3	E	-1	3.0	3	True	3	8	1	2	1/8	True	-2	18	18	18	18a	4	53/2	False	False				False	27	V7/III]		g	i	VII	V7/III		V		7		III	Mm7	True	True	(-2, 2, -1, -4)	()	-2	-2	minor	minor	i	i, minor	V/III	III	III/i	III	False	V7/III	V7/III, minor	VII	V7/III, minor	III	III	V7	5	3	1	1	-2	-1	-1	F	F	G	Bb	dominant seventh chord	7	True	True	True	True	True	-4	-4	-1	6	True	False	False
636	9	53.0	69	3	A	0	3.0	3	True	3	8	1	1	3/32	True	-2	18	18	18	18a	4	53/2	False	False				False	27	V7/III]		g	i	VII	V7/III		V		7		III	Mm7	True	True	(-2, 2, -1, -4)	()	-2	-2	minor	minor	i	i, minor	V/III	III	III/i	III	False	V7/III	V7/III, minor	VII	V7/III, minor	III	III	V7	5	3	1	1	-2	-1	-1	F	F	G	Bb	dominant seventh chord	7	True	True	True	True	True	2	2	5	2	True	False	False
645	3	53.75	69	3	A	0	3.75	0	False	3	8	1	1	1/32	True	-2	18	18	18	18a	4	215/8	False	False				False	27	V7/III]		g	i	VII	V7/III		V		7		III	Mm7	True	True	(-2, 2, -1, -4)	()	-2	-2	minor	minor	i	i, minor	V/III	III	III/i	III	False	V7/III	V7/III, minor	VII	V7/III, minor	III	III	V7	5	3	1	1	-2	-1	-1	F	F	G	Bb	dominant seventh chord	7	True	True	True	True	True	2	2	5	2	True	False	False
648	12	54.0	52	4	E	0	1.0	1	True	3	8	2	1	1/8	True	-2	19	19	19	19a	3	27	False	True				False	28	V(64)/ii		g	i		V(64)/ii		V			64	ii	M	True	True	(3, 2, -1)	()	3	3	minor	minor	i	i, minor	V/ii	ii	ii/i	ii	True	V/ii	V/ii, minor		V(64)/ii, minor	ii	ii	Cad	5	2	1	1	3	4	4	E	E	G	A	major triad	0	True	True	True	True	True	3	3	1	#6	True	True	True
648	12	54.0	57	3	A	0	1.0	1	True	3	8	2	1	1/8	True	-2	19	19	19	19a	3	27	False	True				False	28	V(64)/ii		g	i		V(64)/ii		V			64	ii	M	True	True	(3, 2, -1)	()	3	3	minor	minor	i	i, minor	V/ii	ii	ii/i	ii	True	V/ii	V/ii, minor		V(64)/ii, minor	ii	ii	Cad	5	2	1	1	3	4	4	E	E	G	A	major triad	0	True	True	True	True	True	2	2	0	2	True	False	False
648	12	54.0	60	0	C	0	1.0	1	True	3	8	2	1	1/8	True	-2	19	19	19	19a	4	27	False	True				False	28	V(64)/ii		g	i		V(64)/ii		V			64	ii	M	True	True	(3, 2, -1)	()	3	3	minor	minor	i	i, minor	V/ii	ii	ii/i	ii	True	V/ii	V/ii, minor		V(64)/ii, minor	ii	ii	Cad	5	2	1	1	3	4	4	E	E	G	A	major triad	0	True	True	True	True	True	-1	-1	-3	4	True	False	False
648	12	54.0	64	4	E	0	1.0	1	True	3	8	1	3	1/8	True	-2	19	19	19	19a	4	27	False	True				False	28	V(64)/ii		g	i		V(64)/ii		V			64	ii	M	True	True	(3, 2, -1)	()	3	3	minor	minor	i	i, minor	V/ii	ii	ii/i	ii	True	V/ii	V/ii, minor		V(64)/ii, minor	ii	ii	Cad	5	2	1	1	3	4	4	E	E	G	A	major triad	0	True	True	True	True	True	3	3	1	#6	True	True	True
648	9	54.0	69	3	A	0	1.0	1	True	3	8	1	1	3/32	True	-2	19	19	19	19a	4	27	False	True				False	28	V(64)/ii		g	i		V(64)/ii		V			64	ii	M	True	True	(3, 2, -1)	()	3	3	minor	minor	i	i, minor	V/ii	ii	ii/i	ii	True	V/ii	V/ii, minor		V(64)/ii, minor	ii	ii	Cad	5	2	1	1	3	4	4	E	E	G	A	major triad	0	True	True	True	True	True	2	2	0	2	True	False	False
657	3	54.75	71	5	B	0	1.75	0	False	3	8	1	1	1/32	True	-2	19	19	19	19a	4	219/8	False	False				False	28	V(64)/ii		g	i		V(64)/ii		V			64	ii	M	True	True	(3, 2, -1)	()	3	3	minor	minor	i	i, minor	V/ii	ii	ii/i	ii	True	V/ii	V/ii, minor		V(64)/ii, minor	ii	ii	Cad	5	2	1	1	3	4	4	E	E	G	A	major triad	0	True	True	True	True	True	4	4	2	#3	False	False	False
660	12	55.0	51	9	D	1	2.0	2	True	3	8	2	1	1/8	True	-2	19	19	19	19a	3	55/2	False	True				False	29	V65/V/ii		g	i		V65/V/ii		V		65		V/ii	Mm7	True	True	(8, 5, 2, 4)	()	4	8	minor	minor	i	i, minor	V/V/ii	#VI	V/ii/i	#VI	False	V65/V/ii	V65/V/ii, minor		V65/V/ii, minor	ii	ii	V7	5	#6	1	1	4	5	9	B	D#	G	E	dominant seventh chord	1	True	True	True	True	True	8	8	5	#5	True	False	True
660	12	55.0	69	3	A	0	2.0	2	True	3	8	1	1	1/8	True	-2	19	19	19	19a	4	55/2	False	True				False	29	V65/V/ii		g	i		V65/V/ii		V		65		V/ii	Mm7	True	True	(8, 5, 2, 4)	()	4	8	minor	minor	i	i, minor	V/V/ii	#VI	V/ii/i	#VI	False	V65/V/ii	V65/V/ii, minor		V65/V/ii, minor	ii	ii	V7	5	#6	1	1	4	5	9	B	D#	G	E	dominant seventh chord	1	True	True	True	True	True	2	2	-1	2	True	False	False
660	12	55.0	71	5	B	0	2.0	2	True	3	8	1	1	1/8	True	-2	19	19	19	19a	4	55/2	False	True				False	29	V65/V/ii		g	i		V65/V/ii		V		65		V/ii	Mm7	True	True	(8, 5, 2, 4)	()	4	8	minor	minor	i	i, minor	V/V/ii	#VI	V/ii/i	#VI	False	V65/V/ii	V65/V/ii, minor		V65/V/ii, minor	ii	ii	V7	5	#6	1	1	4	5	9	B	D#	G	E	dominant seventh chord	1	True	True	True	True	True	4	4	1	#3	True	True	False
672	12	56.0	51	9	D	1	3.0	3	True	3	8	2	1	1/8	True	-2	19	19	19	19a	3	28	False	False				False	29	V65/V/ii		g	i		V65/V/ii		V		65		V/ii	Mm7	True	True	(8, 5, 2, 4)	()	4	8	minor	minor	i	i, minor	V/V/ii	#VI	V/ii/i	#VI	False	V65/V/ii	V65/V/ii, minor		V65/V/ii, minor	ii	ii	V7	5	#6	1	1	4	5	9	B	D#	G	E	dominant seventh chord	1	True	True	True	True	True	8	8	5	#5	True	False	True
672	3	56.0	74	2	D	0	3.0	3	True	3	8	1	1	1/32	True	-2	19	19	19	19a	5	28	False	False				False	29	V65/V/ii		g	i		V65/V/ii		V		65		V/ii	Mm7	True	True	(8, 5, 2, 4)	()	4	8	minor	minor	i	i, minor	V/V/ii	#VI	V/ii/i	#VI	False	V65/V/ii	V65/V/ii, minor		V65/V/ii, minor	ii	ii	V7	5	#6	1	1	4	5	9	B	D#	G	E	dominant seventh chord	1	True	True	True	True	True	1	1	-2	5	False	False	False
675	3	56.25	72	0	C	0	3.25	0	False	3	8	1	1	1/32	True	-2	19	19	19	19a	5	225/8	False	False				False	29	V65/V/ii		g	i		V65/V/ii		V		65		V/ii	Mm7	True	True	(8, 5, 2, 4)	()	4	8	minor	minor	i	i, minor	V/V/ii	#VI	V/ii/i	#VI	False	V65/V/ii	V65/V/ii, minor		V65/V/ii, minor	ii	ii	V7	5	#6	1	1	4	5	9	B	D#	G	E	dominant seventh chord	1	True	True	True	True	True	-1	-1	-4	4	False	False	False
678	3	56.5	71	5	B	0	3.5	0	False	3	8	1	1	1/32	True	-2	19	19	19	19a	4	113/4	False	False				False	29	V65/V/ii		g	i		V65/V/ii		V		65		V/ii	Mm7	True	True	(8, 5, 2, 4)	()	4	8	minor	minor	i	i, minor	V/V/ii	#VI	V/ii/i	#VI	False	V65/V/ii	V65/V/ii, minor		V65/V/ii, minor	ii	ii	V7	5	#6	1	1	4	5	9	B	D#	G	E	dominant seventh chord	1	True	True	True	True	True	4	4	1	#3	True	True	False
681	3	56.75	69	3	A	0	3.75	0	False	3	8	1	1	1/32	True	-2	19	19	19	19a	4	227/8	False	False				False	29	V65/V/ii		g	i		V65/V/ii		V		65		V/ii	Mm7	True	True	(8, 5, 2, 4)	()	4	8	minor	minor	i	i, minor	V/V/ii	#VI	V/ii/i	#VI	False	V65/V/ii	V65/V/ii, minor		V65/V/ii, minor	ii	ii	V7	5	#6	1	1	4	5	9	B	D#	G	E	dominant seventh chord	1	True	True	True	True	True	2	2	-1	2	True	False	False
684	12	57.0	52	4	E	0	1.0	1	True	3	8	2	1	1/8	True	-2	20	20	20	20a	3	57/2	False	True			}{	True	30	V/ii}{		g	i		V/ii		V				ii	M	True	True	(3, 7, 4)	()	3	3	minor	minor	i	i, minor	V/ii	ii	ii/i	ii	True	V/ii	V/ii, minor		V/ii, minor	ii	ii	V	5	2	1	1	3	4	4	E	E	G	A	major triad	0	True	True	True	True	True	3	3	1	#6	True	True	True
684	6	57.0	68	8	G	1	1.0	1	True	3	8	1	1	1/16	True	-2	20	20	20	20a	4	57/2	False	True			}{	True	30	V/ii}{		g	i		V/ii		V				ii	M	True	True	(3, 7, 4)	()	3	3	minor	minor	i	i, minor	V/ii	ii	ii/i	ii	True	V/ii	V/ii, minor		V/ii, minor	ii	ii	V	5	2	1	1	3	4	4	E	E	G	A	major triad	0	True	True	True	True	True	7	7	5	#1	True	False	False
690	12	57.5	76	4	E	0	1.5	0	False	3	8	1	1	1/8	True	-2	20	20	20	20a	5	115/4	False	False				False	30	V/ii}{		g	i		V/ii		V				ii	M	True	True	(3, 7, 4)	()	3	3	minor	minor	i	i, minor	V/ii	ii	ii/i	ii	True	V/ii	V/ii, minor		V/ii, minor	ii	ii	V	5	2	1	1	3	4	4	E	E	G	A	major triad	0	True	True	True	True	True	3	3	1	#6	True	True	True
696	12	58.0	50	2	D	0	2.0	2	True	3	8	2	1	1/8	True	-2	20	20	20	20a	3	29	False	True				False	31	V2/ii		g	i		V2/ii		V		2		ii	Mm7	True	True	(1, 3, 7, 4)	()	3	1	minor	minor	i	i, minor	V/ii	ii	ii/i	ii	True	V2/ii	V2/ii, minor		V2/ii, minor	ii	ii	V7	5	2	1	1	3	4	2	E	D	G	A	dominant seventh chord	3	True	True	True	True	True	1	1	-1	5	True	False	True
696	12	58.0	56	8	G	1	2.0	2	True	3	8	2	1	1/8	True	-2	20	20	20	20a	3	29	False	True				False	31	V2/ii		g	i		V2/ii		V		2		ii	Mm7	True	True	(1, 3, 7, 4)	()	3	1	minor	minor	i	i, minor	V/ii	ii	ii/i	ii	True	V2/ii	V2/ii, minor		V2/ii, minor	ii	ii	V7	5	2	1	1	3	4	2	E	D	G	A	dominant seventh chord	3	True	True	True	True	True	7	7	5	#1	True	False	False
702	12	58.5	76	4	E	0	2.5	0	False	3	8	1	1	1/8	True	-2	20	20	20	20a	5	117/4	False	False				False	31	V2/ii		g	i		V2/ii		V		2		ii	Mm7	True	True	(1, 3, 7, 4)	()	3	1	minor	minor	i	i, minor	V/ii	ii	ii/i	ii	True	V2/ii	V2/ii, minor		V2/ii, minor	ii	ii	V7	5	2	1	1	3	4	2	E	D	G	A	dominant seventh chord	3	True	True	True	True	True	3	3	1	#6	True	True	False
708	12	59.0	48	0	C	0	3.0	3	True	3	8	2	1	1/8	True	-2	20	20	20	20a	3	59/2	False	True				False	32	i6/ii		g	i		i6/ii		i		6		ii	m	True	True	(-1, 3, 2)	()	2	-1	minor	minor	i	i, minor	i/ii	ii	ii/i	ii	True	i6/ii	i6/ii, minor		i6/ii, minor	ii	ii	i	1	2	1	1	3	3	0	A	C	G	A	minor triad	1	True	True	True	True	True	-1	-1	-3	4	True	False	True
708	12	59.0	57	3	A	0	3.0	3	True	3	8	2	1	1/8	True	-2	20	20	20	20a	3	59/2	False	True				False	32	i6/ii		g	i		i6/ii		i		6		ii	m	True	True	(-1, 3, 2)	()	2	-1	minor	minor	i	i, minor	i/ii	ii	ii/i	ii	True	i6/ii	i6/ii, minor		i6/ii, minor	ii	ii	i	1	2	1	1	3	3	0	A	C	G	A	minor triad	1	True	True	True	True	True	2	2	0	2	True	True	False
714	6	59.5	76	4	E	0	3.5	0	False	3	8	1	1	1/16	True	-2	20	20	20	20a	5	119/4	False	False				False	32	i6/ii		g	i		i6/ii		i		6		ii	m	True	True	(-1, 3, 2)	()	2	-1	minor	minor	i	i, minor	i/ii	ii	ii/i	ii	True	i6/ii	i6/ii, minor		i6/ii, minor	ii	ii	i	1	2	1	1	3	3	0	A	C	G	A	minor triad	1	True	True	True	True	True	3	3	1	#6	True	False	False
720	12	60.0	47	5	B	0	1.0	1	True	3	8	2	1	1/8	True	-2	21	21	21	21a	2	30	False	True				False	33	V43/ii		g	i		V43/ii		V		43		ii	Mm7	True	True	(4, 1, 3, 7)	()	3	4	minor	minor	i	i, minor	V/ii	ii	ii/i	ii	True	V43/ii	V43/ii, minor		V43/ii, minor	ii	ii	V7	5	2	1	1	3	4	5	E	B	G	A	dominant seventh chord	2	True	True	True	True	True	4	4	2	#3	True	False	True
720	6	60.0	76	4	E	0	1.0	1	True	3	8	1	1	1/16	True	-2	21	21	21	21a	5	30	False	True				False	33	V43/ii		g	i		V43/ii		V		43		ii	Mm7	True	True	(4, 1, 3, 7)	()	3	4	minor	minor	i	i, minor	V/ii	ii	ii/i	ii	True	V43/ii	V43/ii, minor		V43/ii, minor	ii	ii	V7	5	2	1	1	3	4	5	E	B	G	A	dominant seventh chord	2	True	True	True	True	True	3	3	1	#6	True	True	False
726	12	60.5	68	8	G	1	1.5	0	False	3	8	1	2	1/8	True	-2	21	21	21	21a	4	121/4	False	False				False	33	V43/ii		g	i		V43/ii		V		43		ii	Mm7	True	True	(4, 1, 3, 7)	()	3	4	minor	minor	i	i, minor	V/ii	ii	ii/i	ii	True	V43/ii	V43/ii, minor		V43/ii, minor	ii	ii	V7	5	2	1	1	3	4	5	E	B	G	A	dominant seventh chord	2	True	True	True	True	True	7	7	5	#1	True	False	False
726	12	60.5	74	2	D	0	1.5	0	False	3	8	1	2	1/8	True	-2	21	21	21	21a	5	121/4	False	False				False	33	V43/ii		g	i		V43/ii		V		43		ii	Mm7	True	True	(4, 1, 3, 7)	()	3	4	minor	minor	i	i, minor	V/ii	ii	ii/i	ii	True	V43/ii	V43/ii, minor		V43/ii, minor	ii	ii	V7	5	2	1	1	3	4	5	E	B	G	A	dominant seventh chord	2	True	True	True	True	True	1	1	-1	5	True	False	False
726	12	60.5	76	4	E	0	1.5	0	False	3	8	1	1	1/8	True	-2	21	21	21	21a	5	121/4	False	False				False	33	V43/ii		g	i		V43/ii		V		43		ii	Mm7	True	True	(4, 1, 3, 7)	()	3	4	minor	minor	i	i, minor	V/ii	ii	ii/i	ii	True	V43/ii	V43/ii, minor		V43/ii, minor	ii	ii	V7	5	2	1	1	3	4	5	E	B	G	A	dominant seventh chord	2	True	True	True	True	True	3	3	1	#6	True	True	False
732	12	61.0	45	3	A	0	2.0	2	True	3	8	2	1	1/8	True	-2	21	21	21	21a	2	61/2	False	True				False	34	ii		g	i		ii		ii					m	True	True	(2, -1, 3)	()	2	2	minor	minor	i	i, minor	ii		i	i	True	ii	ii, minor		ii, minor		ii	ii	2		1	1	1	3	3	A	A	G	G	minor triad	0	True	True	True	True	True	2	2	2	2	True	True	True
738	12	61.5	69	3	A	0	2.5	0	False	3	8	1	2	1/8	True	-2	21	21	21	21a	4	123/4	False	False				False	34	ii		g	i		ii		ii					m	True	True	(2, -1, 3)	()	2	2	minor	minor	i	i, minor	ii		i	i	True	ii	ii, minor		ii, minor		ii	ii	2		1	1	1	3	3	A	A	G	G	minor triad	0	True	True	True	True	True	2	2	2	2	True	True	True
738	12	61.5	72	0	C	0	2.5	0	False	3	8	1	2	1/8	True	-2	21	21	21	21a	5	123/4	False	False				False	34	ii		g	i		ii		ii					m	True	True	(2, -1, 3)	()	2	2	minor	minor	i	i, minor	ii		i	i	True	ii	ii, minor		ii, minor		ii	ii	2		1	1	1	3	3	A	A	G	G	minor triad	0	True	True	True	True	True	-1	-1	-1	4	True	False	False
738	12	61.5	76	4	E	0	2.5	0	False	3	8	1	1	1/8	True	-2	21	21	21	21a	5	123/4	False	False				False	34	ii		g	i		ii		ii					m	True	True	(2, -1, 3)	()	2	2	minor	minor	i	i, minor	ii		i	i	True	ii	ii, minor		ii, minor		ii	ii	2		1	1	1	3	3	A	A	G	G	minor triad	0	True	True	True	True	True	3	3	3	#6	True	False	False
744	12	62.0	43	1	G	0	3.0	3	True	3	8	2	1	1/8	True	-2	21	21	21	21a	2	31	False	True				False	35	#iii.iv6		g	#iii		iv6		iv		6			m	True	True	(-4, 0, -1)	()	-1	-4	minor	minor	#iii	#iii, minor	iv		#iii	#iii	True	iv6	iv6, minor		iv6, minor		iv	iv	4		1	5	5	4	1	E	G	B	B	minor triad	1	True	True	True	True	True	0	-4	-4	6	True	False	True
750	6	62.5	71	5	B	0	3.5	0	False	3	8	1	2	1/16	True	-2	21	21	21	21a	4	125/4	False	False				False	35	#iii.iv6		g	#iii		iv6		iv		6			m	True	True	(-4, 0, -1)	()	-1	-4	minor	minor	#iii	#iii, minor	iv		#iii	#iii	True	iv6	iv6, minor		iv6, minor		iv	iv	4		1	5	5	4	1	E	G	B	B	minor triad	1	True	True	True	True	True	4	0	0	1	True	False	False
750	6	62.5	76	4	E	0	3.5	0	False	3	8	1	1	1/16	True	-2	21	21	21	21a	5	125/4	False	False				False	35	#iii.iv6		g	#iii		iv6		iv		6			m	True	True	(-4, 0, -1)	()	-1	-4	minor	minor	#iii	#iii, minor	iv		#iii	#iii	True	iv6	iv6, minor		iv6, minor		iv	iv	4		1	5	5	4	1	E	G	B	B	minor triad	1	True	True	True	True	True	3	-1	-1	4	True	True	False
756	36	63.0	42	6	F	1	1.0	1	True	3	8	2	1	3/8	True	-2	22	22	22	22a	2	63/2	False	True				False	36	V7		g	#iii		V7		V		7			Mm7	True	True	(1, 5, 2, -1)	()	1	1	minor	minor	#iii	#iii, minor	V		#iii	#iii	True	V7	V7, minor		V7, minor		V	V7	5		1	5	5	6	6	F#	F#	B	B	dominant seventh chord	7	True	True	True	True	True	5	1	1	5	True	True	True
756	9	63.0	70	10	A	1	1.0	1	True	3	8	1	2	3/32	True	-2	22	22	22	22a	4	63/2	False	True				False	36	V7		g	#iii		V7		V		7			Mm7	True	True	(1, 5, 2, -1)	()	1	1	minor	minor	#iii	#iii, minor	V		#iii	#iii	True	V7	V7, minor		V7, minor		V	V7	5		1	5	5	6	6	F#	F#	B	B	dominant seventh chord	7	True	True	True	True	True	9	5	5	#7	True	False	False
756	9	63.0	76	4	E	0	1.0	1	True	3	8	1	1	3/32	False	-2	22	22	22	22a	5	63/2	False	True				False	36	V7		g	#iii		V7		V		7			Mm7	True	True	(1, 5, 2, -1)	()	1	1	minor	minor	#iii	#iii, minor	V		#iii	#iii	True	V7	V7, minor		V7, minor		V	V7	5		1	5	5	6	6	F#	F#	B	B	dominant seventh chord	7	True	True	True	True	True	3	-1	-1	4	True	False	False
765	3	63.75	76	4	E	0	1.75	0	False	3	8	1	2	1/32	True	-2	22	22	22	22a	5	255/8	False	False				False	36	V7		g	#iii		V7		V		7			Mm7	True	True	(1, 5, 2, -1)	()	1	1	minor	minor	#iii	#iii, minor	V		#iii	#iii	True	V7	V7, minor		V7, minor		V	V7	5		1	5	5	6	6	F#	F#	B	B	dominant seventh chord	7	True	True	True	True	True	3	-1	-1	4	True	False	False
765	3	63.75	79	1	G	0	1.75	0	False	3	8	1	1	1/32	True	-2	22	22	22	22a	5	255/8	False	False				False	36	V7		g	#iii		V7		V		7			Mm7	True	True	(1, 5, 2, -1)	()	1	1	minor	minor	#iii	#iii, minor	V		#iii	#iii	True	V7	V7, minor		V7, minor		V	V7	5		1	5	5	6	6	F#	F#	B	B	dominant seventh chord	7	True	True	True	True	True	0	-4	-4	6	False	False	False
768	9	64.0	76	4	E	0	2.0	2	True	3	8	1	2	3/32	True	-2	22	22	22	22a	5	32	False	False				False	36	V7		g	#iii		V7		V		7			Mm7	True	True	(1, 5, 2, -1)	()	1	1	minor	minor	#iii	#iii, minor	V		#iii	#iii	True	V7	V7, minor		V7, minor		V	V7	5		1	5	5	6	6	F#	F#	B	B	dominant seventh chord	7	True	True	True	True	True	3	-1	-1	4	True	False	False
768	9	64.0	79	1	G	0	2.0	2	True	3	8	1	1	3/32	True	-2	22	22	22	22a	5	32	False	False				False	36	V7		g	#iii		V7		V		7			Mm7	True	True	(1, 5, 2, -1)	()	1	1	minor	minor	#iii	#iii, minor	V		#iii	#iii	True	V7	V7, minor		V7, minor		V	V7	5		1	5	5	6	6	F#	F#	B	B	dominant seventh chord	7	True	True	True	True	True	0	-4	-4	6	False	False	False
777	3	64.75	74	2	D	0	2.75	0	False	3	8	1	2	1/32	True	-2	22	22	22	22a	5	259/8	False	False				False	36	V7		g	#iii		V7		V		7			Mm7	True	True	(1, 5, 2, -1)	()	1	1	minor	minor	#iii	#iii, minor	V		#iii	#iii	True	V7	V7, minor		V7, minor		V	V7	5		1	5	5	6	6	F#	F#	B	B	dominant seventh chord	7	True	True	True	True	True	1	-3	-3	3	False	False	False
777	3	64.75	78	6	F	1	2.75	0	False	3	8	1	1	1/32	True	-2	22	22	22	22a	5	259/8	False	False				False	36	V7		g	#iii		V7		V		7			Mm7	True	True	(1, 5, 2, -1)	()	1	1	minor	minor	#iii	#iii, minor	V		#iii	#iii	True	V7	V7, minor		V7, minor		V	V7	5		1	5	5	6	6	F#	F#	B	B	dominant seventh chord	7	True	True	True	True	True	5	1	1	5	True	True	True
780	9	65.0	74	2	D	0	3.0	3	True	3	8	1	2	3/32	True	-2	22	22	22	22a	5	65/2	False	False				False	36	V7		g	#iii		V7		V		7			Mm7	True	True	(1, 5, 2, -1)	()	1	1	minor	minor	#iii	#iii, minor	V		#iii	#iii	True	V7	V7, minor		V7, minor		V	V7	5		1	5	5	6	6	F#	F#	B	B	dominant seventh chord	7	True	True	True	True	True	1	-3	-3	3	False	False	False
780	9	65.0	78	6	F	1	3.0	3	True	3	8	1	1	3/32	True	-2	22	22	22	22a	5	65/2	False	False				False	36	V7		g	#iii		V7		V		7			Mm7	True	True	(1, 5, 2, -1)	()	1	1	minor	minor	#iii	#iii, minor	V		#iii	#iii	True	V7	V7, minor		V7, minor		V	V7	5		1	5	5	6	6	F#	F#	B	B	dominant seventh chord	7	True	True	True	True	True	5	1	1	5	True	True	True
789	3	65.75	73	7	C	1	3.75	0	False	3	8	1	2	1/32	True	-2	22	22	22	22a	5	263/8	False	False				False	36	V7		g	#iii		V7		V		7			Mm7	True	True	(1, 5, 2, -1)	()	1	1	minor	minor	#iii	#iii, minor	V		#iii	#iii	True	V7	V7, minor		V7, minor		V	V7	5		1	5	5	6	6	F#	F#	B	B	dominant seventh chord	7	True	True	True	True	True	6	2	2	2	True	False	False
789	3	65.75	76	4	E	0	3.75	0	False	3	8	1	1	1/32	True	-2	22	22	22	22a	5	263/8	False	False				False	36	V7		g	#iii		V7		V		7			Mm7	True	True	(1, 5, 2, -1)	()	1	1	minor	minor	#iii	#iii, minor	V		#iii	#iii	True	V7	V7, minor		V7, minor		V	V7	5		1	5	5	6	6	F#	F#	B	B	dominant seventh chord	7	True	True	True	True	True	3	-1	-1	4	True	False	False
792	36	66.0	42	6	F	1	1.0	1	True	3	8	2	1	3/8	True	-2	23	23	23	23a	2	33	False	False				False	36	V7		g	#iii		V7		V		7			Mm7	True	True	(1, 5, 2, -1)	()	1	1	minor	minor	#iii	#iii, minor	V		#iii	#iii	True	V7	V7, minor		V7, minor		V	V7	5		1	5	5	6	6	F#	F#	B	B	dominant seventh chord	7	True	True	True	True	True	5	1	1	5	True	True	True
792	9	66.0	73	7	C	1	1.0	1	True	3	8	1	2	3/32	True	-2	23	23	23	23a	5	33	False	False				False	36	V7		g	#iii		V7		V		7			Mm7	True	True	(1, 5, 2, -1)	()	1	1	minor	minor	#iii	#iii, minor	V		#iii	#iii	True	V7	V7, minor		V7, minor		V	V7	5		1	5	5	6	6	F#	F#	B	B	dominant seventh chord	7	True	True	True	True	True	6	2	2	2	True	False	False
792	9	66.0	76	4	E	0	1.0	1	True	3	8	1	1	3/32	True	-2	23	23	23	23a	5	33	False	False				False	36	V7		g	#iii		V7		V		7			Mm7	True	True	(1, 5, 2, -1)	()	1	1	minor	minor	#iii	#iii, minor	V		#iii	#iii	True	V7	V7, minor		V7, minor		V	V7	5		1	5	5	6	6	F#	F#	B	B	dominant seventh chord	7	True	True	True	True	True	3	-1	-1	4	True	False	False
801	3	66.75	71	5	B	0	1.75	0	False	3	8	1	2	1/32	True	-2	23	23	23	23a	4	267/8	False	False				False	36	V7		g	#iii		V7		V		7			Mm7	True	True	(1, 5, 2, -1)	()	1	1	minor	minor	#iii	#iii, minor	V		#iii	#iii	True	V7	V7, minor		V7, minor		V	V7	5		1	5	5	6	6	F#	F#	B	B	dominant seventh chord	7	True	True	True	True	True	4	0	0	1	False	False	False
801	3	66.75	74	2	D	0	1.75	0	False	3	8	1	1	1/32	True	-2	23	23	23	23a	5	267/8	False	False				False	36	V7		g	#iii		V7		V		7			Mm7	True	True	(1, 5, 2, -1)	()	1	1	minor	minor	#iii	#iii, minor	V		#iii	#iii	True	V7	V7, minor		V7, minor		V	V7	5		1	5	5	6	6	F#	F#	B	B	dominant seventh chord	7	True	True	True	True	True	1	-3	-3	3	False	False	False
804	9	67.0	71	5	B	0	2.0	2	True	3	8	1	2	3/32	True	-2	23	23	23	23a	4	67/2	False	False				False	36	V7		g	#iii		V7		V		7			Mm7	True	True	(1, 5, 2, -1)	()	1	1	minor	minor	#iii	#iii, minor	V		#iii	#iii	True	V7	V7, minor		V7, minor		V	V7	5		1	5	5	6	6	F#	F#	B	B	dominant seventh chord	7	True	True	True	True	True	4	0	0	1	False	False	False
804	9	67.0	74	2	D	0	2.0	2	True	3	8	1	1	3/32	True	-2	23	23	23	23a	5	67/2	False	False				False	36	V7		g	#iii		V7		V		7			Mm7	True	True	(1, 5, 2, -1)	()	1	1	minor	minor	#iii	#iii, minor	V		#iii	#iii	True	V7	V7, minor		V7, minor		V	V7	5		1	5	5	6	6	F#	F#	B	B	dominant seventh chord	7	True	True	True	True	True	1	-3	-3	3	False	False	False
813	3	67.75	70	10	A	1	2.75	0	False	3	8	1	2	1/32	True	-2	23	23	23	23a	4	271/8	False	False				False	36	V7		g	#iii		V7		V		7			Mm7	True	True	(1, 5, 2, -1)	()	1	1	minor	minor	#iii	#iii, minor	V		#iii	#iii	True	V7	V7, minor		V7, minor		V	V7	5		1	5	5	6	6	F#	F#	B	B	dominant seventh chord	7	True	True	True	True	True	9	5	5	#7	True	False	False
813	3	67.75	73	7	C	1	2.75	0	False	3	8	1	1	1/32	True	-2	23	23	23	23a	5	271/8	False	False				False	36	V7		g	#iii		V7		V		7			Mm7	True	True	(1, 5, 2, -1)	()	1	1	minor	minor	#iii	#iii, minor	V		#iii	#iii	True	V7	V7, minor		V7, minor		V	V7	5		1	5	5	6	6	F#	F#	B	B	dominant seventh chord	7	True	True	True	True	True	6	2	2	2	True	False	False
816	3	68.0	70	10	A	1	3.0	3	True	3	8	1	2	1/32	True	-2	23	23	23	23a	4	34	False	False				False	36	V7		g	#iii		V7		V		7			Mm7	True	True	(1, 5, 2, -1)	()	1	1	minor	minor	#iii	#iii, minor	V		#iii	#iii	True	V7	V7, minor		V7, minor		V	V7	5		1	5	5	6	6	F#	F#	B	B	dominant seventh chord	7	True	True	True	True	True	9	5	5	#7	True	False	False
816	3	68.0	73	7	C	1	3.0	3	True	3	8	1	1	1/32	True	-2	23	23	23	23a	5	34	False	False				False	36	V7		g	#iii		V7		V		7			Mm7	True	True	(1, 5, 2, -1)	()	1	1	minor	minor	#iii	#iii, minor	V		#iii	#iii	True	V7	V7, minor		V7, minor		V	V7	5		1	5	5	6	6	F#	F#	B	B	dominant seventh chord	7	True	True	True	True	True	6	2	2	2	True	False	False
819	3	68.25	70	10	A	1	3.25	0	False	3	8	1	2	1/32	True	-2	23	23	23	23a	4	273/8	False	False				False	36	V7		g	#iii		V7		V		7			Mm7	True	True	(1, 5, 2, -1)	()	1	1	minor	minor	#iii	#iii, minor	V		#iii	#iii	True	V7	V7, minor		V7, minor		V	V7	5		1	5	5	6	6	F#	F#	B	B	dominant seventh chord	7	True	True	True	True	True	9	5	5	#7	True	False	False
819	3	68.25	73	7	C	1	3.25	0	False	3	8	1	1	1/32	True	-2	23	23	23	23a	5	273/8	False	False				False	36	V7		g	#iii		V7		V		7			Mm7	True	True	(1, 5, 2, -1)	()	1	1	minor	minor	#iii	#iii, minor	V		#iii	#iii	True	V7	V7, minor		V7, minor		V	V7	5		1	5	5	6	6	F#	F#	B	B	dominant seventh chord	7	True	True	True	True	True	6	2	2	2	True	False	False
822	3	68.5	71	5	B	0	3.5	0	False	3	8	1	2	1/32	True	-2	23	23	23	23a	4	137/4	False	False				False	36	V7		g	#iii		V7		V		7			Mm7	True	True	(1, 5, 2, -1)	()	1	1	minor	minor	#iii	#iii, minor	V		#iii	#iii	True	V7	V7, minor		V7, minor		V	V7	5		1	5	5	6	6	F#	F#	B	B	dominant seventh chord	7	True	True	True	True	True	4	0	0	1	False	False	False
822	3	68.5	74	2	D	0	3.5	0	False	3	8	1	1	1/32	True	-2	23	23	23	23a	5	137/4	False	False				False	36	V7		g	#iii		V7		V		7			Mm7	True	True	(1, 5, 2, -1)	()	1	1	minor	minor	#iii	#iii, minor	V		#iii	#iii	True	V7	V7, minor		V7, minor		V	V7	5		1	5	5	6	6	F#	F#	B	B	dominant seventh chord	7	True	True	True	True	True	1	-3	-3	3	False	False	False
825	3	68.75	73	7	C	1	3.75	0	False	3	8	1	2	1/32	True	-2	23	23	23	23a	5	275/8	False	False				False	36	V7		g	#iii		V7		V		7			Mm7	True	True	(1, 5, 2, -1)	()	1	1	minor	minor	#iii	#iii, minor	V		#iii	#iii	True	V7	V7, minor		V7, minor		V	V7	5		1	5	5	6	6	F#	F#	B	B	dominant seventh chord	7	True	True	True	True	True	6	2	2	2	True	False	False
825	3	68.75	76	4	E	0	3.75	0	False	3	8	1	1	1/32	True	-2	23	23	23	23a	5	275/8	False	False				False	36	V7		g	#iii		V7		V		7			Mm7	True	True	(1, 5, 2, -1)	()	1	1	minor	minor	#iii	#iii, minor	V		#iii	#iii	True	V7	V7, minor		V7, minor		V	V7	5		1	5	5	6	6	F#	F#	B	B	dominant seventh chord	7	True	True	True	True	True	3	-1	-1	4	True	False	False
828	24	69.0	73	7	C	1	1.0	1	True	3	8	1	2	1/4	True	-2	24	24	24	24a	5	69/2	False	True				False	37	viio7(b86)/V		g	#iii		viio7(b86)/V		vii	o	7	b86	V	o7	True	True	(6, 3, 2, -3)	()	6	6	minor	minor	#iii	#iii, minor	vii/V	V	V/#iii	#VII	False	viio7/V	viio7/V, minor		viio7(b86)/V, minor	V	V	viio7	7	5	1	5	6	11	11	E#	E#	B	F#	diminished seventh chord	7	True	True	True	True	True	6	2	1	2	True	False	False
828	24	69.0	76	4	E	0	1.0	1	True	3	8	1	1	1/4	True	-2	24	24	24	24a	5	69/2	False	True				False	37	viio7(b86)/V		g	#iii		viio7(b86)/V		vii	o	7	b86	V	o7	True	True	(6, 3, 2, -3)	()	6	6	minor	minor	#iii	#iii, minor	vii/V	V	V/#iii	#VII	False	viio7/V	viio7/V, minor		viio7(b86)/V, minor	V	V	viio7	7	5	1	5	6	11	11	E#	E#	B	F#	diminished seventh chord	7	True	True	True	True	True	3	-1	-2	4	False	False	False
840	12	70.0	41	11	E	1	2.0	2	True	3	8	2	1	1/8	True	-2	24	24	24	24a	2	35	False	False				False	37	viio7(b86)/V		g	#iii		viio7(b86)/V		vii	o	7	b86	V	o7	True	True	(6, 3, 2, -3)	()	6	6	minor	minor	#iii	#iii, minor	vii/V	V	V/#iii	#VII	False	viio7/V	viio7/V, minor		viio7(b86)/V, minor	V	V	viio7	7	5	1	5	6	11	11	E#	E#	B	F#	diminished seventh chord	7	True	True	True	True	True	10	6	5	#4	True	True	True
852	12	71.0	41	11	E	1	3.0	3	True	3	8	2	1	1/8	True	-2	24	24	24	24a	2	71/2	False	True				False	38	viio7/V		g	#iii		viio7/V		vii	o	7		V	o7	True	True	(6, 3, 0, -3)	()	6	6	minor	minor	#iii	#iii, minor	vii/V	V	V/#iii	#VII	False	viio7/V	viio7/V, minor		viio7/V, minor	V	V	viio7	7	5	1	5	6	11	11	E#	E#	B	F#	diminished seventh chord	7	True	True	True	True	True	10	6	5	#4	True	True	True
852	3	71.0	71	5	B	0	3.0	3	True	3	8	1	2	1/32	True	-2	24	24	24	24a	4	71/2	False	True				False	38	viio7/V		g	#iii		viio7/V		vii	o	7		V	o7	True	True	(6, 3, 0, -3)	()	6	6	minor	minor	#iii	#iii, minor	vii/V	V	V/#iii	#VII	False	viio7/V	viio7/V, minor		viio7/V, minor	V	V	viio7	7	5	1	5	6	11	11	E#	E#	B	F#	diminished seventh chord	7	True	True	True	True	True	4	0	-1	1	True	False	False
852	3	71.0	74	2	D	0	3.0	3	True	3	8	1	1	1/32	True	-2	24	24	24	24a	5	71/2	False	True				False	38	viio7/V		g	#iii		viio7/V		vii	o	7		V	o7	True	True	(6, 3, 0, -3)	()	6	6	minor	minor	#iii	#iii, minor	vii/V	V	V/#iii	#VII	False	viio7/V	viio7/V, minor		viio7/V, minor	V	V	viio7	7	5	1	5	6	11	11	E#	E#	B	F#	diminished seventh chord	7	True	True	True	True	True	1	-3	-4	3	True	False	False
855	3	71.25	70	10	A	1	3.25	0	False	3	8	1	2	1/32	True	-2	24	24	24	24a	4	285/8	False	False				False	38	viio7/V		g	#iii		viio7/V		vii	o	7		V	o7	True	True	(6, 3, 0, -3)	()	6	6	minor	minor	#iii	#iii, minor	vii/V	V	V/#iii	#VII	False	viio7/V	viio7/V, minor		viio7/V, minor	V	V	viio7	7	5	1	5	6	11	11	E#	E#	B	F#	diminished seventh chord	7	True	True	True	True	True	9	5	4	#7	False	False	False
855	3	71.25	73	7	C	1	3.25	0	False	3	8	1	1	1/32	True	-2	24	24	24	24a	5	285/8	False	False				False	38	viio7/V		g	#iii		viio7/V		vii	o	7		V	o7	True	True	(6, 3, 0, -3)	()	6	6	minor	minor	#iii	#iii, minor	vii/V	V	V/#iii	#VII	False	viio7/V	viio7/V, minor		viio7/V, minor	V	V	viio7	7	5	1	5	6	11	11	E#	E#	B	F#	diminished seventh chord	7	True	True	True	True	True	6	2	1	2	False	False	False
858	6	71.5	71	5	B	0	3.5	0	False	3	8	1	2	1/16	True	-2	24	24	24	24a	4	143/4	False	False				False	38	viio7/V		g	#iii		viio7/V		vii	o	7		V	o7	True	True	(6, 3, 0, -3)	()	6	6	minor	minor	#iii	#iii, minor	vii/V	V	V/#iii	#VII	False	viio7/V	viio7/V, minor		viio7/V, minor	V	V	viio7	7	5	1	5	6	11	11	E#	E#	B	F#	diminished seventh chord	7	True	True	True	True	True	4	0	-1	1	True	False	False
858	6	71.5	74	2	D	0	3.5	0	False	3	8	1	1	1/16	True	-2	24	24	24	24a	5	143/4	False	False				False	38	viio7/V		g	#iii		viio7/V		vii	o	7		V	o7	True	True	(6, 3, 0, -3)	()	6	6	minor	minor	#iii	#iii, minor	vii/V	V	V/#iii	#VII	False	viio7/V	viio7/V, minor		viio7/V, minor	V	V	viio7	7	5	1	5	6	11	11	E#	E#	B	F#	diminished seventh chord	7	True	True	True	True	True	1	-3	-4	3	True	False	False
864	0	72.0	73	7	C	1	1.0	1	True	3	8	1	1	0	True	-2	25	25	25	25a	5	36	False	True			}	True	39	V(64)}		g	#iii		V(64)		V			64		M	True	True	(1, 0, -3)	()	1	1	minor	minor	#iii	#iii, minor	V		#iii	#iii	True	V	V, minor		V(64), minor		V	Cad	5		1	5	5	6	6	F#	F#	B	B	major triad	0	True	True	True	True	True	6	2	2	2	False	False	False
864	0	72.0	76	4	E	0	1.0	1	True	3	8	1	1	0	True	-2	25	25	25	25a	5	36	False	True			}	True	39	V(64)}		g	#iii		V(64)		V			64		M	True	True	(1, 0, -3)	()	1	1	minor	minor	#iii	#iii, minor	V		#iii	#iii	True	V	V, minor		V(64), minor		V	Cad	5		1	5	5	6	6	F#	F#	B	B	major triad	0	True	True	True	True	True	3	-1	-1	4	False	False	False
864	12	72.0	42	6	F	1	1.0	1	True	3	8	2	1	1/8	True	-2	25	25	25	25a	2	36	False	True			}	True	39	V(64)}		g	#iii		V(64)		V			64		M	True	True	(1, 0, -3)	()	1	1	minor	minor	#iii	#iii, minor	V		#iii	#iii	True	V	V, minor		V(64), minor		V	Cad	5		1	5	5	6	6	F#	F#	B	B	major triad	0	True	True	True	True	True	5	1	1	5	True	True	True
864	12	72.0	71	5	B	0	1.0	1	True	3	8	1	2	1/8	True	-2	25	25	25	25a	4	36	False	True			}	True	39	V(64)}		g	#iii		V(64)		V			64		M	True	True	(1, 0, -3)	()	1	1	minor	minor	#iii	#iii, minor	V		#iii	#iii	True	V	V, minor		V(64), minor		V	Cad	5		1	5	5	6	6	F#	F#	B	B	major triad	0	True	True	True	True	True	4	0	0	1	True	False	False
864	12	72.0	74	2	D	0	1.0	1	True	3	8	1	1	1/8	True	-2	25	25	25	25a	5	36	False	True			}	True	39	V(64)}		g	#iii		V(64)		V			64		M	True	True	(1, 0, -3)	()	1	1	minor	minor	#iii	#iii, minor	V		#iii	#iii	True	V	V, minor		V(64), minor		V	Cad	5		1	5	5	6	6	F#	F#	B	B	major triad	0	True	True	True	True	True	1	-3	-3	3	True	False	False
876	12	73.0	54	6	F	1	2.0	2	True	3	8	2	1	1/8	True	-2	25	25	25	25a	3	73/2	False	True	HC	HC		False	40	V|HC		g	#iii		V		V					M	True	True	(1, 5, 2)	()	1	1	minor	minor	#iii	#iii, minor	V		#iii	#iii	True	V	V, minor		V, minor		V	V	5		1	5	5	6	6	F#	F#	B	B	major triad	0	True	True	True	True	True	5	1	1	5	True	True	True
876	12	73.0	70	10	A	1	2.0	2	True	3	8	1	2	1/8	True	-2	25	25	25	25a	4	73/2	False	True	HC	HC		False	40	V|HC		g	#iii		V		V					M	True	True	(1, 5, 2)	()	1	1	minor	minor	#iii	#iii, minor	V		#iii	#iii	True	V	V, minor		V, minor		V	V	5		1	5	5	6	6	F#	F#	B	B	major triad	0	True	True	True	True	True	9	5	5	#7	True	False	False
876	12	73.0	73	7	C	1	2.0	2	True	3	8	1	1	1/8	True	-2	25	25	25	25a	5	73/2	False	True	HC	HC		False	40	V|HC		g	#iii		V		V					M	True	True	(1, 5, 2)	()	1	1	minor	minor	#iii	#iii, minor	V		#iii	#iii	True	V	V, minor		V, minor		V	V	5		1	5	5	6	6	F#	F#	B	B	major triad	0	True	True	True	True	True	6	2	2	2	True	False	False
