onset_div	duration_div	onset_beat	pitch	tpc	step	alter	beat_float	downbeat	is_downbeat	ts_beats	ts_beat_type	staff	voice	duration	is_note_onset	ks_fifths	mc	mc_playthrough	mn	mn_playthrough	octave	quarterbeats_playthrough	section_start	a_isOnset	cadence	cadence_type	cadence_subtype	phraseend	a_phraseend	unfolded_harmony_index	label	globalkey	localkey	pedal	chord	numeral	form	figbass	changes	relativeroot	chord_type	globalkey_is_minor	localkey_is_minor	chord_tones	added_tones	root	bass_note	globalkey_mode	localkey_mode	localkey_resolved	localkey_and_mode	root_roman	relativeroot_resolved	effective_localkey	effective_localkey_resolved	effective_localkey_is_minor	chord_reduced	chord_reduced_and_mode	pedal_resolved	chord_and_mode	applied_to_numeral	numeral_or_applied_to_numeral	a_simpleNumeral	a_degree1	a_degree2	globalkey_tpc	localkey_tpc	tonicized_tpc	root_tpc	bass_note_tpc	a_root	a_bass	a_localKey	a_tonicizedKey	a_quality	a_inversion	valid_chord_label	valid_cadence_label	valid_phrase_label	valid_pedal_point_label	valid_section_start_label	sic_with_global	sic_with_local	sic_with_tonicized	note_degree	tpc_is_in_label	tpc_is_root	tpc_is_bass
0	4	0.0	74	2	D	0	3.0	3	True	3	4	1	1	1/4	True	2	1	1	0	0a	5	0	True	False					False	0	D.I{	D	I		I	I	%	6	4	V	M	False	False	(0, 4, 1)	()	0	0	major	major	I	I, major	I	V	I	I	False	I	I, major		I, major	V	I	I	1	5	2	2	2	2	2	D	D	D	D	major triad	0	False	True	True	True	True	0	0	0	1	True	True	True
4	12	1.0	50	2	D	0	1.0	1	True	3	4	2	2	3/4	True	2	2	2	1	1a	3	1	False	True				{	False	0	D.I{	D	I		I	I	%	6	4	V	M	False	False	(0, 4, 1)	()	0	0	major	major	I	I, major	I	V	I	I	False	I	I, major		I, major	V	I	I	1	5	2	2	2	2	2	D	D	D	D	major triad	0	True	True	True	True	True	0	0	0	1	True	True	True
4	6	1.0	78	6	F	1	1.0	1	True	3	4	1	1	3/8	True	2	2	2	1	1a	5	1	False	True				{	False	0	D.I{	D	I		I	I	%	6	4	V	M	False	False	(0, 4, 1)	()	0	0	major	major	I	I, major	I	V	I	I	False	I	I, major		I, major	V	I	I	1	5	2	2	2	2	2	D	D	D	D	major triad	0	True	True	True	True	True	4	4	4	3	True	False	False
8	8	2.0	54	6	F	1	2.0	2	True	3	4	2	1	1/2	True	2	2	2	1	1a	3	2	False	False					False	0	D.I{	D	I		I	I	%	6	4	V	M	False	False	(0, 4, 1)	()	0	0	major	major	I	I, major	I	V	I	I	False	I	I, major		I, major	V	I	I	1	5	2	2	2	2	2	D	D	D	D	major triad	0	True	True	True	True	True	4	4	4	3	True	False	False
10	2	2.5	76	4	E	0	2.5	0	False	3	4	1	1	1/8	True	2	2	2	1	1a	5	5/2	False	False					False	0	D.I{	D	I		I	I	%	6	4	V	M	False	False	(0, 4, 1)	()	0	0	major	major	I	I, major	I	V	I	I	False	I	I, major		I, major	V	I	I	1	5	2	2	2	2	2	D	D	D	D	major triad	0	True	True	True	True	True	2	2	2	2	False	False	False
12	4	3.0	57	3	A	0	3.0	3	True	3	4	2	3	1/4	True	2	2	2	1	1a	3	3	False	False					False	0	D.I{	D	I		I	I	%	6	4	V	M	False	False	(0, 4, 1)	()	0	0	major	major	I	I, major	I	V	I	I	False	I	I, major		I, major	V	I	I	1	5	2	2	2	2	2	D	D	D	D	major triad	0	True	True	True	True	True	1	1	1	5	True	False	False
12	2	3.0	74	2	D	0	3.0	3	True	3	4	1	1	1/8	True	2	2	2	1	1a	5	3	False	False					False	0	D.I{	D	I		I	I	%	6	4	V	M	False	False	(0, 4, 1)	()	0	0	major	major	I	I, major	I	V	I	I	False	I	I, major		I, major	V	I	I	1	5	2	2	2	2	2	D	D	D	D	major triad	0	True	True	True	True	True	0	0	0	1	True	True	True
14	2	3.5	78	6	F	1	3.5	0	False	3	4	1	1	1/8	True	2	2	2	1	1a	5	7/2	False	False					False	0	D.I{	D	I		I	I	%	6	4	V	M	False	False	(0, 4, 1)	()	0	0	major	major	I	I, major	I	V	I	I	False	I	I, major		I, major	V	I	I	1	5	2	2	2	2	2	D	D	D	D	major triad	0	True	True	True	True	True	4	4	4	3	True	False	False
16	0	4.0	78	6	F	1	1.0	1	True	3	4	1	1	0	True	2	3	3	2	2a	5	4	False	True					False	1	V6	D	I		V6	V	%	6	4	V	M	False	False	(5, 2, 1)	()	1	5	major	major	I	I, major	V	V	I	I	False	V6	V6, major		V6, major	V	V	V	5	5	2	2	2	3	7	A	C#	D	D	major triad	1	True	True	True	True	True	4	4	4	3	False	False	False
16	12	4.0	49	7	C	1	1.0	1	True	3	4	2	2	3/4	True	2	3	3	2	2a	3	4	False	True					False	1	V6	D	I		V6	V	%	6	4	V	M	False	False	(5, 2, 1)	()	1	5	major	major	I	I, major	V	V	I	I	False	V6	V6, major		V6, major	V	V	V	5	5	2	2	2	3	7	A	C#	D	D	major triad	1	True	True	True	True	True	5	5	5	7	True	False	True
16	4	4.0	76	4	E	0	1.0	1	True	3	4	1	1	1/4	True	2	3	3	2	2a	5	4	False	True					False	1	V6	D	I		V6	V	%	6	4	V	M	False	False	(5, 2, 1)	()	1	5	major	major	I	I, major	V	V	I	I	False	V6	V6, major		V6, major	V	V	V	5	5	2	2	2	3	7	A	C#	D	D	major triad	1	True	True	True	True	True	2	2	2	2	True	False	False
20	0	5.0	74	2	D	0	2.0	2	True	3	4	1	1	0	True	2	3	3	2	2a	5	5	False	False					False	1	V6	D	I		V6	V	%	6	4	V	M	False	False	(5, 2, 1)	()	1	5	major	major	I	I, major	V	V	I	I	False	V6	V6, major		V6, major	V	V	V	5	5	2	2	2	3	7	A	C#	D	D	major triad	1	True	True	True	True	True	0	0	0	1	False	False	False
20	8	5.0	52	4	E	0	2.0	2	True	3	4	2	1	1/2	True	2	3	3	2	2a	3	5	False	False					False	1	V6	D	I		V6	V	%	6	4	V	M	False	False	(5, 2, 1)	()	1	5	major	major	I	I, major	V	V	I	I	False	V6	V6, major		V6, major	V	V	V	5	5	2	2	2	3	7	A	C#	D	D	major triad	1	True	True	True	True	True	2	2	2	2	True	False	False
20	4	5.0	73	7	C	1	2.0	2	True	3	4	1	1	1/4	True	2	3	3	2	2a	5	5	False	False					False	1	V6	D	I		V6	V	%	6	4	V	M	False	False	(5, 2, 1)	()	1	5	major	major	I	I, major	V	V	I	I	False	V6	V6, major		V6, major	V	V	V	5	5	2	2	2	3	7	A	C#	D	D	major triad	1	True	True	True	True	True	5	5	5	7	True	False	True
24	0	6.0	71	5	B	0	3.0	3	True	3	4	1	1	0	True	2	3	3	2	2a	4	6	False	False					False	1	V6	D	I		V6	V	%	6	4	V	M	False	False	(5, 2, 1)	()	1	5	major	major	I	I, major	V	V	I	I	False	V6	V6, major		V6, major	V	V	V	5	5	2	2	2	3	7	A	C#	D	D	major triad	1	True	True	True	True	True	3	3	3	6	False	False	False
24	4	6.0	57	3	A	0	3.0	3	True	3	4	2	3	1/4	True	2	3	3	2	2a	3	6	False	False					False	1	V6	D	I		V6	V	%	6	4	V	M	False	False	(5, 2, 1)	()	1	5	major	major	I	I, major	V	V	I	I	False	V6	V6, major		V6, major	V	V	V	5	5	2	2	2	3	7	A	C#	D	D	major triad	1	True	True	True	True	True	1	1	1	5	True	True	False
24	4	6.0	69	3	A	0	3.0	3	True	3	4	1	1	1/4	True	2	3	3	2	2a	4	6	False	False					False	1	V6	D	I		V6	V	%	6	4	V	M	False	False	(5, 2, 1)	()	1	5	major	major	I	I, major	V	V	I	I	False	V6	V6, major		V6, major	V	V	V	5	5	2	2	2	3	7	A	C#	D	D	major triad	1	True	True	True	True	True	1	1	1	5	True	True	False
28	2	7.0	47	5	B	0	1.0	1	True	3	4	2	1	1/8	True	2	4	4	3	3a	2	7	False	True					False	2	vi	D	I		vi	vi	%	65	4	V	m	False	False	(3, 0, 4)	()	3	3	major	major	I	I, major	vi	V	I	I	False	vi	vi, major		vi, major	V	vi	vi	6	5	2	2	2	5	5	B	B	D	D	minor triad	0	True	True	True	True	True	3	3	3	6	True	True	True
28	4	7.0	47	5	B	0	1.0	1	True	3	4	2	2	1/4	True	2	4	4	3	3a	2	7	False	True					False	2	vi	D	I		vi	vi	%	65	4	V	m	False	False	(3, 0, 4)	()	3	3	major	major	I	I, major	vi	V	I	I	False	vi	vi, major		vi, major	V	vi	vi	6	5	2	2	2	5	5	B	B	D	D	minor triad	0	True	True	True	True	True	3	3	3	6	True	True	True
28	4	7.0	74	2	D	0	1.0	1	True	3	4	1	1	1/4	True	2	4	4	3	3a	5	7	False	True					False	2	vi	D	I		vi	vi	%	65	4	V	m	False	False	(3, 0, 4)	()	3	3	major	major	I	I, major	vi	V	I	I	False	vi	vi, major		vi, major	V	vi	vi	6	5	2	2	2	5	5	B	B	D	D	minor triad	0	True	True	True	True	True	0	0	0	1	True	False	False
30	2	7.5	50	2	D	0	1.5	0	False	3	4	2	1	1/8	True	2	4	4	3	3a	3	15/2	False	False					False	2	vi	D	I		vi	vi	%	65	4	V	m	False	False	(3, 0, 4)	()	3	3	major	major	I	I, major	vi	V	I	I	False	vi	vi, major		vi, major	V	vi	vi	6	5	2	2	2	5	5	B	B	D	D	minor triad	0	True	True	True	True	True	0	0	0	1	True	False	False
32	2	8.0	49	7	C	1	2.0	2	True	3	4	2	1	1/8	True	2	4	4	3	3a	3	8	False	True					False	3	V65	D	I		V65	V	%	65	4	V	Mm7	False	False	(5, 2, -1, 1)	()	1	5	major	major	I	I, major	V	V	I	I	False	V65	V65, major		V65, major	V	V	V7	5	5	2	2	2	3	7	A	C#	D	D	dominant seventh chord	1	True	True	True	True	True	5	5	5	7	True	False	True
32	4	8.0	49	7	C	1	2.0	2	True	3	4	2	2	1/4	True	2	4	4	3	3a	3	8	False	True					False	3	V65	D	I		V65	V	%	65	4	V	Mm7	False	False	(5, 2, -1, 1)	()	1	5	major	major	I	I, major	V	V	I	I	False	V65	V65, major		V65, major	V	V	V7	5	5	2	2	2	3	7	A	C#	D	D	dominant seventh chord	1	True	True	True	True	True	5	5	5	7	True	False	True
32	6	8.0	79	1	G	0	2.0	2	True	3	4	1	1	3/8	True	2	4	4	3	3a	5	8	False	True					False	3	V65	D	I		V65	V	%	65	4	V	Mm7	False	False	(5, 2, -1, 1)	()	1	5	major	major	I	I, major	V	V	I	I	False	V65	V65, major		V65, major	V	V	V7	5	5	2	2	2	3	7	A	C#	D	D	dominant seventh chord	1	True	True	True	True	True	-1	-1	-1	4	True	False	False
34	2	8.5	52	4	E	0	2.5	0	False	3	4	2	1	1/8	True	2	4	4	3	3a	3	17/2	False	False					False	3	V65	D	I		V65	V	%	65	4	V	Mm7	False	False	(5, 2, -1, 1)	()	1	5	major	major	I	I, major	V	V	I	I	False	V65	V65, major		V65, major	V	V	V7	5	5	2	2	2	3	7	A	C#	D	D	dominant seventh chord	1	True	True	True	True	True	2	2	2	2	True	False	False
36	4	9.0	50	2	D	0	3.0	3	True	3	4	2	2	1/4	True	2	4	4	3	3a	3	9	False	True					False	4	I(4)	D	I		I(4)	I	%	6	4	V	M	False	False	(0, -1, 1)	()	0	0	major	major	I	I, major	I	V	I	I	False	I	I, major		I(4), major	V	I	I	1	5	2	2	2	2	2	D	D	D	D	major triad	0	True	True	True	True	True	0	0	0	1	True	True	True
38	2	9.5	78	6	F	1	3.5	0	False	3	4	1	1	1/8	True	2	4	4	3	3a	5	19/2	False	True					False	5	I	D	I		I	I	%	6	4	V	M	False	False	(0, 4, 1)	()	0	0	major	major	I	I, major	I	V	I	I	False	I	I, major		I, major	V	I	I	1	5	2	2	2	2	2	D	D	D	D	major triad	0	True	True	True	True	True	4	4	4	3	True	False	False
40	4	10.0	45	3	A	0	1.0	1	True	3	4	2	2	1/4	True	2	5	5	4	4a	2	10	False	True	HC.SIM	HC	SIM	}	True	6	V|HC.SIM}	D	I		V	V	%	6	4	V	M	False	False	(1, 5, 2)	()	1	1	major	major	I	I, major	V	V	I	I	False	V	V, major		V, major	V	V	V	5	5	2	2	2	3	3	A	A	D	D	major triad	0	True	True	True	True	True	1	1	1	5	True	True	True
40	8	10.0	45	3	A	0	1.0	1	True	3	4	2	1	1/2	True	2	5	5	4	4a	2	10	False	True	HC.SIM	HC	SIM	}	True	6	V|HC.SIM}	D	I		V	V	%	6	4	V	M	False	False	(1, 5, 2)	()	1	1	major	major	I	I, major	V	V	I	I	False	V	V, major		V, major	V	V	V	5	5	2	2	2	3	3	A	A	D	D	major triad	0	True	True	True	True	True	1	1	1	5	True	True	True
40	4	10.0	76	4	E	0	1.0	1	True	3	4	1	1	1/4	True	2	5	5	4	4a	5	10	False	True	HC.SIM	HC	SIM	}	True	6	V|HC.SIM}	D	I		V	V	%	6	4	V	M	False	False	(1, 5, 2)	()	1	1	major	major	I	I, major	V	V	I	I	False	V	V, major		V, major	V	V	V	5	5	2	2	2	3	3	A	A	D	D	major triad	0	True	True	True	True	True	2	2	2	2	True	False	False
44	0	11.0	74	2	D	0	2.0	2	True	3	4	1	1	0	True	2	5	5	4	4a	5	11	False	False					False	6	V|HC.SIM}	D	I		V	V	%	6	4	V	M	False	False	(1, 5, 2)	()	1	1	major	major	I	I, major	V	V	I	I	False	V	V, major		V, major	V	V	V	5	5	2	2	2	3	3	A	A	D	D	major triad	0	True	True	True	True	True	0	0	0	1	False	False	False
44	4	11.0	33	3	A	0	2.0	2	True	3	4	2	2	1/4	True	2	5	5	4	4a	1	11	False	False					False	6	V|HC.SIM}	D	I		V	V	%	6	4	V	M	False	False	(1, 5, 2)	()	1	1	major	major	I	I, major	V	V	I	I	False	V	V, major		V, major	V	V	V	5	5	2	2	2	3	3	A	A	D	D	major triad	0	True	True	True	True	True	1	1	1	5	True	True	True
44	4	11.0	73	7	C	1	2.0	2	True	3	4	1	1	1/4	True	2	5	5	4	4a	5	11	False	False					False	6	V|HC.SIM}	D	I		V	V	%	6	4	V	M	False	False	(1, 5, 2)	()	1	1	major	major	I	I, major	V	V	I	I	False	V	V, major		V, major	V	V	V	5	5	2	2	2	3	3	A	A	D	D	major triad	0	True	True	True	True	True	5	5	5	7	True	False	False
48	4	12.0	57	3	A	0	3.0	3	True	3	4	2	1	1/4	True	2	5	5	4	4a	3	12	False	True				{	False	7	iii6{	D	I		iii6	iii	%	6	4	V	m	False	False	(1, 5, 4)	()	4	1	major	major	I	I, major	iii	V	I	I	False	iii6	iii6, major		iii6, major	V	iii	iii	3	5	2	2	2	6	3	F#	A	D	D	minor triad	1	True	True	True	True	True	1	1	1	5	True	False	True
48	4	12.0	78	6	F	1	3.0	3	True	3	4	1	1	1/4	True	2	5	5	4	4a	5	12	False	True				{	False	7	iii6{	D	I		iii6	iii	%	6	4	V	m	False	False	(1, 5, 4)	()	4	1	major	major	I	I, major	iii	V	I	I	False	iii6	iii6, major		iii6, major	V	iii	iii	3	5	2	2	2	6	3	F#	A	D	D	minor triad	1	True	True	True	True	True	4	4	4	3	True	True	False
52	0	13.0	76	4	E	0	1.0	1	True	3	4	1	1	0	True	2	6	6	5	5a	5	13	False	True					False	8	vi	D	I		vi	vi	%	65	4	V	m	False	False	(3, 0, 4)	()	3	3	major	major	I	I, major	vi	V	I	I	False	vi	vi, major		vi, major	V	vi	vi	6	5	2	2	2	5	5	B	B	D	D	minor triad	0	True	True	True	True	True	2	2	2	2	False	False	False
52	6	13.0	59	5	B	0	1.0	1	True	3	4	2	1	3/8	True	2	6	6	5	5a	3	13	False	True					False	8	vi	D	I		vi	vi	%	65	4	V	m	False	False	(3, 0, 4)	()	3	3	major	major	I	I, major	vi	V	I	I	False	vi	vi, major		vi, major	V	vi	vi	6	5	2	2	2	5	5	B	B	D	D	minor triad	0	True	True	True	True	True	3	3	3	6	True	True	True
52	4	13.0	74	2	D	0	1.0	1	True	3	4	1	1	1/4	True	2	6	6	5	5a	5	13	False	True					False	8	vi	D	I		vi	vi	%	65	4	V	m	False	False	(3, 0, 4)	()	3	3	major	major	I	I, major	vi	V	I	I	False	vi	vi, major		vi, major	V	vi	vi	6	5	2	2	2	5	5	B	B	D	D	minor triad	0	True	True	True	True	True	0	0	0	1	True	False	False
56	0	14.0	73	7	C	1	2.0	2	True	3	4	1	1	0	True	2	6	6	5	5a	5	14	False	False					False	8	vi	D	I		vi	vi	%	65	4	V	m	False	False	(3, 0, 4)	()	3	3	major	major	I	I, major	vi	V	I	I	False	vi	vi, major		vi, major	V	vi	vi	6	5	2	2	2	5	5	B	B	D	D	minor triad	0	True	True	True	True	True	5	5	5	7	False	False	False
56	4	14.0	71	5	B	0	2.0	2	True	3	4	1	1	1/4	True	2	6	6	5	5a	4	14	False	False					False	8	vi	D	I		vi	vi	%	65	4	V	m	False	False	(3, 0, 4)	()	3	3	major	major	I	I, major	vi	V	I	I	False	vi	vi, major		vi, major	V	vi	vi	6	5	2	2	2	5	5	B	B	D	D	minor triad	0	True	True	True	True	True	3	3	3	6	True	True	True
58	2	14.5	57	3	A	0	2.5	0	False	3	4	2	1	1/8	True	2	6	6	5	5a	3	29/2	False	False					False	8	vi	D	I		vi	vi	%	65	4	V	m	False	False	(3, 0, 4)	()	3	3	major	major	I	I, major	vi	V	I	I	False	vi	vi, major		vi, major	V	vi	vi	6	5	2	2	2	5	5	B	B	D	D	minor triad	0	True	True	True	True	True	1	1	1	5	False	False	False
60	2	15.0	55	1	G	0	3.0	3	True	3	4	2	1	1/8	True	2	6	6	5	5a	3	15	False	True					False	9	ii65	D	I		ii65	ii	%	65	4	V	mm7	False	False	(-1, 3, 0, 2)	()	2	-1	major	major	I	I, major	ii	V	I	I	False	ii65	ii65, major		ii65, major	V	ii	ii7	2	5	2	2	2	4	1	E	G	D	D	minor seventh chord	1	True	True	True	True	True	-1	-1	-1	4	True	False	True
60	4	15.0	76	4	E	0	3.0	3	True	3	4	1	1	1/4	True	2	6	6	5	5a	5	15	False	True					False	9	ii65	D	I		ii65	ii	%	65	4	V	mm7	False	False	(-1, 3, 0, 2)	()	2	-1	major	major	I	I, major	ii	V	I	I	False	ii65	ii65, major		ii65, major	V	ii	ii7	2	5	2	2	2	4	1	E	G	D	D	minor seventh chord	1	True	True	True	True	True	2	2	2	2	True	True	False
62	2	15.5	59	5	B	0	3.5	0	False	3	4	2	1	1/8	True	2	6	6	5	5a	3	31/2	False	True					False	10	ii43	D	I		ii43	ii	%	43	4	V	mm7	False	False	(3, 0, 2, -1)	()	2	3	major	major	I	I, major	ii	V	I	I	False	ii43	ii43, major		ii43, major	V	ii	ii7	2	5	2	2	2	4	5	E	B	D	D	minor seventh chord	2	True	True	True	True	True	3	3	3	6	True	False	True
64	6	16.0	57	3	A	0	1.0	1	True	3	4	2	1	3/8	True	2	7	7	6	6a	3	16	False	True					False	11	V	D	I		V	V	%	6	4	V	M	False	False	(1, 5, 2)	()	1	1	major	major	I	I, major	V	V	I	I	False	V	V, major		V, major	V	V	V	5	5	2	2	2	3	3	A	A	D	D	major triad	0	True	True	True	True	True	1	1	1	5	True	True	True
64	4	16.0	73	7	C	1	1.0	1	True	3	4	1	1	1/4	True	2	7	7	6	6a	5	16	False	True					False	11	V	D	I		V	V	%	6	4	V	M	False	False	(1, 5, 2)	()	1	1	major	major	I	I, major	V	V	I	I	False	V	V, major		V, major	V	V	V	5	5	2	2	2	3	3	A	A	D	D	major triad	0	True	True	True	True	True	5	5	5	7	True	False	False
68	0	17.0	71	5	B	0	2.0	2	True	3	4	1	1	0	True	2	7	7	6	6a	4	17	False	False					False	11	V	D	I		V	V	%	6	4	V	M	False	False	(1, 5, 2)	()	1	1	major	major	I	I, major	V	V	I	I	False	V	V, major		V, major	V	V	V	5	5	2	2	2	3	3	A	A	D	D	major triad	0	True	True	True	True	True	3	3	3	6	False	False	False
68	4	17.0	69	3	A	0	2.0	2	True	3	4	1	1	1/4	True	2	7	7	6	6a	4	17	False	False					False	11	V	D	I		V	V	%	6	4	V	M	False	False	(1, 5, 2)	()	1	1	major	major	I	I, major	V	V	I	I	False	V	V, major		V, major	V	V	V	5	5	2	2	2	3	3	A	A	D	D	major triad	0	True	True	True	True	True	1	1	1	5	True	True	True
70	2	17.5	55	1	G	0	2.5	0	False	3	4	2	1	1/8	True	2	7	7	6	6a	3	35/2	False	False					False	11	V	D	I		V	V	%	6	4	V	M	False	False	(1, 5, 2)	()	1	1	major	major	I	I, major	V	V	I	I	False	V	V, major		V, major	V	V	V	5	5	2	2	2	3	3	A	A	D	D	major triad	0	True	True	True	True	True	-1	-1	-1	4	False	False	False
72	2	18.0	54	6	F	1	3.0	3	True	3	4	2	1	1/8	True	2	7	7	6	6a	3	18	False	True					False	12	I6	D	I		I6	I	%	6	4	V	M	False	False	(4, 1, 0)	()	0	4	major	major	I	I, major	I	V	I	I	False	I6	I6, major		I6, major	V	I	I	1	5	2	2	2	2	6	D	F#	D	D	major triad	1	True	True	True	True	True	4	4	4	3	True	False	True
72	4	18.0	54	6	F	1	3.0	3	True	3	4	2	2	1/4	True	2	7	7	6	6a	3	18	False	True					False	12	I6	D	I		I6	I	%	6	4	V	M	False	False	(4, 1, 0)	()	0	4	major	major	I	I, major	I	V	I	I	False	I6	I6, major		I6, major	V	I	I	1	5	2	2	2	2	6	D	F#	D	D	major triad	1	True	True	True	True	True	4	4	4	3	True	False	True
72	4	18.0	74	2	D	0	3.0	3	True	3	4	1	1	1/4	True	2	7	7	6	6a	5	18	False	True					False	12	I6	D	I		I6	I	%	6	4	V	M	False	False	(4, 1, 0)	()	0	4	major	major	I	I, major	I	V	I	I	False	I6	I6, major		I6, major	V	I	I	1	5	2	2	2	2	6	D	F#	D	D	major triad	1	True	True	True	True	True	0	0	0	1	True	True	False
74	2	18.5	57	3	A	0	3.5	0	False	3	4	2	1	1/8	True	2	7	7	6	6a	3	37/2	False	False					False	12	I6	D	I		I6	I	%	6	4	V	M	False	False	(4, 1, 0)	()	0	4	major	major	I	I, major	I	V	I	I	False	I6	I6, major		I6, major	V	I	I	1	5	2	2	2	2	6	D	F#	D	D	major triad	1	True	True	True	True	True	1	1	1	5	True	False	False
76	4	19.0	55	1	G	0	1.0	1	True	3	4	2	1	1/4	True	2	8	8	7	7a	3	19	False	True					False	13	ii65	D	I		ii65	ii	%	65	4	V	mm7	False	False	(-1, 3, 0, 2)	()	2	-1	major	major	I	I, major	ii	V	I	I	False	ii65	ii65, major		ii65, major	V	ii	ii7	2	5	2	2	2	4	1	E	G	D	D	minor seventh chord	1	True	True	True	True	True	-1	-1	-1	4	True	False	True
76	2	19.0	74	2	D	0	1.0	1	True	3	4	1	1	1/8	False	2	8	8	7	7a	5	19	False	True					False	13	ii65	D	I		ii65	ii	%	65	4	V	mm7	False	False	(-1, 3, 0, 2)	()	2	-1	major	major	I	I, major	ii	V	I	I	False	ii65	ii65, major		ii65, major	V	ii	ii7	2	5	2	2	2	4	1	E	G	D	D	minor seventh chord	1	True	True	True	True	True	0	0	0	1	True	False	False
78	2	19.5	76	4	E	0	1.5	0	False	3	4	1	1	1/8	True	2	8	8	7	7a	5	39/2	False	False					False	13	ii65	D	I		ii65	ii	%	65	4	V	mm7	False	False	(-1, 3, 0, 2)	()	2	-1	major	major	I	I, major	ii	V	I	I	False	ii65	ii65, major		ii65, major	V	ii	ii7	2	5	2	2	2	4	1	E	G	D	D	minor seventh chord	1	True	True	True	True	True	2	2	2	2	True	True	False
80	4	20.0	57	3	A	0	2.0	2	True	3	4	2	1	1/4	True	2	8	8	7	7a	3	20	False	True					False	14	V(4)	D	I		V(4)	V	%	6	4	V	M	False	False	(1, 0, 2)	()	1	1	major	major	I	I, major	V	V	I	I	False	V	V, major		V(4), major	V	V	V	5	5	2	2	2	3	3	A	A	D	D	major triad	0	True	True	True	True	True	1	1	1	5	True	True	True
80	6	20.0	76	4	E	0	2.0	2	True	3	4	1	1	3/8	True	2	8	8	7	7a	5	20	False	True					False	14	V(4)	D	I		V(4)	V	%	6	4	V	M	False	False	(1, 0, 2)	()	1	1	major	major	I	I, major	V	V	I	I	False	V	V, major		V(4), major	V	V	V	5	5	2	2	2	3	3	A	A	D	D	major triad	0	True	True	True	True	True	2	2	2	2	True	False	False
84	4	21.0	45	3	A	0	3.0	3	True	3	4	2	1	1/4	True	2	8	8	7	7a	2	21	False	True					False	15	V	D	I		V	V	%	6	2	V	M	False	False	(1, 5, 2)	()	1	1	major	major	I	I, major	V	V	I	I	False	V	V, major		V, major	V	V	V	5	5	2	2	2	3	3	A	A	D	D	major triad	0	True	True	True	True	True	1	1	1	5	True	True	True
86	2	21.5	74	2	D	0	3.5	0	False	3	4	1	1	1/8	True	2	8	8	7	7a	5	43/2	False	False					False	15	V	D	I		V	V	%	6	2	V	M	False	False	(1, 5, 2)	()	1	1	major	major	I	I, major	V	V	I	I	False	V	V, major		V, major	V	V	V	5	5	2	2	2	3	3	A	A	D	D	major triad	0	True	True	True	True	True	0	0	0	1	False	False	False
88	8	22.0	50	2	D	0	1.0	1	True	3	4	2	1	1/2	True	2	9	9	8	8a	3	22	False	True	PAC	PAC		}	True	16	I|PAC}	D	I		I	I	%	6	2	V	M	False	False	(0, 4, 1)	()	0	0	major	major	I	I, major	I	V	I	I	False	I	I, major		I, major	V	I	I	1	5	2	2	2	2	2	D	D	D	D	major triad	0	True	True	True	True	True	0	0	0	1	True	True	True
88	8	22.0	66	6	F	1	1.0	1	True	3	4	1	1	1/2	True	2	9	9	8	8a	4	22	False	True	PAC	PAC		}	True	16	I|PAC}	D	I		I	I	%	6	2	V	M	False	False	(0, 4, 1)	()	0	0	major	major	I	I, major	I	V	I	I	False	I	I, major		I, major	V	I	I	1	5	2	2	2	2	2	D	D	D	D	major triad	0	True	True	True	True	True	4	4	4	3	True	False	False
88	8	22.0	69	3	A	0	1.0	1	True	3	4	1	1	1/2	True	2	9	9	8	8a	4	22	False	True	PAC	PAC		}	True	16	I|PAC}	D	I		I	I	%	6	2	V	M	False	False	(0, 4, 1)	()	0	0	major	major	I	I, major	I	V	I	I	False	I	I, major		I, major	V	I	I	1	5	2	2	2	2	2	D	D	D	D	major triad	0	True	True	True	True	True	1	1	1	5	True	False	False
88	8	22.0	74	2	D	0	1.0	1	True	3	4	1	1	1/2	True	2	9	9	8	8a	5	22	False	True	PAC	PAC		}	True	16	I|PAC}	D	I		I	I	%	6	2	V	M	False	False	(0, 4, 1)	()	0	0	major	major	I	I, major	I	V	I	I	False	I	I, major		I, major	V	I	I	1	5	2	2	2	2	2	D	D	D	D	major triad	0	True	True	True	True	True	0	0	0	1	True	True	True
96	4	24.0	62	2	D	0	3.0	3	True	3	4	2	2	1/4	True	2	9	9	8	8a	4	24	False	False				{	False	17	I{	D	I		I	I	%	6	2	V	M	False	False	(0, 4, 1)	()	0	0	major	major	I	I, major	I	V	I	I	False	I	I, major		I, major	V	I	I	1	5	2	2	2	2	2	D	D	D	D	major triad	0	True	True	True	True	True	0	0	0	1	True	True	True
96	4	24.0	66	6	F	1	3.0	3	True	3	4	2	1	1/4	True	2	9	9	8	8a	4	24	False	False				{	False	17	I{	D	I		I	I	%	6	2	V	M	False	False	(0, 4, 1)	()	0	0	major	major	I	I, major	I	V	I	I	False	I	I, major		I, major	V	I	I	1	5	2	2	2	2	2	D	D	D	D	major triad	0	True	True	True	True	True	4	4	4	3	True	False	False
96	4	24.0	69	3	A	0	3.0	3	True	3	4	1	1	1/4	True	2	9	9	8	8a	4	24	False	False				{	False	17	I{	D	I		I	I	%	6	2	V	M	False	False	(0, 4, 1)	()	0	0	major	major	I	I, major	I	V	I	I	False	I	I, major		I, major	V	I	I	1	5	2	2	2	2	2	D	D	D	D	major triad	0	True	True	True	True	True	1	1	1	5	True	False	False
100	0	25.0	69	3	A	0	1.0	1	True	3	4	1	1	0	True	2	10	10	9	9a	4	25	False	True					False	18	IV	D	I		IV	IV	%	6	2	V	M	False	False	(-1, 3, 0)	()	-1	-1	major	major	I	I, major	IV	V	I	I	False	IV	IV, major		IV, major	V	IV	IV	4	5	2	2	2	1	1	G	G	D	D	major triad	0	True	True	True	True	True	1	1	1	5	False	False	False
100	0	25.0	66	6	F	1	1.0	1	True	3	4	2	1	0	True	2	10	10	9	9a	4	25	False	True					False	18	IV	D	I		IV	IV	%	6	2	V	M	False	False	(-1, 3, 0)	()	-1	-1	major	major	I	I, major	IV	V	I	I	False	IV	IV, major		IV, major	V	IV	IV	4	5	2	2	2	1	1	G	G	D	D	major triad	0	True	True	True	True	True	4	4	4	3	False	False	False
100	4	25.0	55	1	G	0	1.0	1	True	3	4	2	2	1/4	True	2	10	10	9	9a	3	25	False	True					False	18	IV	D	I		IV	IV	%	6	2	V	M	False	False	(-1, 3, 0)	()	-1	-1	major	major	I	I, major	IV	V	I	I	False	IV	IV, major		IV, major	V	IV	IV	4	5	2	2	2	1	1	G	G	D	D	major triad	0	True	True	True	True	True	-1	-1	-1	4	True	True	True
100	6	25.0	67	1	G	0	1.0	1	True	3	4	2	1	3/8	True	2	10	10	9	9a	4	25	False	True					False	18	IV	D	I		IV	IV	%	6	2	V	M	False	False	(-1, 3, 0)	()	-1	-1	major	major	I	I, major	IV	V	I	I	False	IV	IV, major		IV, major	V	IV	IV	4	5	2	2	2	1	1	G	G	D	D	major triad	0	True	True	True	True	True	-1	-1	-1	4	True	True	True
100	6	25.0	71	5	B	0	1.0	1	True	3	4	1	1	3/8	True	2	10	10	9	9a	4	25	False	True					False	18	IV	D	I		IV	IV	%	6	2	V	M	False	False	(-1, 3, 0)	()	-1	-1	major	major	I	I, major	IV	V	I	I	False	IV	IV, major		IV, major	V	IV	IV	4	5	2	2	2	1	1	G	G	D	D	major triad	0	True	True	True	True	True	3	3	3	6	True	False	False
106	2	26.5	66	6	F	1	2.5	0	False	3	4	2	1	1/8	True	2	10	10	9	9a	4	53/2	False	False					False	18	IV	D	I		IV	IV	%	6	2	V	M	False	False	(-1, 3, 0)	()	-1	-1	major	major	I	I, major	IV	V	I	I	False	IV	IV, major		IV, major	V	IV	IV	4	5	2	2	2	1	1	G	G	D	D	major triad	0	True	True	True	True	True	4	4	4	3	False	False	False
106	2	26.5	69	3	A	0	2.5	0	False	3	4	1	1	1/8	True	2	10	10	9	9a	4	53/2	False	False					False	18	IV	D	I		IV	IV	%	6	2	V	M	False	False	(-1, 3, 0)	()	-1	-1	major	major	I	I, major	IV	V	I	I	False	IV	IV, major		IV, major	V	IV	IV	4	5	2	2	2	1	1	G	G	D	D	major triad	0	True	True	True	True	True	1	1	1	5	False	False	False
108	4	27.0	55	1	G	0	3.0	3	True	3	4	2	2	1/4	True	2	10	10	9	9a	3	27	False	True					False	19	ii6	D	I		ii6	ii	%	6	2	V	m	False	False	(-1, 3, 2)	()	2	-1	major	major	I	I, major	ii	V	I	I	False	ii6	ii6, major		ii6, major	V	ii	ii	2	5	2	2	2	4	1	E	G	D	D	minor triad	1	True	True	True	True	True	-1	-1	-1	4	True	False	True
108	2	27.0	64	4	E	0	3.0	3	True	3	4	2	1	1/8	True	2	10	10	9	9a	4	27	False	True					False	19	ii6	D	I		ii6	ii	%	6	2	V	m	False	False	(-1, 3, 2)	()	2	-1	major	major	I	I, major	ii	V	I	I	False	ii6	ii6, major		ii6, major	V	ii	ii	2	5	2	2	2	4	1	E	G	D	D	minor triad	1	True	True	True	True	True	2	2	2	2	True	True	False
108	2	27.0	67	1	G	0	3.0	3	True	3	4	1	1	1/8	True	2	10	10	9	9a	4	27	False	True					False	19	ii6	D	I		ii6	ii	%	6	2	V	m	False	False	(-1, 3, 2)	()	2	-1	major	major	I	I, major	ii	V	I	I	False	ii6	ii6, major		ii6, major	V	ii	ii	2	5	2	2	2	4	1	E	G	D	D	minor triad	1	True	True	True	True	True	-1	-1	-1	4	True	False	True
110	2	27.5	67	1	G	0	3.5	0	False	3	4	2	1	1/8	True	2	10	10	9	9a	4	55/2	False	False					False	19	ii6	D	I		ii6	ii	%	6	2	V	m	False	False	(-1, 3, 2)	()	2	-1	major	major	I	I, major	ii	V	I	I	False	ii6	ii6, major		ii6, major	V	ii	ii	2	5	2	2	2	4	1	E	G	D	D	minor triad	1	True	True	True	True	True	-1	-1	-1	4	True	False	True
110	2	27.5	71	5	B	0	3.5	0	False	3	4	1	1	1/8	True	2	10	10	9	9a	4	55/2	False	False					False	19	ii6	D	I		ii6	ii	%	6	2	V	m	False	False	(-1, 3, 2)	()	2	-1	major	major	I	I, major	ii	V	I	I	False	ii6	ii6, major		ii6, major	V	ii	ii	2	5	2	2	2	4	1	E	G	D	D	minor triad	1	True	True	True	True	True	3	3	3	6	True	False	False
112	0	25.0	71	5	B	0	1.0	1	True	3	4	1	1	0	True	2	11	11	9	9a	4	28	False	True					False	20	I	D	I		I	I	%	6	2	V	M	False	False	(0, 4, 1)	()	0	0	major	major	I	I, major	I	V	I	I	False	I	I, major		I, major	V	I	I	1	5	2	2	2	2	2	D	D	D	D	major triad	0	True	True	True	True	True	3	3	3	6	False	False	False
112	4	25.0	62	2	D	0	1.0	1	True	3	4	2	2	1/4	True	2	11	11	9	9a	4	28	False	True					False	20	I	D	I		I	I	%	6	2	V	M	False	False	(0, 4, 1)	()	0	0	major	major	I	I, major	I	V	I	I	False	I	I, major		I, major	V	I	I	1	5	2	2	2	2	2	D	D	D	D	major triad	0	True	True	True	True	True	0	0	0	1	True	True	True
112	4	25.0	66	6	F	1	1.0	1	True	3	4	2	1	1/4	True	2	11	11	9	9a	4	28	False	True					False	20	I	D	I		I	I	%	6	2	V	M	False	False	(0, 4, 1)	()	0	0	major	major	I	I, major	I	V	I	I	False	I	I, major		I, major	V	I	I	1	5	2	2	2	2	2	D	D	D	D	major triad	0	True	True	True	True	True	4	4	4	3	True	False	False
112	4	25.0	69	3	A	0	1.0	1	True	3	4	1	1	1/4	True	2	11	11	9	9a	4	28	False	True					False	20	I	D	I		I	I	%	6	2	V	M	False	False	(0, 4, 1)	()	0	0	major	major	I	I, major	I	V	I	I	False	I	I, major		I, major	V	I	I	1	5	2	2	2	2	2	D	D	D	D	major triad	0	True	True	True	True	True	1	1	1	5	True	False	False
116	0	26.0	67	1	G	0	2.0	2	True	3	4	1	1	0	True	2	11	11	9	9a	4	29	False	False					False	20	I	D	I		I	I	%	6	2	V	M	False	False	(0, 4, 1)	()	0	0	major	major	I	I, major	I	V	I	I	False	I	I, major		I, major	V	I	I	1	5	2	2	2	2	2	D	D	D	D	major triad	0	True	True	True	True	True	-1	-1	-1	4	False	False	False
116	0	26.0	64	4	E	0	2.0	2	True	3	4	2	1	0	True	2	11	11	9	9a	4	29	False	False					False	20	I	D	I		I	I	%	6	2	V	M	False	False	(0, 4, 1)	()	0	0	major	major	I	I, major	I	V	I	I	False	I	I, major		I, major	V	I	I	1	5	2	2	2	2	2	D	D	D	D	major triad	0	True	True	True	True	True	2	2	2	2	False	False	False
116	4	26.0	62	2	D	0	2.0	2	True	3	4	2	1	1/4	True	2	11	11	9	9a	4	29	False	False					False	20	I	D	I		I	I	%	6	2	V	M	False	False	(0, 4, 1)	()	0	0	major	major	I	I, major	I	V	I	I	False	I	I, major		I, major	V	I	I	1	5	2	2	2	2	2	D	D	D	D	major triad	0	True	True	True	True	True	0	0	0	1	True	True	True
116	4	26.0	66	6	F	1	2.0	2	True	3	4	1	1	1/4	True	2	11	11	9	9a	4	29	False	False					False	20	I	D	I		I	I	%	6	2	V	M	False	False	(0, 4, 1)	()	0	0	major	major	I	I, major	I	V	I	I	False	I	I, major		I, major	V	I	I	1	5	2	2	2	2	2	D	D	D	D	major triad	0	True	True	True	True	True	4	4	4	3	True	False	False
120	4	27.0	50	2	D	0	3.0	3	True	3	4	2	1	1/4	True	2	11	11	9	9a	3	30	False	False					False	20	I	D	I		I	I	%	6	2	V	M	False	False	(0, 4, 1)	()	0	0	major	major	I	I, major	I	V	I	I	False	I	I, major		I, major	V	I	I	1	5	2	2	2	2	2	D	D	D	D	major triad	0	True	True	True	True	True	0	0	0	1	True	True	True
120	4	27.0	69	3	A	0	3.0	3	True	3	4	1	1	1/4	True	2	11	11	9	9a	4	30	False	False					False	20	I	D	I		I	I	%	6	2	V	M	False	False	(0, 4, 1)	()	0	0	major	major	I	I, major	I	V	I	I	False	I	I, major		I, major	V	I	I	1	5	2	2	2	2	2	D	D	D	D	major triad	0	True	True	True	True	True	1	1	1	5	True	False	False
124	6	31.0	54	6	F	1	1.0	1	True	3	4	2	1	3/8	True	2	12	12	10	10a	3	31	False	True					False	21	I6	D	I		I6	I	%	6	2	V	M	False	False	(4, 1, 0)	()	0	4	major	major	I	I, major	I	V	I	I	False	I6	I6, major		I6, major	V	I	I	1	5	2	2	2	2	6	D	F#	D	D	major triad	1	True	True	True	True	True	4	4	4	3	True	False	True
124	4	31.0	74	2	D	0	1.0	1	True	3	4	1	1	1/4	True	2	12	12	10	10a	5	31	False	True					False	21	I6	D	I		I6	I	%	6	2	V	M	False	False	(4, 1, 0)	()	0	4	major	major	I	I, major	I	V	I	I	False	I6	I6, major		I6, major	V	I	I	1	5	2	2	2	2	6	D	F#	D	D	major triad	1	True	True	True	True	True	0	0	0	1	True	True	False
128	4	32.0	74	2	D	0	2.0	2	True	3	4	1	1	1/4	True	2	12	12	10	10a	5	32	False	False					False	21	I6	D	I		I6	I	%	6	2	V	M	False	False	(4, 1, 0)	()	0	4	major	major	I	I, major	I	V	I	I	False	I6	I6, major		I6, major	V	I	I	1	5	2	2	2	2	6	D	F#	D	D	major triad	1	True	True	True	True	True	0	0	0	1	True	True	False
130	2	32.5	52	4	E	0	2.5	0	False	3	4	2	1	1/8	True	2	12	12	10	10a	3	65/2	False	False					False	21	I6	D	I		I6	I	%	6	2	V	M	False	False	(4, 1, 0)	()	0	4	major	major	I	I, major	I	V	I	I	False	I6	I6, major		I6, major	V	I	I	1	5	2	2	2	2	6	D	F#	D	D	major triad	1	True	True	True	True	True	2	2	2	2	False	False	False
132	2	33.0	50	2	D	0	3.0	3	True	3	4	2	1	1/8	True	2	12	12	10	10a	3	33	False	False					False	21	I6	D	I		I6	I	%	6	2	V	M	False	False	(4, 1, 0)	()	0	4	major	major	I	I, major	I	V	I	I	False	I6	I6, major		I6, major	V	I	I	1	5	2	2	2	2	6	D	F#	D	D	major triad	1	True	True	True	True	True	0	0	0	1	True	True	False
132	4	33.0	74	2	D	0	3.0	3	True	3	4	1	1	1/4	True	2	12	12	10	10a	5	33	False	False					False	21	I6	D	I		I6	I	%	6	2	V	M	False	False	(4, 1, 0)	()	0	4	major	major	I	I, major	I	V	I	I	False	I6	I6, major		I6, major	V	I	I	1	5	2	2	2	2	6	D	F#	D	D	major triad	1	True	True	True	True	True	0	0	0	1	True	True	False
134	2	33.5	54	6	F	1	3.5	0	False	3	4	2	1	1/8	True	2	12	12	10	10a	3	67/2	False	False					False	21	I6	D	I		I6	I	%	6	2	V	M	False	False	(4, 1, 0)	()	0	4	major	major	I	I, major	I	V	I	I	False	I6	I6, major		I6, major	V	I	I	1	5	2	2	2	2	6	D	F#	D	D	major triad	1	True	True	True	True	True	4	4	4	3	True	False	True
136	0	34.0	73	7	C	1	1.0	1	True	3	4	1	1	0	True	2	13	13	11	11a	5	34	False	True					False	22	V7/V	D	I		V7/V	V	%	7	2	V	Mm7	False	False	(2, 6, 3, 0)	()	2	2	major	major	I	I, major	V/V	V	V/I	V	False	V7/V	V7/V, major		V7/V, major	V	V	V7	5	5	2	2	3	4	4	E	E	D	A	dominant seventh chord	7	True	True	True	True	True	5	5	4	7	False	False	False
136	4	34.0	52	4	E	0	1.0	1	True	3	4	2	1	1/4	True	2	13	13	11	11a	3	34	False	True					False	22	V7/V	D	I		V7/V	V	%	7	2	V	Mm7	False	False	(2, 6, 3, 0)	()	2	2	major	major	I	I, major	V/V	V	V/I	V	False	V7/V	V7/V, major		V7/V, major	V	V	V7	5	5	2	2	3	4	4	E	E	D	A	dominant seventh chord	7	True	True	True	True	True	2	2	1	2	True	True	True
136	4	34.0	74	2	D	0	1.0	1	True	3	4	1	1	1/4	True	2	13	13	11	11a	5	34	False	True					False	22	V7/V	D	I		V7/V	V	%	7	2	V	Mm7	False	False	(2, 6, 3, 0)	()	2	2	major	major	I	I, major	V/V	V	V/I	V	False	V7/V	V7/V, major		V7/V, major	V	V	V7	5	5	2	2	3	4	4	E	E	D	A	dominant seventh chord	7	True	True	True	True	True	0	0	-1	1	True	False	False
140	4	35.0	45	3	A	0	2.0	2	True	3	4	2	1	1/4	True	2	13	13	11	11a	2	35	False	True	HC	HC		}	True	23	V|HC}	D	I		V	V	%	6	2		M	False	False	(1, 5, 2)	()	1	1	major	major	I	I, major	V		I	I	False	V	V, major		V, major		V	V	5		2	2	2	3	3	A	A	D	D	major triad	0	True	True	True	True	True	1	1	1	5	True	True	True
140	4	35.0	73	7	C	1	2.0	2	True	3	4	1	1	1/4	True	2	13	13	11	11a	5	35	False	True	HC	HC		}	True	23	V|HC}	D	I		V	V	%	6	2		M	False	False	(1, 5, 2)	()	1	1	major	major	I	I, major	V		I	I	False	V	V, major		V, major		V	V	5		2	2	2	3	3	A	A	D	D	major triad	0	True	True	True	True	True	5	5	5	7	True	False	False
144	4	36.0	57	3	A	0	3.0	3	True	3	4	2	1	1/4	True	2	13	13	11	11a	3	36	False	True				{	False	24	V.I{	D	V		I	I	%	6	2		M	False	False	(0, 4, 1)	()	0	0	major	major	V	V, major	I		V	V	False	I	I, major		I, major		I	I	1		2	3	3	3	3	A	A	A	A	major triad	0	True	True	True	True	True	1	0	0	1	True	True	True
144	4	36.0	76	4	E	0	3.0	3	True	3	4	1	1	1/4	True	2	13	13	11	11a	5	36	False	True				{	False	24	V.I{	D	V		I	I	%	6	2		M	False	False	(0, 4, 1)	()	0	0	major	major	V	V, major	I		V	V	False	I	I, major		I, major		I	I	1		2	3	3	3	3	A	A	A	A	major triad	0	True	True	True	True	True	2	1	1	5	True	False	False
148	4	37.0	56	8	G	1	1.0	1	True	3	4	2	1	1/4	True	2	14	14	12	12a	3	37	False	True					False	25	V6	D	V		V6	V	%	6	2		M	False	False	(5, 2, 1)	()	1	5	major	major	V	V, major	V		V	V	False	V6	V6, major		V6, major		V	V	5		2	3	3	4	8	E	G#	A	A	major triad	1	True	True	True	True	True	6	5	5	7	True	False	True
148	3	37.0	76	4	E	0	1.0	1	True	3	4	1	1	3/16	True	2	14	14	12	12a	5	37	False	True					False	25	V6	D	V		V6	V	%	6	2		M	False	False	(5, 2, 1)	()	1	5	major	major	V	V, major	V		V	V	False	V6	V6, major		V6, major		V	V	5		2	3	3	4	8	E	G#	A	A	major triad	1	True	True	True	True	True	2	1	1	5	True	True	False
151	1	37.75	71	5	B	0	1.75	0	False	3	4	1	1	1/16	True	2	14	14	12	12a	4	151/4	False	False					False	25	V6	D	V		V6	V	%	6	2		M	False	False	(5, 2, 1)	()	1	5	major	major	V	V, major	V		V	V	False	V6	V6, major		V6, major		V	V	5		2	3	3	4	8	E	G#	A	A	major triad	1	True	True	True	True	True	3	2	2	2	True	False	False
152	4	38.0	71	5	B	0	2.0	2	True	3	4	1	1	1/4	True	2	14	14	12	12a	4	38	False	False					False	25	V6	D	V		V6	V	%	6	2		M	False	False	(5, 2, 1)	()	1	5	major	major	V	V, major	V		V	V	False	V6	V6, major		V6, major		V	V	5		2	3	3	4	8	E	G#	A	A	major triad	1	True	True	True	True	True	3	2	2	2	True	False	False
156	4	39.0	55	1	G	0	3.0	3	True	3	4	2	1	1/4	True	2	14	14	12	12a	3	39	False	True					False	26	iii%43	D	V		iii%43	iii	%	43	2		%7	False	False	(-2, 2, 4, 1)	()	4	-2	major	major	V	V, major	iii		V	V	False	iii%43	iii%43, major		iii%43, major		iii	iii%7	3		2	3	3	7	1	C#	G	A	A	half-diminished seventh chord	2	True	True	True	True	True	-1	-2	-2	b7	True	False	True
156	4	39.0	76	4	E	0	3.0	3	True	3	4	1	1	1/4	True	2	14	14	12	12a	5	39	False	True					False	26	iii%43	D	V		iii%43	iii	%	43	2		%7	False	False	(-2, 2, 4, 1)	()	4	-2	major	major	V	V, major	iii		V	V	False	iii%43	iii%43, major		iii%43, major		iii	iii%7	3		2	3	3	7	1	C#	G	A	A	half-diminished seventh chord	2	True	True	True	True	True	2	1	1	5	True	False	False
160	8	40.0	54	6	F	1	1.0	1	True	3	4	2	1	1/2	True	2	15	15	13	13a	3	40	False	True					False	27	IV6(2)	D	V		IV6(2)	IV	%	6	2		M	False	False	(3, 0, 1)	()	-1	3	major	major	V	V, major	IV		V	V	False	IV6	IV6, major		IV6(2), major		IV	IV	4		2	3	3	2	6	D	F#	A	A	major triad	1	True	True	True	True	True	4	3	3	6	True	False	True
160	4	40.0	76	4	E	0	1.0	1	True	3	4	1	1	1/4	True	2	15	15	13	13a	5	40	False	True					False	27	IV6(2)	D	V		IV6(2)	IV	%	6	2		M	False	False	(3, 0, 1)	()	-1	3	major	major	V	V, major	IV		V	V	False	IV6	IV6, major		IV6(2), major		IV	IV	4		2	3	3	2	6	D	F#	A	A	major triad	1	True	True	True	True	True	2	1	1	5	True	False	False
164	4	41.0	69	3	A	0	2.0	2	True	3	4	1	1	1/4	True	2	15	15	13	13a	4	41	False	True					False	28	IV6	D	V		IV6	IV	%	6	4		M	False	False	(3, 0, -1)	()	-1	3	major	major	V	V, major	IV		V	V	False	IV6	IV6, major		IV6, major		IV	IV	4		2	3	3	2	6	D	F#	A	A	major triad	1	True	True	True	True	True	1	0	0	1	True	False	False
168	4	42.0	56	8	G	1	3.0	3	True	3	4	2	1	1/4	True	2	15	15	13	13a	3	42	False	True					False	29	V65	D	V		V65	V	%	65	4		Mm7	False	False	(5, 2, -1, 1)	()	1	5	major	major	V	V, major	V		V	V	False	V65	V65, major		V65, major		V	V7	5		2	3	3	4	8	E	G#	A	A	dominant seventh chord	1	True	True	True	True	True	6	5	5	7	True	False	True
168	4	42.0	74	2	D	0	3.0	3	True	3	4	1	1	1/4	True	2	15	15	13	13a	5	42	False	True					False	29	V65	D	V		V65	V	%	65	4		Mm7	False	False	(5, 2, -1, 1)	()	1	5	major	major	V	V, major	V		V	V	False	V65	V65, major		V65, major		V	V7	5		2	3	3	4	8	E	G#	A	A	dominant seventh chord	1	True	True	True	True	True	0	-1	-1	4	True	False	False
172	4	43.0	57	3	A	0	1.0	1	True	3	4	2	1	1/4	True	2	16	16	14	14a	3	43	False	True					False	30	I	D	V		I	I	%	65	4		M	False	False	(0, 4, 1)	()	0	0	major	major	V	V, major	I		V	V	False	I	I, major		I, major		I	I	1		2	3	3	3	3	A	A	A	A	major triad	0	True	True	True	True	True	1	0	0	1	True	True	True
172	4	43.0	73	7	C	1	1.0	1	True	3	4	1	1	1/4	True	2	16	16	14	14a	5	43	False	True					False	30	I	D	V		I	I	%	65	4		M	False	False	(0, 4, 1)	()	0	0	major	major	V	V, major	I		V	V	False	I	I, major		I, major		I	I	1		2	3	3	3	3	A	A	A	A	major triad	0	True	True	True	True	True	5	4	4	3	True	False	False
176	4	44.0	50	2	D	0	2.0	2	True	3	4	2	1	1/4	True	2	16	16	14	14a	3	44	False	True					False	31	ii65	D	V		ii65	ii	%	65	4		mm7	False	False	(-1, 3, 0, 2)	()	2	-1	major	major	V	V, major	ii		V	V	False	ii65	ii65, major		ii65, major		ii	ii7	2		2	3	3	5	2	B	D	A	A	minor seventh chord	1	True	True	True	True	True	0	-1	-1	4	True	False	True
176	6	44.0	71	5	B	0	2.0	2	True	3	4	1	1	3/8	True	2	16	16	14	14a	4	44	False	True					False	31	ii65	D	V		ii65	ii	%	65	4		mm7	False	False	(-1, 3, 0, 2)	()	2	-1	major	major	V	V, major	ii		V	V	False	ii65	ii65, major		ii65, major		ii	ii7	2		2	3	3	5	2	B	D	A	A	minor seventh chord	1	True	True	True	True	True	3	2	2	2	True	True	False
180	4	45.0	54	6	F	1	3.0	3	True	3	4	2	1	1/4	True	2	16	16	14	14a	3	45	False	True					False	32	ii43	D	V		ii43	ii	%	43	4		mm7	False	False	(3, 0, 2, -1)	()	2	3	major	major	V	V, major	ii		V	V	False	ii43	ii43, major		ii43, major		ii	ii7	2		2	3	3	5	6	B	F#	A	A	minor seventh chord	2	True	True	True	True	True	4	3	3	6	True	False	True
182	2	45.5	69	3	A	0	3.5	0	False	3	4	1	1	1/8	True	2	16	16	14	14a	4	91/2	False	False					False	32	ii43	D	V		ii43	ii	%	43	4		mm7	False	False	(3, 0, 2, -1)	()	2	3	major	major	V	V, major	ii		V	V	False	ii43	ii43, major		ii43, major		ii	ii7	2		2	3	3	5	6	B	F#	A	A	minor seventh chord	2	True	True	True	True	True	1	0	0	1	True	False	False
184	4	46.0	52	4	E	0	1.0	1	True	3	4	2	2	1/4	True	2	17	17	15	15a	3	46	False	True	HC.TEN	HC	TEN	}	True	33	V|HC.TEN}	D	V		V	V	%	6	4		M	False	False	(1, 5, 2)	()	1	1	major	major	V	V, major	V		V	V	False	V	V, major		V, major		V	V	5		2	3	3	4	4	E	E	A	A	major triad	0	True	True	True	True	True	2	1	1	5	True	True	True
184	8	46.0	52	4	E	0	1.0	1	True	3	4	2	1	1/2	True	2	17	17	15	15a	3	46	False	True	HC.TEN	HC	TEN	}	True	33	V|HC.TEN}	D	V		V	V	%	6	4		M	False	False	(1, 5, 2)	()	1	1	major	major	V	V, major	V		V	V	False	V	V, major		V, major		V	V	5		2	3	3	4	4	E	E	A	A	major triad	0	True	True	True	True	True	2	1	1	5	True	True	True
184	4	46.0	68	8	G	1	1.0	1	True	3	4	1	1	1/4	True	2	17	17	15	15a	4	46	False	True	HC.TEN	HC	TEN	}	True	33	V|HC.TEN}	D	V		V	V	%	6	4		M	False	False	(1, 5, 2)	()	1	1	major	major	V	V, major	V		V	V	False	V	V, major		V, major		V	V	5		2	3	3	4	4	E	E	A	A	major triad	0	True	True	True	True	True	6	5	5	7	True	False	False
188	0	47.0	66	6	F	1	2.0	2	True	3	4	1	1	0	True	2	17	17	15	15a	4	47	False	False					False	33	V|HC.TEN}	D	V		V	V	%	6	4		M	False	False	(1, 5, 2)	()	1	1	major	major	V	V, major	V		V	V	False	V	V, major		V, major		V	V	5		2	3	3	4	4	E	E	A	A	major triad	0	True	True	True	True	True	4	3	3	6	False	False	False
188	4	47.0	40	4	E	0	2.0	2	True	3	4	2	2	1/4	True	2	17	17	15	15a	2	47	False	False					False	33	V|HC.TEN}	D	V		V	V	%	6	4		M	False	False	(1, 5, 2)	()	1	1	major	major	V	V, major	V		V	V	False	V	V, major		V, major		V	V	5		2	3	3	4	4	E	E	A	A	major triad	0	True	True	True	True	True	2	1	1	5	True	True	True
188	4	47.0	64	4	E	0	2.0	2	True	3	4	1	1	1/4	True	2	17	17	15	15a	4	47	False	False					False	33	V|HC.TEN}	D	V		V	V	%	6	4		M	False	False	(1, 5, 2)	()	1	1	major	major	V	V, major	V		V	V	False	V	V, major		V, major		V	V	5		2	3	3	4	4	E	E	A	A	major triad	0	True	True	True	True	True	2	1	1	5	True	True	True
192	4	48.0	64	4	E	0	3.0	3	True	3	4	2	1	1/4	True	2	17	17	15	15a	4	48	False	True				{	False	34	iii6{	D	V		iii6	iii	%	6	4		m	False	False	(1, 5, 4)	()	4	1	major	major	V	V, major	iii		V	V	False	iii6	iii6, major		iii6, major		iii	iii	3		2	3	3	7	4	C#	E	A	A	minor triad	1	True	True	True	True	True	2	1	1	5	True	False	True
192	4	48.0	73	7	C	1	3.0	3	True	3	4	1	1	1/4	True	2	17	17	15	15a	5	48	False	True				{	False	34	iii6{	D	V		iii6	iii	%	6	4		m	False	False	(1, 5, 4)	()	4	1	major	major	V	V, major	iii		V	V	False	iii6	iii6, major		iii6, major		iii	iii	3		2	3	3	7	4	C#	E	A	A	minor triad	1	True	True	True	True	True	5	4	4	3	True	True	False
196	6	49.0	66	6	F	1	1.0	1	True	3	4	2	1	3/8	True	2	18	18	16	16a	4	49	False	True					False	35	vi	D	V		vi	vi	%	65	4		m	False	False	(3, 0, 4)	()	3	3	major	major	V	V, major	vi		V	V	False	vi	vi, major		vi, major		vi	vi	6		2	3	3	6	6	F#	F#	A	A	minor triad	0	True	True	True	True	True	4	3	3	6	True	True	True
196	4	49.0	69	3	A	0	1.0	1	True	3	4	1	1	1/4	True	2	18	18	16	16a	4	49	False	True					False	35	vi	D	V		vi	vi	%	65	4		m	False	False	(3, 0, 4)	()	3	3	major	major	V	V, major	vi		V	V	False	vi	vi, major		vi, major		vi	vi	6		2	3	3	6	6	F#	F#	A	A	minor triad	0	True	True	True	True	True	1	0	0	1	True	False	False
200	0	50.0	68	8	G	1	2.0	2	True	3	4	1	1	0	True	2	18	18	16	16a	4	50	False	False					False	35	vi	D	V		vi	vi	%	65	4		m	False	False	(3, 0, 4)	()	3	3	major	major	V	V, major	vi		V	V	False	vi	vi, major		vi, major		vi	vi	6		2	3	3	6	6	F#	F#	A	A	minor triad	0	True	True	True	True	True	6	5	5	7	False	False	False
200	4	50.0	66	6	F	1	2.0	2	True	3	4	1	1	1/4	True	2	18	18	16	16a	4	50	False	False					False	35	vi	D	V		vi	vi	%	65	4		m	False	False	(3, 0, 4)	()	3	3	major	major	V	V, major	vi		V	V	False	vi	vi, major		vi, major		vi	vi	6		2	3	3	6	6	F#	F#	A	A	minor triad	0	True	True	True	True	True	4	3	3	6	True	True	True
202	2	50.5	64	4	E	0	2.5	0	False	3	4	2	1	1/8	True	2	18	18	16	16a	4	101/2	False	False					False	35	vi	D	V		vi	vi	%	65	4		m	False	False	(3, 0, 4)	()	3	3	major	major	V	V, major	vi		V	V	False	vi	vi, major		vi, major		vi	vi	6		2	3	3	6	6	F#	F#	A	A	minor triad	0	True	True	True	True	True	2	1	1	5	False	False	False
204	2	51.0	62	2	D	0	3.0	3	True	3	4	2	1	1/8	True	2	18	18	16	16a	4	51	False	True					False	36	ii65	D	V		ii65	ii	%	65	4		mm7	False	False	(-1, 3, 0, 2)	()	2	-1	major	major	V	V, major	ii		V	V	False	ii65	ii65, major		ii65, major		ii	ii7	2		2	3	3	5	2	B	D	A	A	minor seventh chord	1	True	True	True	True	True	0	-1	-1	4	True	False	True
204	4	51.0	78	6	F	1	3.0	3	True	3	4	1	1	1/4	True	2	18	18	16	16a	5	51	False	True					False	36	ii65	D	V		ii65	ii	%	65	4		mm7	False	False	(-1, 3, 0, 2)	()	2	-1	major	major	V	V, major	ii		V	V	False	ii65	ii65, major		ii65, major		ii	ii7	2		2	3	3	5	2	B	D	A	A	minor seventh chord	1	True	True	True	True	True	4	3	3	6	True	False	False
206	2	51.5	66	6	F	1	3.5	0	False	3	4	2	1	1/8	True	2	18	18	16	16a	4	103/2	False	True					False	37	ii43	D	V		ii43	ii	%	43	4		mm7	False	False	(3, 0, 2, -1)	()	2	3	major	major	V	V, major	ii		V	V	False	ii43	ii43, major		ii43, major		ii	ii7	2		2	3	3	5	6	B	F#	A	A	minor seventh chord	2	True	True	True	True	True	4	3	3	6	True	False	True
208	0	52.0	78	6	F	1	1.0	1	True	3	4	1	1	0	True	2	19	19	17	17a	5	52	False	True					False	38	V	D	V		V	V	%	65	4		M	False	False	(1, 5, 2)	()	1	1	major	major	V	V, major	V		V	V	False	V	V, major		V, major		V	V	5		2	3	3	4	4	E	E	A	A	major triad	0	True	True	True	True	True	4	3	3	6	False	False	False
208	2	52.0	64	4	E	0	1.0	1	True	3	4	2	1	1/8	True	2	19	19	17	17a	4	52	False	True					False	38	V	D	V		V	V	%	65	4		M	False	False	(1, 5, 2)	()	1	1	major	major	V	V, major	V		V	V	False	V	V, major		V, major		V	V	5		2	3	3	4	4	E	E	A	A	major triad	0	True	True	True	True	True	2	1	1	5	True	True	True
208	4	52.0	80	8	G	1	1.0	1	True	3	4	1	1	1/4	True	2	19	19	17	17a	5	52	False	True					False	38	V	D	V		V	V	%	65	4		M	False	False	(1, 5, 2)	()	1	1	major	major	V	V, major	V		V	V	False	V	V, major		V, major		V	V	5		2	3	3	4	4	E	E	A	A	major triad	0	True	True	True	True	True	6	5	5	7	True	False	False
210	2	52.5	62	2	D	0	1.5	0	False	3	4	2	1	1/8	True	2	19	19	17	17a	4	105/2	False	False					False	38	V	D	V		V	V	%	65	4		M	False	False	(1, 5, 2)	()	1	1	major	major	V	V, major	V		V	V	False	V	V, major		V, major		V	V	5		2	3	3	4	4	E	E	A	A	major triad	0	True	True	True	True	True	0	-1	-1	4	False	False	False
212	0	53.0	78	6	F	1	2.0	2	True	3	4	1	1	0	True	2	19	19	17	17a	5	53	False	False					False	38	V	D	V		V	V	%	65	4		M	False	False	(1, 5, 2)	()	1	1	major	major	V	V, major	V		V	V	False	V	V, major		V, major		V	V	5		2	3	3	4	4	E	E	A	A	major triad	0	True	True	True	True	True	4	3	3	6	False	False	False
212	2	53.0	61	7	C	1	2.0	2	True	3	4	2	1	1/8	True	2	19	19	17	17a	4	53	False	False					False	38	V	D	V		V	V	%	65	4		M	False	False	(1, 5, 2)	()	1	1	major	major	V	V, major	V		V	V	False	V	V, major		V, major		V	V	5		2	3	3	4	4	E	E	A	A	major triad	0	True	True	True	True	True	5	4	4	3	False	False	False
212	4	53.0	76	4	E	0	2.0	2	True	3	4	1	1	1/4	True	2	19	19	17	17a	5	53	False	False					False	38	V	D	V		V	V	%	65	4		M	False	False	(1, 5, 2)	()	1	1	major	major	V	V, major	V		V	V	False	V	V, major		V, major		V	V	5		2	3	3	4	4	E	E	A	A	major triad	0	True	True	True	True	True	2	1	1	5	True	True	True
214	2	53.5	59	5	B	0	2.5	0	False	3	4	2	1	1/8	True	2	19	19	17	17a	3	107/2	False	False					False	38	V	D	V		V	V	%	65	4		M	False	False	(1, 5, 2)	()	1	1	major	major	V	V, major	V		V	V	False	V	V, major		V, major		V	V	5		2	3	3	4	4	E	E	A	A	major triad	0	True	True	True	True	True	3	2	2	2	True	False	False
216	4	54.0	57	3	A	0	3.0	3	True	3	4	2	1	1/4	True	2	19	19	17	17a	3	54	False	True					False	39	I	D	V		I	I	%	65	4		M	False	False	(0, 4, 1)	()	0	0	major	major	V	V, major	I		V	V	False	I	I, major		I, major		I	I	1		2	3	3	3	3	A	A	A	A	major triad	0	True	True	True	True	True	1	0	0	1	True	True	True
216	3	54.0	81	3	A	0	3.0	3	True	3	4	1	1	3/16	True	2	19	19	17	17a	5	54	False	True					False	39	I	D	V		I	I	%	65	4		M	False	False	(0, 4, 1)	()	0	0	major	major	V	V, major	I		V	V	False	I	I, major		I, major		I	I	1		2	3	3	3	3	A	A	A	A	major triad	0	True	True	True	True	True	1	0	0	1	True	True	True
219	1	54.75	76	4	E	0	3.75	0	False	3	4	1	1	1/16	True	2	19	19	17	17a	5	219/4	False	False					False	39	I	D	V		I	I	%	65	4		M	False	False	(0, 4, 1)	()	0	0	major	major	V	V, major	I		V	V	False	I	I, major		I, major		I	I	1		2	3	3	3	3	A	A	A	A	major triad	0	True	True	True	True	True	2	1	1	5	True	False	False
220	4	55.0	50	2	D	0	1.0	1	True	3	4	2	1	1/4	True	2	20	20	18	18a	3	55	False	True					False	40	ii65	D	V		ii65	ii	%	65	4		mm7	False	False	(-1, 3, 0, 2)	()	2	-1	major	major	V	V, major	ii		V	V	False	ii65	ii65, major		ii65, major		ii	ii7	2		2	3	3	5	2	B	D	A	A	minor seventh chord	1	True	True	True	True	True	0	-1	-1	4	True	False	True
220	3	55.0	74	2	D	0	1.0	1	True	3	4	1	1	3/16	True	2	20	20	18	18a	5	55	False	True					False	40	ii65	D	V		ii65	ii	%	65	4		mm7	False	False	(-1, 3, 0, 2)	()	2	-1	major	major	V	V, major	ii		V	V	False	ii65	ii65, major		ii65, major		ii	ii7	2		2	3	3	5	2	B	D	A	A	minor seventh chord	1	True	True	True	True	True	0	-1	-1	4	True	False	True
223	1	55.75	73	7	C	1	1.75	0	False	3	4	1	1	1/16	True	2	20	20	18	18a	5	223/4	False	False					False	40	ii65	D	V		ii65	ii	%	65	4		mm7	False	False	(-1, 3, 0, 2)	()	2	-1	major	major	V	V, major	ii		V	V	False	ii65	ii65, major		ii65, major		ii	ii7	2		2	3	3	5	2	B	D	A	A	minor seventh chord	1	True	True	True	True	True	5	4	4	3	False	False	False
224	4	56.0	52	4	E	0	2.0	2	True	3	4	2	1	1/4	True	2	20	20	18	18a	3	56	False	True					False	41	V(4)	D	V		V(4)	V	%	6	4		M	False	False	(1, 0, 2)	()	1	1	major	major	V	V, major	V		V	V	False	V	V, major		V(4), major		V	V	5		2	3	3	4	4	E	E	A	A	major triad	0	True	True	True	True	True	2	1	1	5	True	True	True
224	6	56.0	71	5	B	0	2.0	2	True	3	4	1	1	3/8	True	2	20	20	18	18a	4	56	False	True					False	41	V(4)	D	V		V(4)	V	%	6	4		M	False	False	(1, 0, 2)	()	1	1	major	major	V	V, major	V		V	V	False	V	V, major		V(4), major		V	V	5		2	3	3	4	4	E	E	A	A	major triad	0	True	True	True	True	True	3	2	2	2	True	False	False
228	4	57.0	40	4	E	0	3.0	3	True	3	4	2	1	1/4	True	2	20	20	18	18a	2	57	False	True					False	42	V	D	V		V	V	%	6	2		M	False	False	(1, 5, 2)	()	1	1	major	major	V	V, major	V		V	V	False	V	V, major		V, major		V	V	5		2	3	3	4	4	E	E	A	A	major triad	0	True	True	True	True	True	2	1	1	5	True	True	True
230	2	57.5	76	4	E	0	3.5	0	False	3	4	1	1	1/8	True	2	20	20	18	18a	5	115/2	False	False					False	42	V	D	V		V	V	%	6	2		M	False	False	(1, 5, 2)	()	1	1	major	major	V	V, major	V		V	V	False	V	V, major		V, major		V	V	5		2	3	3	4	4	E	E	A	A	major triad	0	True	True	True	True	True	2	1	1	5	True	True	True
232	4	58.0	45	3	A	0	1.0	1	True	3	4	2	1	1/4	True	2	21	21	19	19a	2	58	False	True	IAC	IAC		}	True	43	I|IAC}	D	V		I	I	%	6	2		M	False	False	(0, 4, 1)	()	0	0	major	major	V	V, major	I		V	V	False	I	I, major		I, major		I	I	1		2	3	3	3	3	A	A	A	A	major triad	0	True	True	True	True	True	1	0	0	1	True	True	True
232	8	58.0	73	7	C	1	1.0	1	True	3	4	1	1	1/2	True	2	21	21	19	19a	5	58	False	True	IAC	IAC		}	True	43	I|IAC}	D	V		I	I	%	6	2		M	False	False	(0, 4, 1)	()	0	0	major	major	V	V, major	I		V	V	False	I	I, major		I, major		I	I	1		2	3	3	3	3	A	A	A	A	major triad	0	True	True	True	True	True	5	4	4	3	True	False	False
236	2	59.0	57	3	A	0	2.0	2	True	3	4	2	1	1/8	True	2	21	21	19	19a	3	59	False	False					False	43	I|IAC}	D	V		I	I	%	6	2		M	False	False	(0, 4, 1)	()	0	0	major	major	V	V, major	I		V	V	False	I	I, major		I, major		I	I	1		2	3	3	3	3	A	A	A	A	major triad	0	True	True	True	True	True	1	0	0	1	True	True	True
238	2	59.5	55	1	G	0	2.5	0	False	3	4	2	1	1/8	True	2	21	21	19	19a	3	119/2	False	False					False	43	I|IAC}	D	V		I	I	%	6	2		M	False	False	(0, 4, 1)	()	0	0	major	major	V	V, major	I		V	V	False	I	I, major		I, major		I	I	1		2	3	3	3	3	A	A	A	A	major triad	0	True	True	True	True	True	-1	-2	-2	b7	False	False	False
240	4	60.0	54	6	F	1	3.0	3	True	3	4	2	1	1/4	True	2	21	21	19	19a	3	60	False	True				{	False	44	I.I6{	D	I		I6	I	%	6	2		M	False	False	(4, 1, 0)	()	0	4	major	major	I	I, major	I		I	I	False	I6	I6, major		I6, major		I	I	1		2	2	2	2	6	D	F#	D	D	major triad	1	True	True	True	True	True	4	4	4	3	True	False	True
240	4	60.0	81	3	A	0	3.0	3	True	3	4	1	1	1/4	True	2	21	21	19	19a	5	60	False	True				{	False	44	I.I6{	D	I		I6	I	%	6	2		M	False	False	(4, 1, 0)	()	0	4	major	major	I	I, major	I		I	I	False	I6	I6, major		I6, major		I	I	1		2	2	2	2	6	D	F#	D	D	major triad	1	True	True	True	True	True	1	1	1	5	True	False	False
244	4	61.0	55	1	G	0	1.0	1	True	3	4	2	1	1/4	True	2	22	22	20	20a	3	61	False	True					False	45	IV	D	I		IV	IV	%	6	2		M	False	False	(-1, 3, 0)	()	-1	-1	major	major	I	I, major	IV		I	I	False	IV	IV, major		IV, major		IV	IV	4		2	2	2	1	1	G	G	D	D	major triad	0	True	True	True	True	True	-1	-1	-1	4	True	True	True
244	2	61.0	83	5	B	0	1.0	1	True	3	4	1	1	1/8	True	2	22	22	20	20a	5	61	False	True					False	45	IV	D	I		IV	IV	%	6	2		M	False	False	(-1, 3, 0)	()	-1	-1	major	major	I	I, major	IV		I	I	False	IV	IV, major		IV, major		IV	IV	4		2	2	2	1	1	G	G	D	D	major triad	0	True	True	True	True	True	3	3	3	6	True	False	False
246	2	61.5	81	3	A	0	1.5	0	False	3	4	1	1	1/8	True	2	22	22	20	20a	5	123/2	False	False					False	45	IV	D	I		IV	IV	%	6	2		M	False	False	(-1, 3, 0)	()	-1	-1	major	major	I	I, major	IV		I	I	False	IV	IV, major		IV, major		IV	IV	4		2	2	2	1	1	G	G	D	D	major triad	0	True	True	True	True	True	1	1	1	5	False	False	False
248	4	62.0	64	4	E	0	2.0	2	True	3	4	2	1	1/4	True	2	22	22	20	20a	4	62	False	True					False	46	ii	D	I		ii	ii	%	6	2		m	False	False	(2, -1, 3)	()	2	2	major	major	I	I, major	ii		I	I	False	ii	ii, major		ii, major		ii	ii	2		2	2	2	4	4	E	E	D	D	minor triad	0	True	True	True	True	True	2	2	2	2	True	True	True
248	2	62.0	79	1	G	0	2.0	2	True	3	4	1	1	1/8	True	2	22	22	20	20a	5	62	False	True					False	46	ii	D	I		ii	ii	%	6	2		m	False	False	(2, -1, 3)	()	2	2	major	major	I	I, major	ii		I	I	False	ii	ii, major		ii, major		ii	ii	2		2	2	2	4	4	E	E	D	D	minor triad	0	True	True	True	True	True	-1	-1	-1	4	True	False	False
250	2	62.5	83	5	B	0	2.5	0	False	3	4	1	1	1/8	True	2	22	22	20	20a	5	125/2	False	False					False	46	ii	D	I		ii	ii	%	6	2		m	False	False	(2, -1, 3)	()	2	2	major	major	I	I, major	ii		I	I	False	ii	ii, major		ii, major		ii	ii	2		2	2	2	4	4	E	E	D	D	minor triad	0	True	True	True	True	True	3	3	3	6	True	False	False
252	4	63.0	55	1	G	0	3.0	3	True	3	4	2	1	1/4	True	2	22	22	20	20a	3	63	False	True					False	47	ii6	D	I		ii6	ii	%	6	2		m	False	False	(-1, 3, 2)	()	2	-1	major	major	I	I, major	ii		I	I	False	ii6	ii6, major		ii6, major		ii	ii	2		2	2	2	4	1	E	G	D	D	minor triad	1	True	True	True	True	True	-1	-1	-1	4	True	False	True
252	2	63.0	81	3	A	0	3.0	3	True	3	4	1	1	1/8	True	2	22	22	20	20a	5	63	False	True					False	47	ii6	D	I		ii6	ii	%	6	2		m	False	False	(-1, 3, 2)	()	2	-1	major	major	I	I, major	ii		I	I	False	ii6	ii6, major		ii6, major		ii	ii	2		2	2	2	4	1	E	G	D	D	minor triad	1	True	True	True	True	True	1	1	1	5	False	False	False
254	2	63.5	79	1	G	0	3.5	0	False	3	4	1	1	1/8	True	2	22	22	20	20a	5	127/2	False	False					False	47	ii6	D	I		ii6	ii	%	6	2		m	False	False	(-1, 3, 2)	()	2	-1	major	major	I	I, major	ii		I	I	False	ii6	ii6, major		ii6, major		ii	ii	2		2	2	2	4	1	E	G	D	D	minor triad	1	True	True	True	True	True	-1	-1	-1	4	True	False	True
256	4	64.0	54	6	F	1	1.0	1	True	3	4	2	1	1/4	True	2	23	23	21	21a	3	64	False	True					False	48	I6(2)	D	I		I6(2)	I	%	6	2		M	False	False	(4, 1, 2)	()	0	4	major	major	I	I, major	I		I	I	False	I6	I6, major		I6(2), major		I	I	1		2	2	2	2	6	D	F#	D	D	major triad	1	True	True	True	True	True	4	4	4	3	True	False	True
256	2	64.0	81	3	A	0	1.0	1	True	3	4	1	1	1/8	True	2	23	23	21	21a	5	64	False	True					False	48	I6(2)	D	I		I6(2)	I	%	6	2		M	False	False	(4, 1, 2)	()	0	4	major	major	I	I, major	I		I	I	False	I6	I6, major		I6(2), major		I	I	1		2	2	2	2	6	D	F#	D	D	major triad	1	True	True	True	True	True	1	1	1	5	True	False	False
258	2	64.5	79	1	G	0	1.5	0	False	3	4	1	1	1/8	True	2	23	23	21	21a	5	129/2	False	False					False	48	I6(2)	D	I		I6(2)	I	%	6	2		M	False	False	(4, 1, 2)	()	0	4	major	major	I	I, major	I		I	I	False	I6	I6, major		I6(2), major		I	I	1		2	2	2	2	6	D	F#	D	D	major triad	1	True	True	True	True	True	-1	-1	-1	4	False	False	False
260	4	65.0	62	2	D	0	2.0	2	True	3	4	2	1	1/4	True	2	23	23	21	21a	4	65	False	True					False	49	I	D	I		I	I	%	6	4		M	False	False	(0, 4, 1)	()	0	0	major	major	I	I, major	I		I	I	False	I	I, major		I, major		I	I	1		2	2	2	2	2	D	D	D	D	major triad	0	True	True	True	True	True	0	0	0	1	True	True	True
260	2	65.0	78	6	F	1	2.0	2	True	3	4	1	1	1/8	True	2	23	23	21	21a	5	65	False	True					False	49	I	D	I		I	I	%	6	4		M	False	False	(0, 4, 1)	()	0	0	major	major	I	I, major	I		I	I	False	I	I, major		I, major		I	I	1		2	2	2	2	2	D	D	D	D	major triad	0	True	True	True	True	True	4	4	4	3	True	False	False
262	2	65.5	81	3	A	0	2.5	0	False	3	4	1	1	1/8	True	2	23	23	21	21a	5	131/2	False	False					False	49	I	D	I		I	I	%	6	4		M	False	False	(0, 4, 1)	()	0	0	major	major	I	I, major	I		I	I	False	I	I, major		I, major		I	I	1		2	2	2	2	2	D	D	D	D	major triad	0	True	True	True	True	True	1	1	1	5	True	False	False
264	4	66.0	54	6	F	1	3.0	3	True	3	4	2	1	1/4	True	2	23	23	21	21a	3	66	False	True					False	50	I6	D	I		I6	I	%	6	4		M	False	False	(4, 1, 0)	()	0	4	major	major	I	I, major	I		I	I	False	I6	I6, major		I6, major		I	I	1		2	2	2	2	6	D	F#	D	D	major triad	1	True	True	True	True	True	4	4	4	3	True	False	True
264	2	66.0	79	1	G	0	3.0	3	True	3	4	1	1	1/8	True	2	23	23	21	21a	5	66	False	True					False	50	I6	D	I		I6	I	%	6	4		M	False	False	(4, 1, 0)	()	0	4	major	major	I	I, major	I		I	I	False	I6	I6, major		I6, major		I	I	1		2	2	2	2	6	D	F#	D	D	major triad	1	True	True	True	True	True	-1	-1	-1	4	False	False	False
266	2	66.5	78	6	F	1	3.5	0	False	3	4	1	1	1/8	True	2	23	23	21	21a	5	133/2	False	False					False	50	I6	D	I		I6	I	%	6	4		M	False	False	(4, 1, 0)	()	0	4	major	major	I	I, major	I		I	I	False	I6	I6, major		I6, major		I	I	1		2	2	2	2	6	D	F#	D	D	major triad	1	True	True	True	True	True	4	4	4	3	True	False	True
268	4	67.0	52	4	E	0	1.0	1	True	3	4	2	1	1/4	True	2	24	24	22	22a	3	67	False	True					False	51	ii7	D	I		ii7	ii	%	7	4		mm7	False	False	(2, -1, 3, 0)	()	2	2	major	major	I	I, major	ii		I	I	False	ii7	ii7, major		ii7, major		ii	ii7	2		2	2	2	4	4	E	E	D	D	minor seventh chord	7	True	True	True	True	True	2	2	2	2	True	True	True
268	3	67.0	79	1	G	0	1.0	1	True	3	4	1	1	3/16	True	2	24	24	22	22a	5	67	False	True					False	51	ii7	D	I		ii7	ii	%	7	4		mm7	False	False	(2, -1, 3, 0)	()	2	2	major	major	I	I, major	ii		I	I	False	ii7	ii7, major		ii7, major		ii	ii7	2		2	2	2	4	4	E	E	D	D	minor seventh chord	7	True	True	True	True	True	-1	-1	-1	4	True	False	False
271	1	67.75	78	6	F	1	1.75	0	False	3	4	1	1	1/16	True	2	24	24	22	22a	5	271/4	False	False					False	51	ii7	D	I		ii7	ii	%	7	4		mm7	False	False	(2, -1, 3, 0)	()	2	2	major	major	I	I, major	ii		I	I	False	ii7	ii7, major		ii7, major		ii	ii7	2		2	2	2	4	4	E	E	D	D	minor seventh chord	7	True	True	True	True	True	4	4	4	3	False	False	False
272	4	68.0	57	3	A	0	2.0	2	True	3	4	2	1	1/4	True	2	24	24	22	22a	3	68	False	True					False	52	V7	D	I		V7	V	%	7	4		Mm7	False	False	(1, 5, 2, -1)	()	1	1	major	major	I	I, major	V		I	I	False	V7	V7, major		V7, major		V	V7	5		2	2	2	3	3	A	A	D	D	dominant seventh chord	7	True	True	True	True	True	1	1	1	5	True	True	True
272	3	68.0	76	4	E	0	2.0	2	True	3	4	1	1	3/16	True	2	24	24	22	22a	5	68	False	True					False	52	V7	D	I		V7	V	%	7	4		Mm7	False	False	(1, 5, 2, -1)	()	1	1	major	major	I	I, major	V		I	I	False	V7	V7, major		V7, major		V	V7	5		2	2	2	3	3	A	A	D	D	dominant seventh chord	7	True	True	True	True	True	2	2	2	2	True	False	False
275	1	68.75	74	2	D	0	2.75	0	False	3	4	1	1	1/16	True	2	24	24	22	22a	5	275/4	False	False					False	52	V7	D	I		V7	V	%	7	4		Mm7	False	False	(1, 5, 2, -1)	()	1	1	major	major	I	I, major	V		I	I	False	V7	V7, major		V7, major		V	V7	5		2	2	2	3	3	A	A	D	D	dominant seventh chord	7	True	True	True	True	True	0	0	0	1	False	False	False
276	4	69.0	45	3	A	0	3.0	3	True	3	4	2	1	1/4	True	2	24	24	22	22a	2	69	False	False					False	52	V7	D	I		V7	V	%	7	4		Mm7	False	False	(1, 5, 2, -1)	()	1	1	major	major	I	I, major	V		I	I	False	V7	V7, major		V7, major		V	V7	5		2	2	2	3	3	A	A	D	D	dominant seventh chord	7	True	True	True	True	True	1	1	1	5	True	True	True
276	3	69.0	73	7	C	1	3.0	3	True	3	4	1	1	3/16	True	2	24	24	22	22a	5	69	False	False					False	52	V7	D	I		V7	V	%	7	4		Mm7	False	False	(1, 5, 2, -1)	()	1	1	major	major	I	I, major	V		I	I	False	V7	V7, major		V7, major		V	V7	5		2	2	2	3	3	A	A	D	D	dominant seventh chord	7	True	True	True	True	True	5	5	5	7	True	False	False
279	1	69.75	81	3	A	0	3.75	0	False	3	4	1	1	1/16	True	2	24	24	22	22a	5	279/4	False	False					False	52	V7	D	I		V7	V	%	7	4		Mm7	False	False	(1, 5, 2, -1)	()	1	1	major	major	I	I, major	V		I	I	False	V7	V7, major		V7, major		V	V7	5		2	2	2	3	3	A	A	D	D	dominant seventh chord	7	True	True	True	True	True	1	1	1	5	True	True	True
280	4	70.0	50	2	D	0	1.0	1	True	3	4	2	1	1/4	True	2	25	25	23	23a	3	70	False	True	IAC	IAC		}	True	53	I|IAC}	D	I		I	I	%	6	4		M	False	False	(0, 4, 1)	()	0	0	major	major	I	I, major	I		I	I	False	I	I, major		I, major		I	I	1		2	2	2	2	2	D	D	D	D	major triad	0	True	True	True	True	True	0	0	0	1	True	True	True
280	4	70.0	78	6	F	1	1.0	1	True	3	4	1	1	1/4	True	2	25	25	23	23a	5	70	False	True	IAC	IAC		}	True	53	I|IAC}	D	I		I	I	%	6	4		M	False	False	(0, 4, 1)	()	0	0	major	major	I	I, major	I		I	I	False	I	I, major		I, major		I	I	1		2	2	2	2	2	D	D	D	D	major triad	0	True	True	True	True	True	4	4	4	3	True	False	False
284	0	71.0	76	4	E	0	2.0	2	True	3	4	1	1	0	True	2	25	25	23	23a	5	71	False	False					False	53	I|IAC}	D	I		I	I	%	6	4		M	False	False	(0, 4, 1)	()	0	0	major	major	I	I, major	I		I	I	False	I	I, major		I, major		I	I	1		2	2	2	2	2	D	D	D	D	major triad	0	True	True	True	True	True	2	2	2	2	False	False	False
284	4	71.0	38	2	D	0	2.0	2	True	3	4	2	1	1/4	True	2	25	25	23	23a	2	71	False	False					False	53	I|IAC}	D	I		I	I	%	6	4		M	False	False	(0, 4, 1)	()	0	0	major	major	I	I, major	I		I	I	False	I	I, major		I, major		I	I	1		2	2	2	2	2	D	D	D	D	major triad	0	True	True	True	True	True	0	0	0	1	True	True	True
284	2	71.0	74	2	D	0	2.0	2	True	3	4	1	1	1/8	True	2	25	25	23	23a	5	71	False	False					False	53	I|IAC}	D	I		I	I	%	6	4		M	False	False	(0, 4, 1)	()	0	0	major	major	I	I, major	I		I	I	False	I	I, major		I, major		I	I	1		2	2	2	2	2	D	D	D	D	major triad	0	True	True	True	True	True	0	0	0	1	True	True	True
288	4	72.0	50	2	D	0	3.0	3	True	3	4	2	1	1/4	True	2	25	25	23	23a	3	72	False	True				{	False	54	vi6{	D	I		vi6	vi	%	6	4		m	False	False	(0, 4, 3)	()	3	0	major	major	I	I, major	vi		I	I	False	vi6	vi6, major		vi6, major		vi	vi	6		2	2	2	5	2	B	D	D	D	minor triad	1	True	True	True	True	True	0	0	0	1	True	False	True
288	4	72.0	71	5	B	0	3.0	3	True	3	4	1	1	1/4	True	2	25	25	23	23a	4	72	False	True				{	False	54	vi6{	D	I		vi6	vi	%	6	4		m	False	False	(0, 4, 3)	()	3	0	major	major	I	I, major	vi		I	I	False	vi6	vi6, major		vi6, major		vi	vi	6		2	2	2	5	2	B	D	D	D	minor triad	1	True	True	True	True	True	3	3	3	6	True	True	False
292	4	73.0	49	7	C	1	1.0	1	True	3	4	2	1	1/4	True	2	26	26	24	24a	3	73	False	True					False	55	vii%7	D	I		vii%7	vii	%	7	4		%7	False	False	(5, 2, -1, 3)	()	5	5	major	major	I	I, major	vii		I	I	False	vii%7	vii%7, major		vii%7, major		vii	vii%7	7		2	2	2	7	7	C#	C#	D	D	half-diminished seventh chord	7	True	True	True	True	True	5	5	5	7	True	True	True
292	3	73.0	71	5	B	0	1.0	1	True	3	4	1	1	3/16	True	2	26	26	24	24a	4	73	False	True					False	55	vii%7	D	I		vii%7	vii	%	7	4		%7	False	False	(5, 2, -1, 3)	()	5	5	major	major	I	I, major	vii		I	I	False	vii%7	vii%7, major		vii%7, major		vii	vii%7	7		2	2	2	7	7	C#	C#	D	D	half-diminished seventh chord	7	True	True	True	True	True	3	3	3	6	True	False	False
295	1	73.75	64	4	E	0	1.75	0	False	3	4	1	1	1/16	True	2	26	26	24	24a	4	295/4	False	False					False	55	vii%7	D	I		vii%7	vii	%	7	4		%7	False	False	(5, 2, -1, 3)	()	5	5	major	major	I	I, major	vii		I	I	False	vii%7	vii%7, major		vii%7, major		vii	vii%7	7		2	2	2	7	7	C#	C#	D	D	half-diminished seventh chord	7	True	True	True	True	True	2	2	2	2	True	False	False
296	4	74.0	64	4	E	0	2.0	2	True	3	4	1	1	1/4	True	2	26	26	24	24a	4	74	False	False					False	55	vii%7	D	I		vii%7	vii	%	7	4		%7	False	False	(5, 2, -1, 3)	()	5	5	major	major	I	I, major	vii		I	I	False	vii%7	vii%7, major		vii%7, major		vii	vii%7	7		2	2	2	7	7	C#	C#	D	D	half-diminished seventh chord	7	True	True	True	True	True	2	2	2	2	True	False	False
300	4	75.0	48	0	C	0	3.0	3	True	3	4	2	1	1/4	True	2	26	26	24	24a	3	75	False	True					False	56	iii%43	D	I		iii%43	iii	%	43	4		%7	False	False	(-2, 2, 4, 1)	()	4	-2	major	major	I	I, major	iii		I	I	False	iii%43	iii%43, major		iii%43, major		iii	iii%7	3		2	2	2	6	0	F#	C	D	D	half-diminished seventh chord	2	True	True	True	True	True	-2	-2	-2	b7	True	False	True
300	4	75.0	69	3	A	0	3.0	3	True	3	4	1	1	1/4	True	2	26	26	24	24a	4	75	False	True					False	56	iii%43	D	I		iii%43	iii	%	43	4		%7	False	False	(-2, 2, 4, 1)	()	4	-2	major	major	I	I, major	iii		I	I	False	iii%43	iii%43, major		iii%43, major		iii	iii%7	3		2	2	2	6	0	F#	C	D	D	half-diminished seventh chord	2	True	True	True	True	True	1	1	1	5	True	False	False
304	8	76.0	47	5	B	0	1.0	1	True	3	4	2	1	1/2	True	2	27	27	25	25a	2	76	False	True					False	57	vi7	D	I		vi7	vi		7	4		mm7	False	False	(3, 0, 4, 1)	()	3	3	major	major	I	I, major	vi		I	I	False	vi7	vi7, major		vi7, major		vi	vi7	6		2	2	2	5	5	B	B	D	D	minor seventh chord	7	True	True	True	True	True	3	3	3	6	True	True	True
304	4	76.0	69	3	A	0	1.0	1	True	3	4	1	1	1/4	True	2	27	27	25	25a	4	76	False	True					False	57	vi7	D	I		vi7	vi		7	4		mm7	False	False	(3, 0, 4, 1)	()	3	3	major	major	I	I, major	vi		I	I	False	vi7	vi7, major		vi7, major		vi	vi7	6		2	2	2	5	5	B	B	D	D	minor seventh chord	7	True	True	True	True	True	1	1	1	5	True	False	False
308	4	77.0	62	2	D	0	2.0	2	True	3	4	1	1	1/4	True	2	27	27	25	25a	4	77	False	True					False	58	IV6	D	I		IV6	IV		6	4		M	False	False	(3, 0, -1)	()	-1	3	major	major	I	I, major	IV		I	I	False	IV6	IV6, major		IV6, major		IV	IV	4		2	2	2	1	5	G	B	D	D	major triad	1	True	True	True	True	True	0	0	0	1	True	False	False
312	4	78.0	49	7	C	1	3.0	3	True	3	4	2	1	1/4	True	2	27	27	25	25a	3	78	False	True					False	59	V65	D	I		V65	V		65	4		Mm7	False	False	(5, 2, -1, 1)	()	1	5	major	major	I	I, major	V		I	I	False	V65	V65, major		V65, major		V	V7	5		2	2	2	3	7	A	C#	D	D	dominant seventh chord	1	True	True	True	True	True	5	5	5	7	True	False	True
312	4	78.0	67	1	G	0	3.0	3	True	3	4	1	1	1/4	True	2	27	27	25	25a	4	78	False	True					False	59	V65	D	I		V65	V		65	4		Mm7	False	False	(5, 2, -1, 1)	()	1	5	major	major	I	I, major	V		I	I	False	V65	V65, major		V65, major		V	V7	5		2	2	2	3	7	A	C#	D	D	dominant seventh chord	1	True	True	True	True	True	-1	-1	-1	4	True	False	False
316	4	79.0	50	2	D	0	1.0	1	True	3	4	2	1	1/4	True	2	28	28	26	26a	3	79	False	True					False	60	I	D	I		I	I		65	4		M	False	False	(0, 4, 1)	()	0	0	major	major	I	I, major	I		I	I	False	I	I, major		I, major		I	I	1		2	2	2	2	2	D	D	D	D	major triad	0	True	True	True	True	True	0	0	0	1	True	True	True
316	4	79.0	66	6	F	1	1.0	1	True	3	4	1	1	1/4	True	2	28	28	26	26a	4	79	False	True					False	60	I	D	I		I	I		65	4		M	False	False	(0, 4, 1)	()	0	0	major	major	I	I, major	I		I	I	False	I	I, major		I, major		I	I	1		2	2	2	2	2	D	D	D	D	major triad	0	True	True	True	True	True	4	4	4	3	True	False	False
320	4	80.0	43	1	G	0	2.0	2	True	3	4	2	1	1/4	True	2	28	28	26	26a	2	80	False	True					False	61	ii65	D	I		ii65	ii		65	4		mm7	False	False	(-1, 3, 0, 2)	()	2	-1	major	major	I	I, major	ii		I	I	False	ii65	ii65, major		ii65, major		ii	ii7	2		2	2	2	4	1	E	G	D	D	minor seventh chord	1	True	True	True	True	True	-1	-1	-1	4	True	False	True
320	6	80.0	64	4	E	0	2.0	2	True	3	4	1	1	3/8	True	2	28	28	26	26a	4	80	False	True					False	61	ii65	D	I		ii65	ii		65	4		mm7	False	False	(-1, 3, 0, 2)	()	2	-1	major	major	I	I, major	ii		I	I	False	ii65	ii65, major		ii65, major		ii	ii7	2		2	2	2	4	1	E	G	D	D	minor seventh chord	1	True	True	True	True	True	2	2	2	2	True	True	False
324	4	81.0	47	5	B	0	3.0	3	True	3	4	2	1	1/4	True	2	28	28	26	26a	2	81	False	True					False	62	ii43	D	I		ii43	ii		43	4		mm7	False	False	(3, 0, 2, -1)	()	2	3	major	major	I	I, major	ii		I	I	False	ii43	ii43, major		ii43, major		ii	ii7	2		2	2	2	4	5	E	B	D	D	minor seventh chord	2	True	True	True	True	True	3	3	3	6	True	False	True
326	2	81.5	62	2	D	0	3.5	0	False	3	4	1	1	1/8	True	2	28	28	26	26a	4	163/2	False	False					False	62	ii43	D	I		ii43	ii		43	4		mm7	False	False	(3, 0, 2, -1)	()	2	3	major	major	I	I, major	ii		I	I	False	ii43	ii43, major		ii43, major		ii	ii7	2		2	2	2	4	5	E	B	D	D	minor seventh chord	2	True	True	True	True	True	0	0	0	1	True	False	False
328	4	82.0	45	3	A	0	1.0	1	True	3	4	2	1	1/4	True	2	29	29	27	27a	2	82	False	True	HC.TEN	HC	TEN	}	True	63	V|HC.TEN}	D	I		V	V		7	4		M	False	False	(1, 5, 2)	()	1	1	major	major	I	I, major	V		I	I	False	V	V, major		V, major		V	V	5		2	2	2	3	3	A	A	D	D	major triad	0	True	True	True	True	True	1	1	1	5	True	True	True
328	4	82.0	64	4	E	0	1.0	1	True	3	4	1	1	1/4	True	2	29	29	27	27a	4	82	False	True	HC.TEN	HC	TEN	}	True	63	V|HC.TEN}	D	I		V	V		7	4		M	False	False	(1, 5, 2)	()	1	1	major	major	I	I, major	V		I	I	False	V	V, major		V, major		V	V	5		2	2	2	3	3	A	A	D	D	major triad	0	True	True	True	True	True	2	2	2	2	True	False	False
332	4	83.0	61	7	C	1	2.0	2	True	3	4	1	1	1/4	True	2	29	29	27	27a	4	83	False	False					False	63	V|HC.TEN}	D	I		V	V		7	4		M	False	False	(1, 5, 2)	()	1	1	major	major	I	I, major	V		I	I	False	V	V, major		V, major		V	V	5		2	2	2	3	3	A	A	D	D	major triad	0	True	True	True	True	True	5	5	5	7	True	False	False
336	4	84.0	57	3	A	0	3.0	3	True	3	4	2	1	1/4	True	2	29	29	27	27a	3	84	False	True				{	False	64	V.I{	D	V		I	I		7	4		M	False	False	(0, 4, 1)	()	0	0	major	major	V	V, major	I		V	V	False	I	I, major		I, major		I	I	1		2	3	3	3	3	A	A	A	A	major triad	0	True	True	True	True	True	1	0	0	1	True	True	True
336	4	84.0	69	3	A	0	3.0	3	True	3	4	1	1	1/4	True	2	29	29	27	27a	4	84	False	True				{	False	64	V.I{	D	V		I	I		7	4		M	False	False	(0, 4, 1)	()	0	0	major	major	V	V, major	I		V	V	False	I	I, major		I, major		I	I	1		2	3	3	3	3	A	A	A	A	major triad	0	True	True	True	True	True	1	0	0	1	True	True	True
340	4	85.0	52	4	E	0	1.0	1	True	3	4	2	1	1/4	True	2	30	30	28	28a	3	85	False	True					False	65	V(4)	D	V		V(4)	V		7	4		M	False	False	(1, 0, 2)	()	1	1	major	major	V	V, major	V		V	V	False	V	V, major		V(4), major		V	V	5		2	3	3	4	4	E	E	A	A	major triad	0	True	True	True	True	True	2	1	1	5	True	True	True
340	2	85.0	71	5	B	0	1.0	1	True	3	4	1	1	1/8	True	2	30	30	28	28a	4	85	False	True					False	65	V(4)	D	V		V(4)	V		7	4		M	False	False	(1, 0, 2)	()	1	1	major	major	V	V, major	V		V	V	False	V	V, major		V(4), major		V	V	5		2	3	3	4	4	E	E	A	A	major triad	0	True	True	True	True	True	3	2	2	2	True	False	False
342	2	85.5	69	3	A	0	1.5	0	False	3	4	1	1	1/8	True	2	30	30	28	28a	4	171/2	False	False					False	65	V(4)	D	V		V(4)	V		7	4		M	False	False	(1, 0, 2)	()	1	1	major	major	V	V, major	V		V	V	False	V	V, major		V(4), major		V	V	5		2	3	3	4	4	E	E	A	A	major triad	0	True	True	True	True	True	1	0	0	1	True	False	False
344	2	86.0	68	8	G	1	2.0	2	True	3	4	1	1	1/8	True	2	30	30	28	28a	4	86	False	True					False	66	V	D	V		V	V		7			M	False	False	(1, 5, 2)	()	1	1	major	major	V	V, major	V		V	V	False	V	V, major		V, major		V	V	5		2	3	3	4	4	E	E	A	A	major triad	0	True	True	True	True	True	6	5	5	7	True	False	False
346	2	86.5	71	5	B	0	2.5	0	False	3	4	1	1	1/8	True	2	30	30	28	28a	4	173/2	False	False					False	66	V	D	V		V	V		7			M	False	False	(1, 5, 2)	()	1	1	major	major	V	V, major	V		V	V	False	V	V, major		V, major		V	V	5		2	3	3	4	4	E	E	A	A	major triad	0	True	True	True	True	True	3	2	2	2	True	False	False
348	4	87.0	40	4	E	0	3.0	3	True	3	4	2	1	1/4	True	2	30	30	28	28a	2	87	False	True					False	67	V7	D	V		V7	V		7			Mm7	False	False	(1, 5, 2, -1)	()	1	1	major	major	V	V, major	V		V	V	False	V7	V7, major		V7, major		V	V7	5		2	3	3	4	4	E	E	A	A	dominant seventh chord	7	True	True	True	True	True	2	1	1	5	True	True	True
348	2	87.0	69	3	A	0	3.0	3	True	3	4	1	1	1/8	True	2	30	30	28	28a	4	87	False	True					False	67	V7	D	V		V7	V		7			Mm7	False	False	(1, 5, 2, -1)	()	1	1	major	major	V	V, major	V		V	V	False	V7	V7, major		V7, major		V	V7	5		2	3	3	4	4	E	E	A	A	dominant seventh chord	7	True	True	True	True	True	1	0	0	1	False	False	False
350	2	87.5	68	8	G	1	3.5	0	False	3	4	1	1	1/8	True	2	30	30	28	28a	4	175/2	False	False					False	67	V7	D	V		V7	V		7			Mm7	False	False	(1, 5, 2, -1)	()	1	1	major	major	V	V, major	V		V	V	False	V7	V7, major		V7, major		V	V7	5		2	3	3	4	4	E	E	A	A	dominant seventh chord	7	True	True	True	True	True	6	5	5	7	True	False	False
352	4	88.0	45	3	A	0	1.0	1	True	3	4	2	1	1/4	True	2	31	31	29	29a	2	88	False	True					False	68	I	D	V		I	I		6			M	False	False	(0, 4, 1)	()	0	0	major	major	V	V, major	I		V	V	False	I	I, major		I, major		I	I	1		2	3	3	3	3	A	A	A	A	major triad	0	True	True	True	True	True	1	0	0	1	True	True	True
352	2	88.0	73	7	C	1	1.0	1	True	3	4	1	1	1/8	True	2	31	31	29	29a	5	88	False	True					False	68	I	D	V		I	I		6			M	False	False	(0, 4, 1)	()	0	0	major	major	V	V, major	I		V	V	False	I	I, major		I, major		I	I	1		2	3	3	3	3	A	A	A	A	major triad	0	True	True	True	True	True	5	4	4	3	True	False	False
354	2	88.5	71	5	B	0	1.5	0	False	3	4	1	1	1/8	True	2	31	31	29	29a	4	177/2	False	False					False	68	I	D	V		I	I		6			M	False	False	(0, 4, 1)	()	0	0	major	major	V	V, major	I		V	V	False	I	I, major		I, major		I	I	1		2	3	3	3	3	A	A	A	A	major triad	0	True	True	True	True	True	3	2	2	2	False	False	False
356	2	89.0	69	3	A	0	2.0	2	True	3	4	1	1	1/8	True	2	31	31	29	29a	4	89	False	False					False	68	I	D	V		I	I		6			M	False	False	(0, 4, 1)	()	0	0	major	major	V	V, major	I		V	V	False	I	I, major		I, major		I	I	1		2	3	3	3	3	A	A	A	A	major triad	0	True	True	True	True	True	1	0	0	1	True	True	True
358	2	89.5	73	7	C	1	2.5	0	False	3	4	1	1	1/8	True	2	31	31	29	29a	5	179/2	False	False					False	68	I	D	V		I	I		6			M	False	False	(0, 4, 1)	()	0	0	major	major	V	V, major	I		V	V	False	I	I, major		I, major		I	I	1		2	3	3	3	3	A	A	A	A	major triad	0	True	True	True	True	True	5	4	4	3	True	False	False
360	4	90.0	57	3	A	0	3.0	3	True	3	4	2	1	1/4	True	2	31	31	29	29a	3	90	False	True					False	69	vi6	D	V		vi6	vi		6			m	False	False	(0, 4, 3)	()	3	0	major	major	V	V, major	vi		V	V	False	vi6	vi6, major		vi6, major		vi	vi	6		2	3	3	6	3	F#	A	A	A	minor triad	1	True	True	True	True	True	1	0	0	1	True	False	True
360	2	90.0	71	5	B	0	3.0	3	True	3	4	1	1	1/8	True	2	31	31	29	29a	4	90	False	True					False	69	vi6	D	V		vi6	vi		6			m	False	False	(0, 4, 3)	()	3	0	major	major	V	V, major	vi		V	V	False	vi6	vi6, major		vi6, major		vi	vi	6		2	3	3	6	3	F#	A	A	A	minor triad	1	True	True	True	True	True	3	2	2	2	False	False	False
362	2	90.5	69	3	A	0	3.5	0	False	3	4	1	1	1/8	True	2	31	31	29	29a	4	181/2	False	True					False	70	I.iii6	D	I		iii6	iii		6			m	False	False	(1, 5, 4)	()	4	1	major	major	I	I, major	iii		I	I	False	iii6	iii6, major		iii6, major		iii	iii	3		2	2	2	6	3	F#	A	D	D	minor triad	1	True	True	True	True	True	1	1	1	5	True	False	True
364	4	91.0	59	5	B	0	1.0	1	True	3	4	2	1	1/4	True	2	32	32	30	30a	3	91	False	True					False	71	vi	D	I		vi	vi		65			m	False	False	(3, 0, 4)	()	3	3	major	major	I	I, major	vi		I	I	False	vi	vi, major		vi, major		vi	vi	6		2	2	2	5	5	B	B	D	D	minor triad	0	True	True	True	True	True	3	3	3	6	True	True	True
364	2	91.0	74	2	D	0	1.0	1	True	3	4	1	1	1/8	True	2	32	32	30	30a	5	91	False	True					False	71	vi	D	I		vi	vi		65			m	False	False	(3, 0, 4)	()	3	3	major	major	I	I, major	vi		I	I	False	vi	vi, major		vi, major		vi	vi	6		2	2	2	5	5	B	B	D	D	minor triad	0	True	True	True	True	True	0	0	0	1	True	False	False
366	2	91.5	73	7	C	1	1.5	0	False	3	4	1	1	1/8	True	2	32	32	30	30a	5	183/2	False	False					False	71	vi	D	I		vi	vi		65			m	False	False	(3, 0, 4)	()	3	3	major	major	I	I, major	vi		I	I	False	vi	vi, major		vi, major		vi	vi	6		2	2	2	5	5	B	B	D	D	minor triad	0	True	True	True	True	True	5	5	5	7	False	False	False
368	2	92.0	71	5	B	0	2.0	2	True	3	4	1	1	1/8	True	2	32	32	30	30a	4	92	False	False					False	71	vi	D	I		vi	vi		65			m	False	False	(3, 0, 4)	()	3	3	major	major	I	I, major	vi		I	I	False	vi	vi, major		vi, major		vi	vi	6		2	2	2	5	5	B	B	D	D	minor triad	0	True	True	True	True	True	3	3	3	6	True	True	True
370	2	92.5	74	2	D	0	2.5	0	False	3	4	1	1	1/8	True	2	32	32	30	30a	5	185/2	False	False					False	71	vi	D	I		vi	vi		65			m	False	False	(3, 0, 4)	()	3	3	major	major	I	I, major	vi		I	I	False	vi	vi, major		vi, major		vi	vi	6		2	2	2	5	5	B	B	D	D	minor triad	0	True	True	True	True	True	0	0	0	1	True	False	False
372	4	93.0	55	1	G	0	3.0	3	True	3	4	2	1	1/4	True	2	32	32	30	30a	3	93	False	True					False	72	IV	D	I		IV	IV		65			M	False	False	(-1, 3, 0)	()	-1	-1	major	major	I	I, major	IV		I	I	False	IV	IV, major		IV, major		IV	IV	4		2	2	2	1	1	G	G	D	D	major triad	0	True	True	True	True	True	-1	-1	-1	4	True	True	True
372	2	93.0	73	7	C	1	3.0	3	True	3	4	1	1	1/8	True	2	32	32	30	30a	5	93	False	True					False	72	IV	D	I		IV	IV		65			M	False	False	(-1, 3, 0)	()	-1	-1	major	major	I	I, major	IV		I	I	False	IV	IV, major		IV, major		IV	IV	4		2	2	2	1	1	G	G	D	D	major triad	0	True	True	True	True	True	5	5	5	7	False	False	False
374	2	93.5	71	5	B	0	3.5	0	False	3	4	1	1	1/8	True	2	32	32	30	30a	4	187/2	False	False					False	72	IV	D	I		IV	IV		65			M	False	False	(-1, 3, 0)	()	-1	-1	major	major	I	I, major	IV		I	I	False	IV	IV, major		IV, major		IV	IV	4		2	2	2	1	1	G	G	D	D	major triad	0	True	True	True	True	True	3	3	3	6	True	False	False
376	4	94.0	61	7	C	1	1.0	1	True	3	4	2	1	1/4	True	2	33	33	31	31a	4	94	False	True					False	73	V65	D	I		V65	V		65			Mm7	False	False	(5, 2, -1, 1)	()	1	5	major	major	I	I, major	V		I	I	False	V65	V65, major		V65, major		V	V7	5		2	2	2	3	7	A	C#	D	D	dominant seventh chord	1	True	True	True	True	True	5	5	5	7	True	False	True
376	2	94.0	76	4	E	0	1.0	1	True	3	4	1	1	1/8	True	2	33	33	31	31a	5	94	False	True					False	73	V65	D	I		V65	V		65			Mm7	False	False	(5, 2, -1, 1)	()	1	5	major	major	I	I, major	V		I	I	False	V65	V65, major		V65, major		V	V7	5		2	2	2	3	7	A	C#	D	D	dominant seventh chord	1	True	True	True	True	True	2	2	2	2	True	False	False
378	2	94.5	74	2	D	0	1.5	0	False	3	4	1	1	1/8	True	2	33	33	31	31a	5	189/2	False	False					False	73	V65	D	I		V65	V		65			Mm7	False	False	(5, 2, -1, 1)	()	1	5	major	major	I	I, major	V		I	I	False	V65	V65, major		V65, major		V	V7	5		2	2	2	3	7	A	C#	D	D	dominant seventh chord	1	True	True	True	True	True	0	0	0	1	False	False	False
380	2	95.0	73	7	C	1	2.0	2	True	3	4	1	1	1/8	True	2	33	33	31	31a	5	95	False	False					False	73	V65	D	I		V65	V		65			Mm7	False	False	(5, 2, -1, 1)	()	1	5	major	major	I	I, major	V		I	I	False	V65	V65, major		V65, major		V	V7	5		2	2	2	3	7	A	C#	D	D	dominant seventh chord	1	True	True	True	True	True	5	5	5	7	True	False	True
382	2	95.5	76	4	E	0	2.5	0	False	3	4	1	1	1/8	True	2	33	33	31	31a	5	191/2	False	False					False	73	V65	D	I		V65	V		65			Mm7	False	False	(5, 2, -1, 1)	()	1	5	major	major	I	I, major	V		I	I	False	V65	V65, major		V65, major		V	V7	5		2	2	2	3	7	A	C#	D	D	dominant seventh chord	1	True	True	True	True	True	2	2	2	2	True	False	False
384	4	96.0	57	3	A	0	3.0	3	True	3	4	2	1	1/4	True	2	33	33	31	31a	3	96	False	True					False	74	V7	D	I		V7	V		7			Mm7	False	False	(1, 5, 2, -1)	()	1	1	major	major	I	I, major	V		I	I	False	V7	V7, major		V7, major		V	V7	5		2	2	2	3	3	A	A	D	D	dominant seventh chord	7	True	True	True	True	True	1	1	1	5	True	True	True
384	2	96.0	74	2	D	0	3.0	3	True	3	4	1	1	1/8	True	2	33	33	31	31a	5	96	False	True					False	74	V7	D	I		V7	V		7			Mm7	False	False	(1, 5, 2, -1)	()	1	1	major	major	I	I, major	V		I	I	False	V7	V7, major		V7, major		V	V7	5		2	2	2	3	3	A	A	D	D	dominant seventh chord	7	True	True	True	True	True	0	0	0	1	False	False	False
386	2	96.5	73	7	C	1	3.5	0	False	3	4	1	1	1/8	True	2	33	33	31	31a	5	193/2	False	False					False	74	V7	D	I		V7	V		7			Mm7	False	False	(1, 5, 2, -1)	()	1	1	major	major	I	I, major	V		I	I	False	V7	V7, major		V7, major		V	V7	5		2	2	2	3	3	A	A	D	D	dominant seventh chord	7	True	True	True	True	True	5	5	5	7	True	False	False
388	4	97.0	62	2	D	0	1.0	1	True	3	4	2	1	1/4	True	2	34	34	32	32a	4	97	False	True					False	75	I	D	I		I	I		43			M	False	False	(0, 4, 1)	()	0	0	major	major	I	I, major	I		I	I	False	I	I, major		I, major		I	I	1		2	2	2	2	2	D	D	D	D	major triad	0	True	True	True	True	True	0	0	0	1	True	True	True
388	2	97.0	78	6	F	1	1.0	1	True	3	4	1	1	1/8	True	2	34	34	32	32a	5	97	False	True					False	75	I	D	I		I	I		43			M	False	False	(0, 4, 1)	()	0	0	major	major	I	I, major	I		I	I	False	I	I, major		I, major		I	I	1		2	2	2	2	2	D	D	D	D	major triad	0	True	True	True	True	True	4	4	4	3	True	False	False
390	2	97.5	76	4	E	0	1.5	0	False	3	4	1	1	1/8	True	2	34	34	32	32a	5	195/2	False	False					False	75	I	D	I		I	I		43			M	False	False	(0, 4, 1)	()	0	0	major	major	I	I, major	I		I	I	False	I	I, major		I, major		I	I	1		2	2	2	2	2	D	D	D	D	major triad	0	True	True	True	True	True	2	2	2	2	False	False	False
392	2	98.0	74	2	D	0	2.0	2	True	3	4	1	1	1/8	True	2	34	34	32	32a	5	98	False	False					False	75	I	D	I		I	I		43			M	False	False	(0, 4, 1)	()	0	0	major	major	I	I, major	I		I	I	False	I	I, major		I, major		I	I	1		2	2	2	2	2	D	D	D	D	major triad	0	True	True	True	True	True	0	0	0	1	True	True	True
394	1	98.5	76	4	E	0	2.5	0	False	3	4	1	1	1/16	True	2	34	34	32	32a	5	197/2	False	False					False	75	I	D	I		I	I		43			M	False	False	(0, 4, 1)	()	0	0	major	major	I	I, major	I		I	I	False	I	I, major		I, major		I	I	1		2	2	2	2	2	D	D	D	D	major triad	0	True	True	True	True	True	2	2	2	2	False	False	False
395	1	98.75	78	6	F	1	2.75	0	False	3	4	1	1	1/16	True	2	34	34	32	32a	5	395/4	False	False					False	75	I	D	I		I	I		43			M	False	False	(0, 4, 1)	()	0	0	major	major	I	I, major	I		I	I	False	I	I, major		I, major		I	I	1		2	2	2	2	2	D	D	D	D	major triad	0	True	True	True	True	True	4	4	4	3	True	False	False
396	4	99.0	50	2	D	0	3.0	3	True	3	4	2	1	1/4	True	2	34	34	32	32a	3	99	False	False					False	75	I	D	I		I	I		43			M	False	False	(0, 4, 1)	()	0	0	major	major	I	I, major	I		I	I	False	I	I, major		I, major		I	I	1		2	2	2	2	2	D	D	D	D	major triad	0	True	True	True	True	True	0	0	0	1	True	True	True
396	2	99.0	76	4	E	0	3.0	3	True	3	4	1	1	1/8	True	2	34	34	32	32a	5	99	False	False					False	75	I	D	I		I	I		43			M	False	False	(0, 4, 1)	()	0	0	major	major	I	I, major	I		I	I	False	I	I, major		I, major		I	I	1		2	2	2	2	2	D	D	D	D	major triad	0	True	True	True	True	True	2	2	2	2	False	False	False
398	2	99.5	74	2	D	0	3.5	0	False	3	4	1	1	1/8	True	2	34	34	32	32a	5	199/2	False	False					False	75	I	D	I		I	I		43			M	False	False	(0, 4, 1)	()	0	0	major	major	I	I, major	I		I	I	False	I	I, major		I, major		I	I	1		2	2	2	2	2	D	D	D	D	major triad	0	True	True	True	True	True	0	0	0	1	True	True	True
400	4	100.0	52	4	E	0	1.0	1	True	3	4	2	1	1/4	True	2	35	35	33	33a	3	100	False	True					False	76	V43	D	I		V43	V		43			Mm7	False	False	(2, -1, 1, 5)	()	1	2	major	major	I	I, major	V		I	I	False	V43	V43, major		V43, major		V	V7	5		2	2	2	3	4	A	E	D	D	dominant seventh chord	2	True	True	True	True	True	2	2	2	2	True	False	True
400	2	100.0	79	1	G	0	1.0	1	True	3	4	1	1	1/8	True	2	35	35	33	33a	5	100	False	True					False	76	V43	D	I		V43	V		43			Mm7	False	False	(2, -1, 1, 5)	()	1	2	major	major	I	I, major	V		I	I	False	V43	V43, major		V43, major		V	V7	5		2	2	2	3	4	A	E	D	D	dominant seventh chord	2	True	True	True	True	True	-1	-1	-1	4	True	False	False
402	2	100.5	78	6	F	1	1.5	0	False	3	4	1	1	1/8	True	2	35	35	33	33a	5	201/2	False	False					False	76	V43	D	I		V43	V		43			Mm7	False	False	(2, -1, 1, 5)	()	1	2	major	major	I	I, major	V		I	I	False	V43	V43, major		V43, major		V	V7	5		2	2	2	3	4	A	E	D	D	dominant seventh chord	2	True	True	True	True	True	4	4	4	3	False	False	False
404	4	101.0	61	7	C	1	2.0	2	True	3	4	2	1	1/4	True	2	35	35	33	33a	4	101	False	True					False	77	V65	D	I		V65	V		65			Mm7	False	False	(5, 2, -1, 1)	()	1	5	major	major	I	I, major	V		I	I	False	V65	V65, major		V65, major		V	V7	5		2	2	2	3	7	A	C#	D	D	dominant seventh chord	1	True	True	True	True	True	5	5	5	7	True	False	True
404	2	101.0	76	4	E	0	2.0	2	True	3	4	1	1	1/8	True	2	35	35	33	33a	5	101	False	True					False	77	V65	D	I		V65	V		65			Mm7	False	False	(5, 2, -1, 1)	()	1	5	major	major	I	I, major	V		I	I	False	V65	V65, major		V65, major		V	V7	5		2	2	2	3	7	A	C#	D	D	dominant seventh chord	1	True	True	True	True	True	2	2	2	2	True	False	False
406	1	101.5	78	6	F	1	2.5	0	False	3	4	1	1	1/16	True	2	35	35	33	33a	5	203/2	False	False					False	77	V65	D	I		V65	V		65			Mm7	False	False	(5, 2, -1, 1)	()	1	5	major	major	I	I, major	V		I	I	False	V65	V65, major		V65, major		V	V7	5		2	2	2	3	7	A	C#	D	D	dominant seventh chord	1	True	True	True	True	True	4	4	4	3	False	False	False
407	1	101.75	79	1	G	0	2.75	0	False	3	4	1	1	1/16	True	2	35	35	33	33a	5	407/4	False	False					False	77	V65	D	I		V65	V		65			Mm7	False	False	(5, 2, -1, 1)	()	1	5	major	major	I	I, major	V		I	I	False	V65	V65, major		V65, major		V	V7	5		2	2	2	3	7	A	C#	D	D	dominant seventh chord	1	True	True	True	True	True	-1	-1	-1	4	True	False	False
408	4	102.0	52	4	E	0	3.0	3	True	3	4	2	1	1/4	True	2	35	35	33	33a	3	102	False	True					False	78	V43	D	I		V43	V		43			Mm7	False	False	(2, -1, 1, 5)	()	1	2	major	major	I	I, major	V		I	I	False	V43	V43, major		V43, major		V	V7	5		2	2	2	3	4	A	E	D	D	dominant seventh chord	2	True	True	True	True	True	2	2	2	2	True	False	True
408	2	102.0	78	6	F	1	3.0	3	True	3	4	1	1	1/8	True	2	35	35	33	33a	5	102	False	True					False	78	V43	D	I		V43	V		43			Mm7	False	False	(2, -1, 1, 5)	()	1	2	major	major	I	I, major	V		I	I	False	V43	V43, major		V43, major		V	V7	5		2	2	2	3	4	A	E	D	D	dominant seventh chord	2	True	True	True	True	True	4	4	4	3	False	False	False
410	2	102.5	76	4	E	0	3.5	0	False	3	4	1	1	1/8	True	2	35	35	33	33a	5	205/2	False	False					False	78	V43	D	I		V43	V		43			Mm7	False	False	(2, -1, 1, 5)	()	1	2	major	major	I	I, major	V		I	I	False	V43	V43, major		V43, major		V	V7	5		2	2	2	3	4	A	E	D	D	dominant seventh chord	2	True	True	True	True	True	2	2	2	2	True	False	True
412	4	103.0	54	6	F	1	1.0	1	True	3	4	2	1	1/4	True	2	36	36	34	34a	3	103	False	True					False	79	I6	D	I		I6	I		6			M	False	False	(4, 1, 0)	()	0	4	major	major	I	I, major	I		I	I	False	I6	I6, major		I6, major		I	I	1		2	2	2	2	6	D	F#	D	D	major triad	1	True	True	True	True	True	4	4	4	3	True	False	True
412	4	103.0	81	3	A	0	1.0	1	True	3	4	1	1	1/4	True	2	36	36	34	34a	5	103	False	True					False	79	I6	D	I		I6	I		6			M	False	False	(4, 1, 0)	()	0	4	major	major	I	I, major	I		I	I	False	I6	I6, major		I6, major		I	I	1		2	2	2	2	6	D	F#	D	D	major triad	1	True	True	True	True	True	1	1	1	5	True	False	False
416	4	104.0	55	1	G	0	2.0	2	True	3	4	2	1	1/4	True	2	36	36	34	34a	3	104	False	True					False	80	ii65	D	I		ii65	ii		65			mm7	False	False	(-1, 3, 0, 2)	()	2	-1	major	major	I	I, major	ii		I	I	False	ii65	ii65, major		ii65, major		ii	ii7	2		2	2	2	4	1	E	G	D	D	minor seventh chord	1	True	True	True	True	True	-1	-1	-1	4	True	False	True
416	2	104.0	79	1	G	0	2.0	2	True	3	4	1	1	1/8	True	2	36	36	34	34a	5	104	False	True					False	80	ii65	D	I		ii65	ii		65			mm7	False	False	(-1, 3, 0, 2)	()	2	-1	major	major	I	I, major	ii		I	I	False	ii65	ii65, major		ii65, major		ii	ii7	2		2	2	2	4	1	E	G	D	D	minor seventh chord	1	True	True	True	True	True	-1	-1	-1	4	True	False	True
418	2	104.5	78	6	F	1	2.5	0	False	3	4	1	1	1/8	True	2	36	36	34	34a	5	209/2	False	False					False	80	ii65	D	I		ii65	ii		65			mm7	False	False	(-1, 3, 0, 2)	()	2	-1	major	major	I	I, major	ii		I	I	False	ii65	ii65, major		ii65, major		ii	ii7	2		2	2	2	4	1	E	G	D	D	minor seventh chord	1	True	True	True	True	True	4	4	4	3	False	False	False
420	4	105.0	59	5	B	0	3.0	3	True	3	4	2	1	1/4	True	2	36	36	34	34a	3	105	False	True					False	81	ii43	D	I		ii43	ii		43			mm7	False	False	(3, 0, 2, -1)	()	2	3	major	major	I	I, major	ii		I	I	False	ii43	ii43, major		ii43, major		ii	ii7	2		2	2	2	4	5	E	B	D	D	minor seventh chord	2	True	True	True	True	True	3	3	3	6	True	False	True
420	2	105.0	76	4	E	0	3.0	3	True	3	4	1	1	1/8	True	2	36	36	34	34a	5	105	False	True					False	81	ii43	D	I		ii43	ii		43			mm7	False	False	(3, 0, 2, -1)	()	2	3	major	major	I	I, major	ii		I	I	False	ii43	ii43, major		ii43, major		ii	ii7	2		2	2	2	4	5	E	B	D	D	minor seventh chord	2	True	True	True	True	True	2	2	2	2	True	True	False
422	2	105.5	74	2	D	0	3.5	0	False	3	4	1	1	1/8	True	2	36	36	34	34a	5	211/2	False	False					False	81	ii43	D	I		ii43	ii		43			mm7	False	False	(3, 0, 2, -1)	()	2	3	major	major	I	I, major	ii		I	I	False	ii43	ii43, major		ii43, major		ii	ii7	2		2	2	2	4	5	E	B	D	D	minor seventh chord	2	True	True	True	True	True	0	0	0	1	True	False	False
424	0	106.0	78	6	F	1	1.0	1	True	3	4	1	1	0	True	2	37	37	35	35a	5	106	False	True					False	82	V	D	I		V	V		6			M	False	False	(1, 5, 2)	()	1	1	major	major	I	I, major	V		I	I	False	V	V, major		V, major		V	V	5		2	2	2	3	3	A	A	D	D	major triad	0	True	True	True	True	True	4	4	4	3	False	False	False
424	6	106.0	57	3	A	0	1.0	1	True	3	4	2	1	3/8	True	2	37	37	35	35a	3	106	False	True					False	82	V	D	I		V	V		6			M	False	False	(1, 5, 2)	()	1	1	major	major	I	I, major	V		I	I	False	V	V, major		V, major		V	V	5		2	2	2	3	3	A	A	D	D	major triad	0	True	True	True	True	True	1	1	1	5	True	True	True
424	4	106.0	76	4	E	0	1.0	1	True	3	4	1	1	1/4	True	2	37	37	35	35a	5	106	False	True					False	82	V	D	I		V	V		6			M	False	False	(1, 5, 2)	()	1	1	major	major	I	I, major	V		I	I	False	V	V, major		V, major		V	V	5		2	2	2	3	3	A	A	D	D	major triad	0	True	True	True	True	True	2	2	2	2	True	False	False
428	0	107.0	74	2	D	0	2.0	2	True	3	4	1	1	0	True	2	37	37	35	35a	5	107	False	False					False	82	V	D	I		V	V		6			M	False	False	(1, 5, 2)	()	1	1	major	major	I	I, major	V		I	I	False	V	V, major		V, major		V	V	5		2	2	2	3	3	A	A	D	D	major triad	0	True	True	True	True	True	0	0	0	1	False	False	False
428	4	107.0	73	7	C	1	2.0	2	True	3	4	1	1	1/4	True	2	37	37	35	35a	5	107	False	False					False	82	V	D	I		V	V		6			M	False	False	(1, 5, 2)	()	1	1	major	major	I	I, major	V		I	I	False	V	V, major		V, major		V	V	5		2	2	2	3	3	A	A	D	D	major triad	0	True	True	True	True	True	5	5	5	7	True	False	False
430	2	107.5	55	1	G	0	2.5	0	False	3	4	2	1	1/8	True	2	37	37	35	35a	3	215/2	False	False					False	82	V	D	I		V	V		6			M	False	False	(1, 5, 2)	()	1	1	major	major	I	I, major	V		I	I	False	V	V, major		V, major		V	V	5		2	2	2	3	3	A	A	D	D	major triad	0	True	True	True	True	True	-1	-1	-1	4	False	False	False
432	0	108.0	71	5	B	0	3.0	3	True	3	4	1	1	0	True	2	37	37	35	35a	4	108	False	True					False	83	I6	D	I		I6	I		6			M	False	False	(4, 1, 0)	()	0	4	major	major	I	I, major	I		I	I	False	I6	I6, major		I6, major		I	I	1		2	2	2	2	6	D	F#	D	D	major triad	1	True	True	True	True	True	3	3	3	6	False	False	False
432	2	108.0	54	6	F	1	3.0	3	True	3	4	2	1	1/8	True	2	37	37	35	35a	3	108	False	True					False	83	I6	D	I		I6	I		6			M	False	False	(4, 1, 0)	()	0	4	major	major	I	I, major	I		I	I	False	I6	I6, major		I6, major		I	I	1		2	2	2	2	6	D	F#	D	D	major triad	1	True	True	True	True	True	4	4	4	3	True	False	True
432	4	108.0	69	3	A	0	3.0	3	True	3	4	1	1	1/4	True	2	37	37	35	35a	4	108	False	True					False	83	I6	D	I		I6	I		6			M	False	False	(4, 1, 0)	()	0	4	major	major	I	I, major	I		I	I	False	I6	I6, major		I6, major		I	I	1		2	2	2	2	6	D	F#	D	D	major triad	1	True	True	True	True	True	1	1	1	5	True	False	False
434	2	108.5	52	4	E	0	3.5	0	False	3	4	2	1	1/8	True	2	37	37	35	35a	3	217/2	False	False					False	83	I6	D	I		I6	I		6			M	False	False	(4, 1, 0)	()	0	4	major	major	I	I, major	I		I	I	False	I6	I6, major		I6, major		I	I	1		2	2	2	2	6	D	F#	D	D	major triad	1	True	True	True	True	True	2	2	2	2	False	False	False
436	4	109.0	50	2	D	0	1.0	1	True	3	4	2	1	1/4	True	2	38	38	36	36a	3	109	False	True					False	84	I	D	I		I	I		7			M	False	False	(0, 4, 1)	()	0	0	major	major	I	I, major	I		I	I	False	I	I, major		I, major		I	I	1		2	2	2	2	2	D	D	D	D	major triad	0	True	True	True	True	True	0	0	0	1	True	True	True
436	2	109.0	69	3	A	0	1.0	1	True	3	4	1	1	1/8	False	2	38	38	36	36a	4	109	False	True					False	84	I	D	I		I	I		7			M	False	False	(0, 4, 1)	()	0	0	major	major	I	I, major	I		I	I	False	I	I, major		I, major		I	I	1		2	2	2	2	2	D	D	D	D	major triad	0	True	True	True	True	True	1	1	1	5	True	False	False
438	2	109.5	74	2	D	0	1.5	0	False	3	4	1	1	1/8	True	2	38	38	36	36a	5	219/2	False	False					False	84	I	D	I		I	I		7			M	False	False	(0, 4, 1)	()	0	0	major	major	I	I, major	I		I	I	False	I	I, major		I, major		I	I	1		2	2	2	2	2	D	D	D	D	major triad	0	True	True	True	True	True	0	0	0	1	True	True	True
440	4	110.0	57	3	A	0	2.0	2	True	3	4	2	1	1/4	True	2	38	38	36	36a	3	110	False	True					False	85	V	D	I		V	V		7			M	False	False	(1, 5, 2)	()	1	1	major	major	I	I, major	V		I	I	False	V	V, major		V, major		V	V	5		2	2	2	3	3	A	A	D	D	major triad	0	True	True	True	True	True	1	1	1	5	True	True	True
440	6	110.0	73	7	C	1	2.0	2	True	3	4	1	1	3/8	True	2	38	38	36	36a	5	110	False	True					False	85	V	D	I		V	V		7			M	False	False	(1, 5, 2)	()	1	1	major	major	I	I, major	V		I	I	False	V	V, major		V, major		V	V	5		2	2	2	3	3	A	A	D	D	major triad	0	True	True	True	True	True	5	5	5	7	True	False	False
444	4	111.0	45	3	A	0	3.0	3	True	3	4	2	1	1/4	True	2	38	38	36	36a	2	111	False	True					False	86	V7	D	I		V7	V		7			Mm7	False	False	(1, 5, 2, -1)	()	1	1	major	major	I	I, major	V		I	I	False	V7	V7, major		V7, major		V	V7	5		2	2	2	3	3	A	A	D	D	dominant seventh chord	7	True	True	True	True	True	1	1	1	5	True	True	True
446	2	111.5	74	2	D	0	3.5	0	False	3	4	1	1	1/8	True	2	38	38	36	36a	5	223/2	False	False					False	86	V7	D	I		V7	V		7			Mm7	False	False	(1, 5, 2, -1)	()	1	1	major	major	I	I, major	V		I	I	False	V7	V7, major		V7, major		V	V7	5		2	2	2	3	3	A	A	D	D	dominant seventh chord	7	True	True	True	True	True	0	0	0	1	False	False	False
448	4	112.0	50	2	D	0	1.0	1	True	3	4	2	2	1/4	True	2	39	39	37	37a	3	112	False	True	PAC	PAC		}	True	87	I|PAC}	D	I		I	I					M	False	False	(0, 4, 1)	()	0	0	major	major	I	I, major	I		I	I	False	I	I, major		I, major		I	I	1		2	2	2	2	2	D	D	D	D	major triad	0	True	True	True	True	True	0	0	0	1	True	True	True
448	8	112.0	50	2	D	0	1.0	1	True	3	4	2	1	1/2	True	2	39	39	37	37a	3	112	False	True	PAC	PAC		}	True	87	I|PAC}	D	I		I	I					M	False	False	(0, 4, 1)	()	0	0	major	major	I	I, major	I		I	I	False	I	I, major		I, major		I	I	1		2	2	2	2	2	D	D	D	D	major triad	0	True	True	True	True	True	0	0	0	1	True	True	True
448	8	112.0	66	6	F	1	1.0	1	True	3	4	1	1	1/2	True	2	39	39	37	37a	4	112	False	True	PAC	PAC		}	True	87	I|PAC}	D	I		I	I					M	False	False	(0, 4, 1)	()	0	0	major	major	I	I, major	I		I	I	False	I	I, major		I, major		I	I	1		2	2	2	2	2	D	D	D	D	major triad	0	True	True	True	True	True	4	4	4	3	True	False	False
448	8	112.0	69	3	A	0	1.0	1	True	3	4	1	1	1/2	True	2	39	39	37	37a	4	112	False	True	PAC	PAC		}	True	87	I|PAC}	D	I		I	I					M	False	False	(0, 4, 1)	()	0	0	major	major	I	I, major	I		I	I	False	I	I, major		I, major		I	I	1		2	2	2	2	2	D	D	D	D	major triad	0	True	True	True	True	True	1	1	1	5	True	False	False
448	8	112.0	74	2	D	0	1.0	1	True	3	4	1	1	1/2	True	2	39	39	37	37a	5	112	False	True	PAC	PAC		}	True	87	I|PAC}	D	I		I	I					M	False	False	(0, 4, 1)	()	0	0	major	major	I	I, major	I		I	I	False	I	I, major		I, major		I	I	1		2	2	2	2	2	D	D	D	D	major triad	0	True	True	True	True	True	0	0	0	1	True	True	True
452	4	113.0	38	2	D	0	2.0	2	True	3	4	2	2	1/4	True	2	39	39	37	37a	2	113	False	False					False	87	I|PAC}	D	I		I	I					M	False	False	(0, 4, 1)	()	0	0	major	major	I	I, major	I		I	I	False	I	I, major		I, major		I	I	1		2	2	2	2	2	D	D	D	D	major triad	0	True	True	True	True	True	0	0	0	1	True	True	True
