quarterbeats	mn	mn_onset	a_duration	a_annotationNumber	label	a_romanNumeral	a_isOnset	a_pitchNames	a_bass	a_root	a_inversion	a_quality	a_pcset	a_localKey	localkey_abs	globalkey	a_tonicizedKey	a_degree1	a_degree2	a_simpleNumeral	valid_chord_label
0.0	0	5/8	0.5	0	I	I	True	('G', 'B', 'D')	G	G	0	major triad	(2, 7, 11)	G	G	G	G	1	None	I	True
0.5	1	0	1.5	1	I	I	True	('G', 'B', 'D')	G	G	0	major triad	(2, 7, 11)	G	G	G	G	1	None	I	True
2.0	1	3/8	1.5	2	V7	V7	True	('D', 'F#', 'A', 'C')	D	D	0	dominant seventh chord	(0, 2, 6, 9)	G	G	G	G	5	None	V7	True
3.5	2	0	3.0	3	I	I	True	('G', 'B', 'D')	G	G	0	major triad	(2, 7, 11)	G	G	G	G	1	None	I	True
6.5	3	0	1.5	4	I6	I	True	('B', 'D', 'G')	B	G	1	major triad	(2, 7, 11)	G	G	G	G	1	None	I	True
8.0	3	3/8	1.5	5	ii6	ii	True	('C', 'E', 'A')	C	A	1	minor triad	(0, 4, 9)	G	G	G	G	2	None	ii	True
9.5	4	0	1.5	6	V	V	True	('D', 'F#', 'A')	D	D	0	major triad	(2, 6, 9)	G	G	G	G	5	None	V	True
11.0	4	3/8	1.0	7	V	V	True	('D', 'F#', 'A')	D	D	0	major triad	(2, 6, 9)	G	G	G	G	5	None	V	True
12.0	4	5/8	0.5	8	V	V	True	('D', 'F#', 'A')	D	D	0	major triad	(2, 6, 9)	G	G	G	G	5	None	V	True
12.5	5	0	1.5	9	I	I	True	('G', 'B', 'D')	G	G	0	major triad	(2, 7, 11)	G	G	G	G	1	None	I	True
14.0	5	3/8	1.5	10	V43	V7	True	('A', 'C', 'D', 'F#')	A	D	2	dominant seventh chord	(0, 2, 6, 9)	G	G	G	G	5	None	V7	True
15.5	6	0	1.5	11	I	I	True	('G', 'B', 'D')	G	G	0	major triad	(2, 7, 11)	G	G	G	G	1	None	I	True
17.0	6	3/8	1.5	12	ii6	ii	True	('C', 'E', 'A')	C	A	1	minor triad	(0, 4, 9)	G	G	G	G	2	None	ii	True
18.5	7	0	3.0	13	V7	V7	True	('D', 'F#', 'A', 'C')	D	D	0	dominant seventh chord	(0, 2, 6, 9)	G	G	G	G	5	None	V7	True
21.5	8	0	1.5	14	I	I	True	('G', 'B', 'D')	G	G	0	major triad	(2, 7, 11)	G	G	G	G	1	None	I	True
23.0	8	3/8	1.0	15	I	I	True	('G', 'B', 'D')	G	G	0	major triad	(2, 7, 11)	G	G	G	G	1	None	I	True
24.0	8	5/8	0.5	16	V	V	True	('D', 'F#', 'A')	D	D	0	major triad	(2, 6, 9)	G	G	G	G	5	None	V	True
24.5	9	0	3.0	17	V7/ii	V7/ii	True	('E', 'G#', 'B', 'D')	E	E	0	dominant seventh chord	(2, 4, 8, 11)	G	G	G	a	5	2	V7	True
27.5	10	0	3.0	18	ii64	ii	True	('E', 'A', 'C')	E	A	2	minor triad	(0, 4, 9)	G	G	G	G	2	None	ii	True
30.5	11	0	3.0	19	V7	V7	True	('D', 'F#', 'A', 'C')	D	D	0	dominant seventh chord	(0, 2, 6, 9)	G	G	G	G	5	None	V7	True
33.5	12	0	1.5	20	I64	I	True	('D', 'G', 'B')	D	G	2	major triad	(2, 7, 11)	G	G	G	G	1	None	I	True
35.0	12	3/8	1.5	21	I64	I	True	('D', 'G', 'B')	D	G	2	major triad	(2, 7, 11)	G	G	G	G	1	None	I	True
36.5	13	0	3.0	22	V43/V	V7/V	True	('E', 'G', 'A', 'C#')	E	A	2	dominant seventh chord	(1, 4, 7, 9)	G	G	G	D	5	5	V7	True
39.5	14	0	3.0	23	V	V	True	('D', 'F#', 'A')	D	D	0	major triad	(2, 6, 9)	G	G	G	G	5	None	V	True
42.5	15	0	3.0	24	V7	V7	True	('D', 'F#', 'A', 'C')	D	D	0	dominant seventh chord	(0, 2, 6, 9)	G	G	G	G	5	None	V7	True
45.5	16	0	1.5	25	V	V	True	('D', 'F#', 'A')	D	D	0	major triad	(2, 6, 9)	G	G	G	G	5	None	V	True
47.0	16	3/8	1.0	26	V	V	True	('D', 'F#', 'A')	D	D	0	major triad	(2, 6, 9)	G	G	G	G	5	None	V	True
48.0	16	5/8	0.5	27	V	V	True	('D', 'F#', 'A')	D	D	0	major triad	(2, 6, 9)	G	G	G	G	5	None	V	True
48.5	17	0	1.5	28	I	I	True	('G', 'B', 'D')	G	G	0	major triad	(2, 7, 11)	G	G	G	G	1	None	I	True
50.0	17	3/8	1.5	29	V43	V7	True	('A', 'C', 'D', 'F#')	A	D	2	dominant seventh chord	(0, 2, 6, 9)	G	G	G	G	5	None	V7	True
51.5	18	0	1.5	30	I	I	True	('G', 'B', 'D')	G	G	0	major triad	(2, 7, 11)	G	G	G	G	1	None	I	True
53.0	18	3/8	1.5	31	ii6	ii	True	('C', 'E', 'A')	C	A	1	minor triad	(0, 4, 9)	G	G	G	G	2	None	ii	True
54.5	19	0	3.0	32	V7	V7	True	('D', 'F#', 'A', 'C')	D	D	0	dominant seventh chord	(0, 2, 6, 9)	G	G	G	G	5	None	V7	True
57.5	20	0	1.5	33	I	I	True	('G', 'B', 'D')	G	G	0	major triad	(2, 7, 11)	G	G	G	G	1	None	I	True
59.0	20	3/8	1.0	34	I	I	True	('G', 'B', 'D')	G	G	0	major triad	(2, 7, 11)	G	G	G	G	1	None	I	True
60.0	20	5/8	0.5	35	I	I	True	('G', 'B', 'D')	G	G	0	major triad	(2, 7, 11)	G	G	G	G	1	None	I	True
60.5	21	0	1.5	36	I	I	True	('G', 'B', 'D')	G	G	0	major triad	(2, 7, 11)	G	G	G	G	1	None	I	True
62.0	21	3/8	1.5	37	viio	viio	True	('F#', 'A', 'C')	F#	F#	0	diminished triad	(0, 6, 9)	G	G	G	G	7	None	viio	True
63.5	22	0	3.0	38	I	I	True	('G', 'B', 'D')	G	G	0	major triad	(2, 7, 11)	G	G	G	G	1	None	I	True
66.5	23	0	1.5	39	I6	I	True	('B', 'D', 'G')	B	G	1	major triad	(2, 7, 11)	G	G	G	G	1	None	I	True
68.0	23	3/8	1.5	40	IV	IV	True	('C', 'E', 'G')	C	C	0	major triad	(0, 4, 7)	G	G	G	G	4	None	IV	True
69.5	24	0	1.0	41	V	V	True	('D', 'F#', 'A')	D	D	0	major triad	(2, 6, 9)	G	G	G	G	5	None	V	True
70.5	24	1/4	2.0	42	V	V	True	('D', 'F#', 'A')	D	D	0	major triad	(2, 6, 9)	G	G	G	G	5	None	V	True
72.5	25	0	1.5	43	I	I	True	('G', 'B', 'D')	G	G	0	major triad	(2, 7, 11)	G	G	G	G	1	None	I	True
74.0	25	3/8	1.5	44	V43	V7	True	('A', 'C', 'D', 'F#')	A	D	2	dominant seventh chord	(0, 2, 6, 9)	G	G	G	G	5	None	V7	True
75.5	26	0	1.5	45	I6	I	True	('B', 'D', 'G')	B	G	1	major triad	(2, 7, 11)	G	G	G	G	1	None	I	True
77.0	26	3/8	1.5	46	IV	IV	True	('C', 'E', 'G')	C	C	0	major triad	(0, 4, 7)	G	G	G	G	4	None	IV	True
78.5	27	0	3.0	47	V7	V7	True	('D', 'F#', 'A', 'C')	D	D	0	dominant seventh chord	(0, 2, 6, 9)	G	G	G	G	5	None	V7	True
81.5	28	0	1.5	48	I	I	True	('G', 'B', 'D')	G	G	0	major triad	(2, 7, 11)	G	G	G	G	1	None	I	True
83.0	28	3/8	1.0	49	I	I	True	('G', 'B', 'D')	G	G	0	major triad	(2, 7, 11)	G	G	G	G	1	None	I	True
84.0	28	5/8	0.5	50	I	I	True	('G', 'B', 'D')	G	G	0	major triad	(2, 7, 11)	G	G	G	G	1	None	I	True
84.5	29	0	1.5	51	V/ii	V/ii	True	('E', 'G#', 'B')	E	E	0	major triad	(4, 8, 11)	G	G	G	a	5	2	V	True
86.0	29	3/8	1.5	52	V6/ii	V/ii	True	('G#', 'B', 'E')	G#	E	1	major triad	(4, 8, 11)	G	G	G	a	5	2	V	True
87.5	30	0	3.0	53	ii	ii	True	('A', 'C', 'E')	A	A	0	minor triad	(0, 4, 9)	G	G	G	G	2	None	ii	True
90.5	31	0	1.5	54	V	V	True	('D', 'F#', 'A')	D	D	0	major triad	(2, 6, 9)	G	G	G	G	5	None	V	True
92.0	31	3/8	1.5	55	V6	V	True	('F#', 'A', 'D')	F#	D	1	major triad	(2, 6, 9)	G	G	G	G	5	None	V	True
93.5	32	0	1.5	56	I	I	True	('G', 'B', 'D')	G	G	0	major triad	(2, 7, 11)	G	G	G	G	1	None	I	True
95.0	32	3/8	1.5	57	I	I	True	('G', 'B', 'D')	G	G	0	major triad	(2, 7, 11)	G	G	G	G	1	None	I	True
96.5	33	0	3.0	58	V43/V	V7/V	True	('E', 'G', 'A', 'C#')	E	A	2	dominant seventh chord	(1, 4, 7, 9)	G	G	G	D	5	5	V7	True
99.5	34	0	3.0	59	V	V	True	('D', 'F#', 'A')	D	D	0	major triad	(2, 6, 9)	G	G	G	G	5	None	V	True
102.5	35	0	1.5	60	V65	V7	True	('F#', 'A', 'C', 'D')	F#	D	1	dominant seventh chord	(0, 2, 6, 9)	G	G	G	G	5	None	V7	True
104.0	35	3/8	1.5	61	I	I	True	('G', 'B', 'D')	G	G	0	major triad	(2, 7, 11)	G	G	G	G	1	None	I	True
105.5	36	0	3.0	62	V	V	True	('D', 'F#', 'A')	D	D	0	major triad	(2, 6, 9)	G	G	G	G	5	None	V	True
108.5	37	0	1.5	63	I	I	True	('G', 'B', 'D')	G	G	0	major triad	(2, 7, 11)	G	G	G	G	1	None	I	True
110.0	37	3/8	1.5	64	V43	V7	True	('A', 'C', 'D', 'F#')	A	D	2	dominant seventh chord	(0, 2, 6, 9)	G	G	G	G	5	None	V7	True
111.5	38	0	1.5	65	I6	I	True	('B', 'D', 'G')	B	G	1	major triad	(2, 7, 11)	G	G	G	G	1	None	I	True
113.0	38	3/8	1.5	66	IV	IV	True	('C', 'E', 'G')	C	C	0	major triad	(0, 4, 7)	G	G	G	G	4	None	IV	True
114.5	39	0	3.0	67	V7	V7	True	('D', 'F#', 'A', 'C')	D	D	0	dominant seventh chord	(0, 2, 6, 9)	G	G	G	G	5	None	V7	True
117.5	40	0	1.5	68	I	I	True	('G', 'B', 'D')	G	G	0	major triad	(2, 7, 11)	G	G	G	G	1	None	I	True
119.0	40	3/8	1.0	69	I	I	True	('G', 'B', 'D')	G	G	0	major triad	(2, 7, 11)	G	G	G	G	1	None	I	True
120.0	40	5/8	0.5	70	I	I	True	('G', 'B', 'D')	G	G	0	major triad	(2, 7, 11)	G	G	G	G	1	None	I	True
120.5	41	0	1.5	71	I	I	True	('G', 'B', 'D')	G	G	0	major triad	(2, 7, 11)	G	G	G	G	1	None	I	True
122.0	41	3/8	1.5	72	V7	V7	True	('D', 'F#', 'A', 'C')	D	D	0	dominant seventh chord	(0, 2, 6, 9)	G	G	G	G	5	None	V7	True
123.5	42	0	3.0	73	I	I	True	('G', 'B', 'D')	G	G	0	major triad	(2, 7, 11)	G	G	G	G	1	None	I	True
126.5	43	0	1.5	74	I	I	True	('G', 'B', 'D')	G	G	0	major triad	(2, 7, 11)	G	G	G	G	1	None	I	True
128.0	43	3/8	1.0	75	ii	ii	True	('A', 'C', 'E')	A	A	0	minor triad	(0, 4, 9)	G	G	G	G	2	None	ii	True
129.0	43	5/8	0.5	76	V7/V	V7/V	True	('A', 'C#', 'E', 'G')	A	A	0	dominant seventh chord	(1, 4, 7, 9)	G	G	G	D	5	5	V7	True
129.5	44	0	1.5	77	V	V	True	('D', 'F#', 'A')	D	D	0	major triad	(2, 6, 9)	G	G	G	G	5	None	V	True
131.0	44	3/8	1.5	78	V	V	True	('D', 'F#', 'A')	D	D	0	major triad	(2, 6, 9)	G	G	G	G	5	None	V	True
132.5	45	0	1.5	79	I	I	True	('G', 'B', 'D')	G	G	0	major triad	(2, 7, 11)	G	G	G	G	1	None	I	True
134.0	45	3/8	1.5	80	V7	V7	True	('D', 'F#', 'A', 'C')	D	D	0	dominant seventh chord	(0, 2, 6, 9)	G	G	G	G	5	None	V7	True
135.5	46	0	1.5	81	I	I	True	('G', 'B', 'D')	G	G	0	major triad	(2, 7, 11)	G	G	G	G	1	None	I	True
137.0	46	3/8	1.0	82	ii	ii	True	('A', 'C', 'E')	A	A	0	minor triad	(0, 4, 9)	G	G	G	G	2	None	ii	True
138.0	46	5/8	0.5	83	V7/V	V7/V	True	('A', 'C#', 'E', 'G')	A	A	0	dominant seventh chord	(1, 4, 7, 9)	G	G	G	D	5	5	V7	True
138.5	47	0	3.0	84	V7	V7	True	('D', 'F#', 'A', 'C')	D	D	0	dominant seventh chord	(0, 2, 6, 9)	G	G	G	G	5	None	V7	True
141.5	48	0	1.5	85	I	I	True	('G', 'B', 'D')	G	G	0	major triad	(2, 7, 11)	G	G	G	G	1	None	I	True
143.0	48	3/8	0.5	86	I	I	True	('G', 'B', 'D')	G	G	0	major triad	(2, 7, 11)	G	G	G	G	1	None	I	True
143.5	48	1/2	1.0	87	I	I	True	('G', 'B', 'D')	G	G	0	major triad	(2, 7, 11)	G	G	G	G	1	None	I	True
144.5	49	0	3.0	88	V/ii	V/ii	True	('E', 'G#', 'B')	E	E	0	major triad	(4, 8, 11)	G	G	G	a	5	2	V	True
147.5	50	0	1.5	89	ii6	ii	True	('C', 'E', 'A')	C	A	1	minor triad	(0, 4, 9)	G	G	G	G	2	None	ii	True
149.0	50	3/8	1.5	90	ii	ii	True	('A', 'C', 'E')	A	A	0	minor triad	(0, 4, 9)	G	G	G	G	2	None	ii	True
150.5	51	0	3.0	91	V	V	True	('D', 'F#', 'A')	D	D	0	major triad	(2, 6, 9)	G	G	G	G	5	None	V	True
153.5	52	0	1.5	92	I6	I	True	('B', 'D', 'G')	B	G	1	major triad	(2, 7, 11)	G	G	G	G	1	None	I	True
155.0	52	3/8	1.5	93	I	I	True	('G', 'B', 'D')	G	G	0	major triad	(2, 7, 11)	G	G	G	G	1	None	I	True
156.5	53	0	1.5	94	vi	vi	True	('E', 'G', 'B')	E	E	0	minor triad	(4, 7, 11)	G	G	G	G	6	None	vi	True
158.0	53	3/8	1.5	95	V7/V	V7/V	True	('A', 'C#', 'E', 'G')	A	A	0	dominant seventh chord	(1, 4, 7, 9)	G	G	G	D	5	5	V7	True
159.5	54	0	3.0	96	V	V	True	('D', 'F#', 'A')	D	D	0	major triad	(2, 6, 9)	G	G	G	G	5	None	V	True
162.5	55	0	3.0	97	V7	V7	True	('D', 'F#', 'A', 'C')	D	D	0	dominant seventh chord	(0, 2, 6, 9)	G	G	G	G	5	None	V7	True
165.5	56	0	1.5	98	V	V	True	('D', 'F#', 'A')	D	D	0	major triad	(2, 6, 9)	G	G	G	G	5	None	V	True
167.0	56	3/8	1.5	99	V	V	True	('D', 'F#', 'A')	D	D	0	major triad	(2, 6, 9)	G	G	G	G	5	None	V	True
168.5	57	0	1.5	100	I	I	True	('G', 'B', 'D')	G	G	0	major triad	(2, 7, 11)	G	G	G	G	1	None	I	True
170.0	57	3/8	1.5	101	V7	V7	True	('D', 'F#', 'A', 'C')	D	D	0	dominant seventh chord	(0, 2, 6, 9)	G	G	G	G	5	None	V7	True
171.5	58	0	1.5	102	I	I	True	('G', 'B', 'D')	G	G	0	major triad	(2, 7, 11)	G	G	G	G	1	None	I	True
173.0	58	3/8	1.0	103	ii	ii	True	('A', 'C', 'E')	A	A	0	minor triad	(0, 4, 9)	G	G	G	G	2	None	ii	True
174.0	58	5/8	0.5	104	V7/V	V7/V	True	('A', 'C#', 'E', 'G')	A	A	0	dominant seventh chord	(1, 4, 7, 9)	G	G	G	D	5	5	V7	True
174.5	59	0	3.0	105	V	V	True	('D', 'F#', 'A')	D	D	0	major triad	(2, 6, 9)	G	G	G	G	5	None	V	True
177.5	60	0	1.5	106	I	I	True	('G', 'B', 'D')	G	G	0	major triad	(2, 7, 11)	G	G	G	G	1	None	I	True
179.0	60	3/8	1.0	107	I	I	True	('G', 'B', 'D')	G	G	0	major triad	(2, 7, 11)	G	G	G	G	1	None	I	True
180.0	60	5/8	0.5	108	I	I	True	('G', 'B', 'D')	G	G	0	major triad	(2, 7, 11)	G	G	G	G	1	None	I	True
180.5	61	0	1.5	109	I	I	True	('G', 'B', 'D')	G	G	0	major triad	(2, 7, 11)	G	G	G	G	1	None	I	True
182.0	61	3/8	1.5	110	V7	V7	True	('D', 'F#', 'A', 'C')	D	D	0	dominant seventh chord	(0, 2, 6, 9)	G	G	G	G	5	None	V7	True
183.5	62	0	3.0	111	I	I	True	('G', 'B', 'D')	G	G	0	major triad	(2, 7, 11)	G	G	G	G	1	None	I	True
186.5	63	0	1.5	112	I	I	True	('G', 'B', 'D')	G	G	0	major triad	(2, 7, 11)	G	G	G	G	1	None	I	True
188.0	63	3/8	1.5	113	IV	IV	True	('C', 'E', 'G')	C	C	0	major triad	(0, 4, 7)	G	G	G	G	4	None	IV	True
189.5	64	0	1.5	114	V	V	True	('D', 'F#', 'A')	D	D	0	major triad	(2, 6, 9)	G	G	G	G	5	None	V	True
191.0	64	3/8	1.5	115	V7	V7	True	('D', 'F#', 'A', 'C')	D	D	0	dominant seventh chord	(0, 2, 6, 9)	G	G	G	G	5	None	V7	True
192.5	65	0	1.5	116	I	I	True	('G', 'B', 'D')	G	G	0	major triad	(2, 7, 11)	G	G	G	G	1	None	I	True
194.0	65	3/8	1.5	117	viio6	viio	True	('A', 'C', 'F#')	A	F#	1	diminished triad	(0, 6, 9)	G	G	G	G	7	None	viio	True
195.5	66	0	1.5	118	I6	I	True	('B', 'D', 'G')	B	G	1	major triad	(2, 7, 11)	G	G	G	G	1	None	I	True
197.0	66	3/8	1.5	119	ii6	ii	True	('C', 'E', 'A')	C	A	1	minor triad	(0, 4, 9)	G	G	G	G	2	None	ii	True
198.5	67	0	3.0	120	V7	V7	True	('D', 'F#', 'A', 'C')	D	D	0	dominant seventh chord	(0, 2, 6, 9)	G	G	G	G	5	None	V7	True
201.5	68	0	1.5	121	I	I	True	('G', 'B', 'D')	G	G	0	major triad	(2, 7, 11)	G	G	G	G	1	None	I	True
203.0	68	3/8	1.0	122	I	I	True	('G', 'B', 'D')	G	G	0	major triad	(2, 7, 11)	G	G	G	G	1	None	I	True
204.0	68	5/8	0.5	123	V	V	True	('D', 'F#', 'A')	D	D	0	major triad	(2, 6, 9)	G	G	G	G	5	None	V	True
204.5	69	0	1.5	124	V6/ii	V/ii	True	('G#', 'B', 'E')	G#	E	1	major triad	(4, 8, 11)	G	G	G	a	5	2	V	True
206.0	69	3/8	1.5	125	V42/ii	V7/ii	True	('D', 'E', 'G#', 'B')	D	E	3	dominant seventh chord	(2, 4, 8, 11)	G	G	G	a	5	2	V7	True
207.5	70	0	1.5	126	ii6	ii	True	('C', 'E', 'A')	C	A	1	minor triad	(0, 4, 9)	G	G	G	G	2	None	ii	True
209.0	70	3/8	1.5	127	ii	ii	True	('A', 'C', 'E')	A	A	0	minor triad	(0, 4, 9)	G	G	G	G	2	None	ii	True
210.5	71	0	1.5	128	V6	V	True	('F#', 'A', 'D')	F#	D	1	major triad	(2, 6, 9)	G	G	G	G	5	None	V	True
212.0	71	3/8	1.5	129	V42	V7	True	('C', 'D', 'F#', 'A')	C	D	3	dominant seventh chord	(0, 2, 6, 9)	G	G	G	G	5	None	V7	True
213.5	72	0	1.5	130	I6	I	True	('B', 'D', 'G')	B	G	1	major triad	(2, 7, 11)	G	G	G	G	1	None	I	True
215.0	72	3/8	1.5	131	I	I	True	('G', 'B', 'D')	G	G	0	major triad	(2, 7, 11)	G	G	G	G	1	None	I	True
216.5	73	0	3.0	132	viio6/V	viio/V	True	('E', 'G', 'C#')	E	C#	1	diminished triad	(1, 4, 7)	G	G	G	D	7	5	viio	True
219.5	74	0	3.0	133	V	V	True	('D', 'F#', 'A')	D	D	0	major triad	(2, 6, 9)	G	G	G	G	5	None	V	True
222.5	75	0	1.5	134	V65	V7	True	('F#', 'A', 'C', 'D')	F#	D	1	dominant seventh chord	(0, 2, 6, 9)	G	G	G	G	5	None	V7	True
224.0	75	3/8	1.5	135	I	I	True	('G', 'B', 'D')	G	G	0	major triad	(2, 7, 11)	G	G	G	G	1	None	I	True
225.5	76	0	3.0	136	V	V	True	('D', 'F#', 'A')	D	D	0	major triad	(2, 6, 9)	G	G	G	G	5	None	V	True
228.5	77	0	1.5	137	I	I	True	('G', 'B', 'D')	G	G	0	major triad	(2, 7, 11)	G	G	G	G	1	None	I	True
230.0	77	3/8	1.5	138	viio6	viio	True	('A', 'C', 'F#')	A	F#	1	diminished triad	(0, 6, 9)	G	G	G	G	7	None	viio	True
231.5	78	0	1.5	139	I6	I	True	('B', 'D', 'G')	B	G	1	major triad	(2, 7, 11)	G	G	G	G	1	None	I	True
233.0	78	3/8	1.5	140	IV	IV	True	('C', 'E', 'G')	C	C	0	major triad	(0, 4, 7)	G	G	G	G	4	None	IV	True
234.5	79	0	3.0	141	V7	V7	True	('D', 'F#', 'A', 'C')	D	D	0	dominant seventh chord	(0, 2, 6, 9)	G	G	G	G	5	None	V7	True
237.5	80	0	1.5	142	I	I	True	('G', 'B', 'D')	G	G	0	major triad	(2, 7, 11)	G	G	G	G	1	None	I	True
239.0	80	3/8	1.0	143	I	I	True	('G', 'B', 'D')	G	G	0	major triad	(2, 7, 11)	G	G	G	G	1	None	I	True
240.0	80	5/8	0.5	144	i	i	True	('G', 'B-', 'D')	G	G	0	minor triad	(2, 7, 10)	g	g	G	g	1	None	i	True
240.5	81	0	1.5	145	i	i	True	('G', 'B-', 'D')	G	G	0	minor triad	(2, 7, 10)	g	g	G	g	1	None	i	True
242.0	81	3/8	1.5	146	V7	V7	True	('D', 'F#', 'A', 'C')	D	D	0	dominant seventh chord	(0, 2, 6, 9)	g	g	G	g	5	None	V7	True
243.5	82	0	3.0	147	i	i	True	('G', 'B-', 'D')	G	G	0	minor triad	(2, 7, 10)	g	g	G	g	1	None	i	True
246.5	83	0	1.5	148	i6	i	True	('B-', 'D', 'G')	B-	G	1	minor triad	(2, 7, 10)	g	g	G	g	1	None	i	True
248.0	83	3/8	1.5	149	iv	iv	True	('C', 'E-', 'G')	C	C	0	minor triad	(0, 3, 7)	g	g	G	g	4	None	iv	True
249.5	84	0	3.0	150	V7	V7	True	('D', 'F#', 'A', 'C')	D	D	0	dominant seventh chord	(0, 2, 6, 9)	g	g	G	g	5	None	V7	True
252.5	85	0	1.5	151	V9/iv	V9/iv	True	('G', 'B', 'D', 'F', 'A-')	G	G	0	flat-ninth pentachord	(2, 5, 7, 8, 11)	g	g	G	c	5	4	V9	True
254.0	85	3/8	1.5	152	iv64	iv	True	('G', 'C', 'E-')	G	C	2	minor triad	(0, 3, 7)	g	g	G	g	4	None	iv	True
255.5	86	0	1.5	153	V/iv	V/iv	True	('G', 'B', 'D')	G	G	0	major triad	(2, 7, 11)	g	g	G	c	5	4	V	True
257.0	86	3/8	1.5	154	iv	iv	True	('C', 'E-', 'G')	C	C	0	minor triad	(0, 3, 7)	g	g	G	g	4	None	iv	True
258.5	87	0	3.0	155	V7	V7	True	('D', 'F#', 'A', 'C')	D	D	0	dominant seventh chord	(0, 2, 6, 9)	g	g	G	g	5	None	V7	True
261.5	88	0	1.5	156	i	i	True	('G', 'B-', 'D')	G	G	0	minor triad	(2, 7, 10)	g	g	G	g	1	None	i	True
263.0	88	3/8	1.0	157	i	i	True	('G', 'B-', 'D')	G	G	0	minor triad	(2, 7, 10)	g	g	G	g	1	None	i	True
264.0	88	5/8	0.5	158	i	i	True	('G', 'B-', 'D')	G	G	0	minor triad	(2, 7, 10)	g	g	G	g	1	None	i	True
264.5	89	0	1.5	159	iiø7/iv	iiø7/iv	True	('D', 'F', 'A-', 'C')	D	D	0	half-diminished seventh chord	(0, 2, 5, 8)	g	g	G	c	2	4	ii%7	True
266.0	89	3/8	1.5	160	V/iv	V/iv	True	('G', 'B', 'D')	G	G	0	major triad	(2, 7, 11)	g	g	G	c	5	4	V	True
267.5	90	0	3.0	161	iv	iv	True	('C', 'E-', 'G')	C	C	0	minor triad	(0, 3, 7)	g	g	G	g	4	None	iv	True
270.5	91	0	1.5	162	VI	VI	True	('E-', 'G', 'B-')	E-	E-	0	major triad	(3, 7, 10)	g	g	G	g	6	None	VI	True
272.0	91	3/8	1.5	163	V6	V	True	('F#', 'A', 'D')	F#	D	1	major triad	(2, 6, 9)	g	g	G	g	5	None	V	True
273.5	92	0	3.0	164	i	i	True	('G', 'B-', 'D')	G	G	0	minor triad	(2, 7, 10)	g	g	G	g	1	None	i	True
276.5	93	0	3.0	165	i	i	True	('G', 'B-', 'D')	G	G	0	minor triad	(2, 7, 10)	g	g	G	g	1	None	i	True
279.5	94	0	3.0	166	V	V	True	('D', 'F#', 'A')	D	D	0	major triad	(2, 6, 9)	g	g	G	g	5	None	V	True
282.5	95	0	1.5	167	V65	V7	True	('F#', 'A', 'C', 'D')	F#	D	1	dominant seventh chord	(0, 2, 6, 9)	g	g	G	g	5	None	V7	True
284.0	95	3/8	1.5	168	i	i	True	('G', 'B-', 'D')	G	G	0	minor triad	(2, 7, 10)	g	g	G	g	1	None	i	True
285.5	96	0	1.5	169	V	V	True	('D', 'F#', 'A')	D	D	0	major triad	(2, 6, 9)	g	g	G	g	5	None	V	True
287.0	96	3/8	1.0	170	V	V	True	('D', 'F#', 'A')	D	D	0	major triad	(2, 6, 9)	g	g	G	g	5	None	V	True
288.0	96	5/8	0.5	171	V	V	True	('D', 'F#', 'A')	D	D	0	major triad	(2, 6, 9)	g	g	G	g	5	None	V	True
288.5	97	0	1.5	172	V9/iv	V9/iv	True	('G', 'B', 'D', 'F', 'A-')	G	G	0	flat-ninth pentachord	(2, 5, 7, 8, 11)	g	g	G	c	5	4	V9	True
290.0	97	3/8	1.5	173	iv64	iv	True	('G', 'C', 'E-')	G	C	2	minor triad	(0, 3, 7)	g	g	G	g	4	None	iv	True
291.5	98	0	1.5	174	V/iv	V/iv	True	('G', 'B', 'D')	G	G	0	major triad	(2, 7, 11)	g	g	G	c	5	4	V	True
293.0	98	3/8	1.5	175	iv	iv	True	('C', 'E-', 'G')	C	C	0	minor triad	(0, 3, 7)	g	g	G	g	4	None	iv	True
294.5	99	0	3.0	176	V7	V7	True	('D', 'F#', 'A', 'C')	D	D	0	dominant seventh chord	(0, 2, 6, 9)	g	g	G	g	5	None	V7	True
297.5	100	0	1.5	177	i	i	True	('G', 'B-', 'D')	G	G	0	minor triad	(2, 7, 10)	g	g	G	g	1	None	i	True
299.0	100	3/8	1.0	178	i	i	True	('G', 'B-', 'D')	G	G	0	minor triad	(2, 7, 10)	g	g	G	g	1	None	i	True
300.0	100	5/8	0.5	179	I	I	True	('G', 'B', 'D')	G	G	0	major triad	(2, 7, 11)	G	G	G	G	1	None	I	True
300.5	101	0	1.5	180	I	I	True	('G', 'B', 'D')	G	G	0	major triad	(2, 7, 11)	G	G	G	G	1	None	I	True
302.0	101	3/8	1.5	181	V7	V7	True	('D', 'F#', 'A', 'C')	D	D	0	dominant seventh chord	(0, 2, 6, 9)	G	G	G	G	5	None	V7	True
303.5	102	0	3.0	182	I	I	True	('G', 'B', 'D')	G	G	0	major triad	(2, 7, 11)	G	G	G	G	1	None	I	True
306.5	103	0	1.5	183	I6	I	True	('B', 'D', 'G')	B	G	1	major triad	(2, 7, 11)	G	G	G	G	1	None	I	True
308.0	103	3/8	1.5	184	IV	IV	True	('C', 'E', 'G')	C	C	0	major triad	(0, 4, 7)	G	G	G	G	4	None	IV	True
309.5	104	0	2.0	185	V	V	True	('D', 'F#', 'A')	D	D	0	major triad	(2, 6, 9)	G	G	G	G	5	None	V	True
311.5	104	1/2	0.5	186	V	V	True	('D', 'F#', 'A')	D	D	0	major triad	(2, 6, 9)	G	G	G	G	5	None	V	True
312.0	104	5/8	0.5	187	V	V	True	('D', 'F#', 'A')	D	D	0	major triad	(2, 6, 9)	G	G	G	G	5	None	V	True
312.5	105	0	1.5	188	I	I	True	('G', 'B', 'D')	G	G	0	major triad	(2, 7, 11)	G	G	G	G	1	None	I	True
314.0	105	3/8	1.5	189	viio6	viio	True	('A', 'C', 'F#')	A	F#	1	diminished triad	(0, 6, 9)	G	G	G	G	7	None	viio	True
315.5	106	0	1.5	190	I6	I	True	('B', 'D', 'G')	B	G	1	major triad	(2, 7, 11)	G	G	G	G	1	None	I	True
317.0	106	3/8	1.5	191	IV	IV	True	('C', 'E', 'G')	C	C	0	major triad	(0, 4, 7)	G	G	G	G	4	None	IV	True
318.5	107	0	3.0	192	V7	V7	True	('D', 'F#', 'A', 'C')	D	D	0	dominant seventh chord	(0, 2, 6, 9)	G	G	G	G	5	None	V7	True
321.5	108	0	1.5	193	I	I	True	('G', 'B', 'D')	G	G	0	major triad	(2, 7, 11)	G	G	G	G	1	None	I	True
323.0	108	3/8	1.0	194	I	I	True	('G', 'B', 'D')	G	G	0	major triad	(2, 7, 11)	G	G	G	G	1	None	I	True
324.0	108	5/8	0.5	195	V	V	True	('D', 'F#', 'A')	D	D	0	major triad	(2, 6, 9)	G	G	G	G	5	None	V	True
324.5	109	0	3.0	196	V65/ii	V7/ii	True	('G#', 'B', 'D', 'E')	G#	E	1	dominant seventh chord	(2, 4, 8, 11)	G	G	G	a	5	2	V7	True
327.5	110	0	1.5	197	ii	ii	True	('A', 'C', 'E')	A	A	0	minor triad	(0, 4, 9)	G	G	G	G	2	None	ii	True
329.0	110	3/8	1.5	198	ii	ii	True	('A', 'C', 'E')	A	A	0	minor triad	(0, 4, 9)	G	G	G	G	2	None	ii	True
330.5	111	0	3.0	199	V65	V7	True	('F#', 'A', 'C', 'D')	F#	D	1	dominant seventh chord	(0, 2, 6, 9)	G	G	G	G	5	None	V7	True
333.5	112	0	3.0	200	I	I	True	('G', 'B', 'D')	G	G	0	major triad	(2, 7, 11)	G	G	G	G	1	None	I	True
336.5	113	0	1.5	201	V65/V	V7/V	True	('C#', 'E', 'G', 'A')	C#	A	1	dominant seventh chord	(1, 4, 7, 9)	G	G	G	D	5	5	V7	True
338.0	113	3/8	1.5	202	V7/V	V7/V	True	('A', 'C#', 'E', 'G')	A	A	0	dominant seventh chord	(1, 4, 7, 9)	G	G	G	D	5	5	V7	True
339.5	114	0	3.0	203	V	V	True	('D', 'F#', 'A')	D	D	0	major triad	(2, 6, 9)	G	G	G	G	5	None	V	True
342.5	115	0	1.5	204	V7	V7	True	('D', 'F#', 'A', 'C')	D	D	0	dominant seventh chord	(0, 2, 6, 9)	G	G	G	G	5	None	V7	True
344.0	115	3/8	1.5	205	I64	V	True	('D', 'G', 'B')	D	D	0	major triad	(2, 7, 11)	G	G	G	G	5	None	V	True
345.5	116	0	3.0	206	V6	V	True	('F#', 'A', 'D')	F#	D	1	major triad	(2, 6, 9)	G	G	G	G	5	None	V	True
348.5	117	0	1.5	207	I	I	True	('G', 'B', 'D')	G	G	0	major triad	(2, 7, 11)	G	G	G	G	1	None	I	True
350.0	117	3/8	1.5	208	viio6	viio	True	('A', 'C', 'F#')	A	F#	1	diminished triad	(0, 6, 9)	G	G	G	G	7	None	viio	True
351.5	118	0	1.5	209	I6	I	True	('B', 'D', 'G')	B	G	1	major triad	(2, 7, 11)	G	G	G	G	1	None	I	True
353.0	118	3/8	1.5	210	IV	IV	True	('C', 'E', 'G')	C	C	0	major triad	(0, 4, 7)	G	G	G	G	4	None	IV	True
354.5	119	0	3.0	211	V7	V7	True	('D', 'F#', 'A', 'C')	D	D	0	dominant seventh chord	(0, 2, 6, 9)	G	G	G	G	5	None	V7	True
357.5	120	0	1.5	212	I	I	True	('G', 'B', 'D')	G	G	0	major triad	(2, 7, 11)	G	G	G	G	1	None	I	True
359.0	120	3/8	1.0	213	I	I	True	('G', 'B', 'D')	G	G	0	major triad	(2, 7, 11)	G	G	G	G	1	None	I	True
360.0	120	5/8	0.5	214	I	I	True	('G', 'B', 'D')	G	G	0	major triad	(2, 7, 11)	G	G	G	G	1	None	I	True
360.5	121	0	1.5	215	I	I	True	('G', 'B', 'D')	G	G	0	major triad	(2, 7, 11)	G	G	G	G	1	None	I	True
362.0	121	3/8	1.5	216	V7	V7	True	('D', 'F#', 'A', 'C')	D	D	0	dominant seventh chord	(0, 2, 6, 9)	G	G	G	G	5	None	V7	True
363.5	122	0	3.0	217	I	I	True	('G', 'B', 'D')	G	G	0	major triad	(2, 7, 11)	G	G	G	G	1	None	I	True
366.5	123	0	1.5	218	I6	I	True	('B', 'D', 'G')	B	G	1	major triad	(2, 7, 11)	G	G	G	G	1	None	I	True
368.0	123	3/8	1.5	219	IV	IV	True	('C', 'E', 'G')	C	C	0	major triad	(0, 4, 7)	G	G	G	G	4	None	IV	True
369.5	124	0	3.0	220	V	V	True	('D', 'F#', 'A')	D	D	0	major triad	(2, 6, 9)	G	G	G	G	5	None	V	True
372.5	125	0	1.5	221	I	I	True	('G', 'B', 'D')	G	G	0	major triad	(2, 7, 11)	G	G	G	G	1	None	I	True
374.0	125	3/8	1.5	222	V43	V7	True	('A', 'C', 'D', 'F#')	A	D	2	dominant seventh chord	(0, 2, 6, 9)	G	G	G	G	5	None	V7	True
375.5	126	0	1.5	223	I6	I	True	('B', 'D', 'G')	B	G	1	major triad	(2, 7, 11)	G	G	G	G	1	None	I	True
377.0	126	3/8	1.5	224	IV	IV	True	('C', 'E', 'G')	C	C	0	major triad	(0, 4, 7)	G	G	G	G	4	None	IV	True
378.5	127	0	3.0	225	V7	V7	True	('D', 'F#', 'A', 'C')	D	D	0	dominant seventh chord	(0, 2, 6, 9)	G	G	G	G	5	None	V7	True
381.5	128	0	1.5	226	I	I	True	('G', 'B', 'D')	G	G	0	major triad	(2, 7, 11)	G	G	G	G	1	None	I	True
383.0	128	3/8	1.0	227	I	I	True	('G', 'B', 'D')	G	G	0	major triad	(2, 7, 11)	G	G	G	G	1	None	I	True
384.0	128	5/8	0.5	228	I	I	True	('G', 'B', 'D')	G	G	0	major triad	(2, 7, 11)	G	G	G	G	1	None	I	True
384.5	129	0	3.0	229	V65/ii	V7/ii	True	('G#', 'B', 'D', 'E')	G#	E	1	dominant seventh chord	(2, 4, 8, 11)	G	G	G	a	5	2	V7	True
387.5	130	0	3.0	230	ii	ii	True	('A', 'C', 'E')	A	A	0	minor triad	(0, 4, 9)	G	G	G	G	2	None	ii	True
390.5	131	0	3.0	231	V7	V7	True	('D', 'F#', 'A', 'C')	D	D	0	dominant seventh chord	(0, 2, 6, 9)	G	G	G	G	5	None	V7	True
393.5	132	0	3.0	232	I	I	True	('G', 'B', 'D')	G	G	0	major triad	(2, 7, 11)	G	G	G	G	1	None	I	True
396.5	133	0	3.0	233	V43/V	V7/V	True	('E', 'G', 'A', 'C#')	E	A	2	dominant seventh chord	(1, 4, 7, 9)	G	G	G	D	5	5	V7	True
399.5	134	0	3.0	234	V	V	True	('D', 'F#', 'A')	D	D	0	major triad	(2, 6, 9)	G	G	G	G	5	None	V	True
402.5	135	0	1.5	235	V65	V7	True	('F#', 'A', 'C', 'D')	F#	D	1	dominant seventh chord	(0, 2, 6, 9)	G	G	G	G	5	None	V7	True
404.0	135	3/8	1.5	236	I	I	True	('G', 'B', 'D')	G	G	0	major triad	(2, 7, 11)	G	G	G	G	1	None	I	True
405.5	136	0	3.0	237	V	V	True	('D', 'F#', 'A')	D	D	0	major triad	(2, 6, 9)	G	G	G	G	5	None	V	True
408.5	137	0	1.5	238	I	I	True	('G', 'B', 'D')	G	G	0	major triad	(2, 7, 11)	G	G	G	G	1	None	I	True
410.0	137	3/8	1.5	239	V43	V7	True	('A', 'C', 'D', 'F#')	A	D	2	dominant seventh chord	(0, 2, 6, 9)	G	G	G	G	5	None	V7	True
411.5	138	0	1.5	240	I6	I	True	('B', 'D', 'G')	B	G	1	major triad	(2, 7, 11)	G	G	G	G	1	None	I	True
413.0	138	3/8	1.5	241	IV	IV	True	('C', 'E', 'G')	C	C	0	major triad	(0, 4, 7)	G	G	G	G	4	None	IV	True
414.5	139	0	3.0	242	V7	V7	True	('D', 'F#', 'A', 'C')	D	D	0	dominant seventh chord	(0, 2, 6, 9)	G	G	G	G	5	None	V7	True
417.5	140	0	1.5	243	I	I	True	('G', 'B', 'D')	G	G	0	major triad	(2, 7, 11)	G	G	G	G	1	None	I	True
419.0	140	3/8	1.5	244	V	V	True	('D', 'F#', 'A')	D	D	0	major triad	(2, 6, 9)	G	G	G	G	5	None	V	True
420.5	141	0	1.5	245	I6	I	True	('B', 'D', 'G')	B	G	1	major triad	(2, 7, 11)	G	G	G	G	1	None	I	True
422.0	141	3/8	1.5	246	V43	V7	True	('A', 'C', 'D', 'F#')	A	D	2	dominant seventh chord	(0, 2, 6, 9)	G	G	G	G	5	None	V7	True
423.5	142	0	1.5	247	I	I	True	('G', 'B', 'D')	G	G	0	major triad	(2, 7, 11)	G	G	G	G	1	None	I	True
425.0	142	3/8	1.5	248	V	V	True	('D', 'F#', 'A')	D	D	0	major triad	(2, 6, 9)	G	G	G	G	5	None	V	True
426.5	143	0	1.5	249	I	I	True	('G', 'B', 'D')	G	G	0	major triad	(2, 7, 11)	G	G	G	G	1	None	I	True
428.0	143	3/8	1.5	250	V42	V7	True	('C', 'D', 'F#', 'A')	C	D	3	dominant seventh chord	(0, 2, 6, 9)	G	G	G	G	5	None	V7	True
429.5	144	0	1.5	251	I6	I	True	('B', 'D', 'G')	B	G	1	major triad	(2, 7, 11)	G	G	G	G	1	None	I	True
431.0	144	3/8	1.5	252	V	V	True	('D', 'F#', 'A')	D	D	0	major triad	(2, 6, 9)	G	G	G	G	5	None	V	True
432.5	145	0	1.5	253	I6	I	True	('B', 'D', 'G')	B	G	1	major triad	(2, 7, 11)	G	G	G	G	1	None	I	True
434.0	145	3/8	1.5	254	V43	V7	True	('A', 'C', 'D', 'F#')	A	D	2	dominant seventh chord	(0, 2, 6, 9)	G	G	G	G	5	None	V7	True
435.5	146	0	1.5	255	I	I	True	('G', 'B', 'D')	G	G	0	major triad	(2, 7, 11)	G	G	G	G	1	None	I	True
437.0	146	3/8	1.5	256	V6	V	True	('F#', 'A', 'D')	F#	D	1	major triad	(2, 6, 9)	G	G	G	G	5	None	V	True
438.5	147	0	1.5	257	I	I	True	('G', 'B', 'D')	G	G	0	major triad	(2, 7, 11)	G	G	G	G	1	None	I	True
440.0	147	3/8	1.5	258	V42	V7	True	('C', 'D', 'F#', 'A')	C	D	3	dominant seventh chord	(0, 2, 6, 9)	G	G	G	G	5	None	V7	True
441.5	148	0	3.0	259	viio43/ii	viio7/ii	True	('D', 'F', 'G#', 'B')	D	G#	2	diminished seventh chord	(2, 5, 8, 11)	G	G	G	a	#7	2	viio7	True
444.5	149	0	1.5	260	V65/ii	V7/ii	True	('G#', 'B', 'D', 'E')	G#	E	1	dominant seventh chord	(2, 4, 8, 11)	G	G	G	a	5	2	V7	True
446.0	149	3/8	1.5	261	V42/ii	V7/ii	True	('D', 'E', 'G#', 'B')	D	E	3	dominant seventh chord	(2, 4, 8, 11)	G	G	G	a	5	2	V7	True
447.5	150	0	1.5	262	ii6	ii	True	('C', 'E', 'A')	C	A	1	minor triad	(0, 4, 9)	G	G	G	G	2	None	ii	True
449.0	150	3/8	1.5	263	viio7/V	viio7/V	True	('C#', 'E', 'G', 'B-')	C#	C#	0	diminished seventh chord	(1, 4, 7, 10)	G	G	G	D	7	5	viio7	True
450.5	151	0	3.0	264	V7	V7	True	('D', 'F#', 'A', 'C')	D	D	0	dominant seventh chord	(0, 2, 6, 9)	G	G	G	G	5	None	V7	True
453.5	152	0	1.5	265	I	I	True	('G', 'B', 'D')	G	G	0	major triad	(2, 7, 11)	G	G	G	G	1	None	I	True
455.0	152	3/8	1.0	266	I	I	True	('G', 'B', 'D')	G	G	0	major triad	(2, 7, 11)	G	G	G	G	1	None	I	True
456.0	152	5/8	0.5	267	I6	I	True	('B', 'D', 'G')	B	G	1	major triad	(2, 7, 11)	G	G	G	G	1	None	I	True
456.5	153	0	3.0	268	V43/ii	V7/ii	True	('B', 'D', 'E', 'G#')	B	E	2	dominant seventh chord	(2, 4, 8, 11)	G	G	G	a	5	2	V7	True
459.5	154	0	1.5	269	ii6	ii	True	('C', 'E', 'A')	C	A	1	minor triad	(0, 4, 9)	G	G	G	G	2	None	ii	True
461.0	154	3/8	1.5	270	viio7/V	viio7/V	True	('C#', 'E', 'G', 'B-')	C#	C#	0	diminished seventh chord	(1, 4, 7, 10)	G	G	G	D	7	5	viio7	True
462.5	155	0	3.0	271	V7	V7	True	('D', 'F#', 'A', 'C')	D	D	0	dominant seventh chord	(0, 2, 6, 9)	G	G	G	G	5	None	V7	True
465.5	156	0	1.5	272	I	I	True	('G', 'B', 'D')	G	G	0	major triad	(2, 7, 11)	G	G	G	G	1	None	I	True
467.0	156	3/8	1.5	273	V7/IV	V7/IV	True	('G', 'B', 'D', 'F')	G	G	0	dominant seventh chord	(2, 5, 7, 11)	G	G	G	C	5	4	V7	True
468.5	157	0	1.5	274	IV64	IV	True	('G', 'C', 'E')	G	C	2	major triad	(0, 4, 7)	G	G	G	G	4	None	IV	True
470.0	157	3/8	1.5	275	V7/IV	V7/IV	True	('G', 'B', 'D', 'F')	G	G	0	dominant seventh chord	(2, 5, 7, 11)	G	G	G	C	5	4	V7	True
471.5	158	0	1.5	276	IV64	IV	True	('G', 'C', 'E')	G	C	2	major triad	(0, 4, 7)	G	G	G	G	4	None	IV	True
473.0	158	3/8	1.5	277	V7	V7	True	('D', 'F#', 'A', 'C')	D	D	0	dominant seventh chord	(0, 2, 6, 9)	G	G	G	G	5	None	V7	True
474.5	159	0	1.5	278	I	I	True	('G', 'B', 'D')	G	G	0	major triad	(2, 7, 11)	G	G	G	G	1	None	I	True
476.0	159	3/8	1.5	279	V7	V7	True	('D', 'F#', 'A', 'C')	D	D	0	dominant seventh chord	(0, 2, 6, 9)	G	G	G	G	5	None	V7	True
477.5	160	0	1.5	280	I	I	True	('G', 'B', 'D')	G	G	0	major triad	(2, 7, 11)	G	G	G	G	1	None	I	True
479.0	160	3/8	1.5	281	V7/IV	V7/IV	True	('G', 'B', 'D', 'F')	G	G	0	dominant seventh chord	(2, 5, 7, 11)	G	G	G	C	5	4	V7	True
480.5	161	0	1.5	282	IV64	IV	True	('G', 'C', 'E')	G	C	2	major triad	(0, 4, 7)	G	G	G	G	4	None	IV	True
482.0	161	3/8	1.5	283	V7/IV	V7/IV	True	('G', 'B', 'D', 'F')	G	G	0	dominant seventh chord	(2, 5, 7, 11)	G	G	G	C	5	4	V7	True
483.5	162	0	1.5	284	IV64	IV	True	('G', 'C', 'E')	G	C	2	major triad	(0, 4, 7)	G	G	G	G	4	None	IV	True
485.0	162	3/8	1.5	285	V7	V7	True	('D', 'F#', 'A', 'C')	D	D	0	dominant seventh chord	(0, 2, 6, 9)	G	G	G	G	5	None	V7	True
486.5	163	0	1.5	286	I	I	True	('G', 'B', 'D')	G	G	0	major triad	(2, 7, 11)	G	G	G	G	1	None	I	True
488.0	163	3/8	1.5	287	V7	V7	True	('D', 'F#', 'A', 'C')	D	D	0	dominant seventh chord	(0, 2, 6, 9)	G	G	G	G	5	None	V7	True
489.5	164	0	1.5	288	I	I	True	('G', 'B', 'D')	G	G	0	major triad	(2, 7, 11)	G	G	G	G	1	None	I	True
491.0	164	3/8	1.5	289	V7	V7	True	('D', 'F#', 'A', 'C')	D	D	0	dominant seventh chord	(0, 2, 6, 9)	G	G	G	G	5	None	V7	True
492.5	165	0	1.5	290	I	I	True	('G', 'B', 'D')	G	G	0	major triad	(2, 7, 11)	G	G	G	G	1	None	I	True
494.0	165	3/8	1.5	291	V7	V7	True	('D', 'F#', 'A', 'C')	D	D	0	dominant seventh chord	(0, 2, 6, 9)	G	G	G	G	5	None	V7	True
495.5	166	0	3.0	292	I	I	True	('G', 'B', 'D')	G	G	0	major triad	(2, 7, 11)	G	G	G	G	1	None	I	True
498.5	167	0	2.5	293	I	I	True	('G', 'B', 'D')	G	G	0	major triad	(2, 7, 11)	G	G	G	G	1	None	I	True
