onset_div	duration_div	j_offset	s_offset_frac	s_duration	s_duration_frac	s_measure	ks_fifths	ts_beats	ts_beat_type	measureNumberWithSuffix	onset_beat	s_note	s_midi	s_isOnset	s_step	s_alter	mn_onset	s_beat_float	is_downbeat	downbeat	s_part_id	s_voice_id	a_measure	a_duration	a_annotationNumber	a_romanNumeral	a_isOnset	a_pitchNames	a_bass	a_root	a_inversion	a_quality	a_pcset	a_localKey	a_tonicizedKey	a_degree1	a_degree2	a_simpleNumeral	valid_chord_label	note_degree
0	2	0.0	0	0.5	1/2	0	-4	6	8	0	0.0	E-4	63	True	E	-1	0	1.0	True	1	P2-Staff2	1	0	0.5	0	V7	True	('E-', 'G', 'B-', 'D-')	E-	E-	0	dominant seventh chord	(1, 3, 7, 10)	A-	A-	5	None	V7	True	5
2	2	0.5	1/2	0.5	1/2	1	-4	6	8	1	0.33299999999999996	C5	72	True	C	0	0	1.0	True	1	P2-Staff2	2	1	1.5	1	I	True	('A-', 'C', 'E-')	A-	A-	0	major triad	(0, 3, 8)	A-	A-	1	None	I	True	3
2	4	0.5	1/2	1.0	1	1	-4	6	8	1	0.33299999999999996	C5	72	True	C	0	0	1.0	True	1	P2-Staff2	2	1	1.5	1	I	True	('A-', 'C', 'E-')	A-	A-	0	major triad	(0, 3, 8)	A-	A-	1	None	I	True	3
2	2	0.5	1/2	0.5	1/2	1	-4	6	8	1	0.33299999999999996	C4	60	True	C	0	0	1.0	True	1	P2-Staff2	2	1	1.5	1	I	True	('A-', 'C', 'E-')	A-	A-	0	major triad	(0, 3, 8)	A-	A-	1	None	I	True	3
2	6	0.5	1/2	1.5	3/2	1	-4	6	8	1	0.33299999999999996	A-2	44	True	A	-1	0	1.0	True	1	P2-Staff2	1	1	1.5	1	I	True	('A-', 'C', 'E-')	A-	A-	0	major triad	(0, 3, 8)	A-	A-	1	None	I	True	1
2	6	0.5	1/2	1.5	3/2	1	-4	6	8	1	0.33299999999999996	A-3	56	True	A	-1	0	1.0	True	1	P2-Staff2	1	1	1.5	1	I	True	('A-', 'C', 'E-')	A-	A-	0	major triad	(0, 3, 8)	A-	A-	1	None	I	True	1
4	2	1.0	1	0.5	1/2	1	-4	6	8	1	0.6659999999999999	D-5	73	True	D	-1	1/8	1.333	False	0	P2-Staff2	2	1	1.5	1	I	False	('A-', 'C', 'E-')	A-	A-	0	major triad	(0, 3, 8)	A-	A-	1	None	I	True	4
4	2	1.0	1	0.5	1/2	1	-4	6	8	1	0.6659999999999999	E-4	63	True	E	-1	1/8	1.333	False	0	P2-Staff2	2	1	1.5	1	I	False	('A-', 'C', 'E-')	A-	A-	0	major triad	(0, 3, 8)	A-	A-	1	None	I	True	5
6	2	1.5	3/2	0.5	1/2	1	-4	6	8	1	1.0	C5	72	True	C	0	1/4	1.667	False	0	P2-Staff2	2	1	1.5	1	I	False	('A-', 'C', 'E-')	A-	A-	0	major triad	(0, 3, 8)	A-	A-	1	None	I	True	3
6	2	1.5	3/2	0.5	1/2	1	-4	6	8	1	1.0	A-4	68	True	A	-1	1/4	1.667	False	0	P2-Staff2	2	1	1.5	1	I	False	('A-', 'C', 'E-')	A-	A-	0	major triad	(0, 3, 8)	A-	A-	1	None	I	True	1
8	2	2.0	2	0.5	1/2	1	-4	6	8	1	1.3330000000000002	B-4	70	True	B	-1	3/8	2.0	True	2	P2-Staff2	2	1	1.5	2	V7	True	('E-', 'G', 'B-', 'D-')	E-	E-	0	dominant seventh chord	(1, 3, 7, 10)	A-	A-	5	None	V7	True	2
8	2	2.0	2	0.5	1/2	1	-4	6	8	1	1.3330000000000002	D-4	61	True	D	-1	3/8	2.0	True	2	P2-Staff2	2	1	1.5	2	V7	True	('E-', 'G', 'B-', 'D-')	E-	E-	0	dominant seventh chord	(1, 3, 7, 10)	A-	A-	5	None	V7	True	4
8	6	2.0	2	1.5	3/2	1	-4	6	8	1	1.3330000000000002	E-3	51	True	E	-1	3/8	2.0	True	2	P2-Staff2	1	1	1.5	2	V7	True	('E-', 'G', 'B-', 'D-')	E-	E-	0	dominant seventh chord	(1, 3, 7, 10)	A-	A-	5	None	V7	True	5
8	6	2.0	2	1.5	3/2	1	-4	6	8	1	1.3330000000000002	B-3	58	True	B	-1	3/8	2.0	True	2	P2-Staff2	1	1	1.5	2	V7	True	('E-', 'G', 'B-', 'D-')	E-	E-	0	dominant seventh chord	(1, 3, 7, 10)	A-	A-	5	None	V7	True	2
10	2	2.5	5/2	0.5	1/2	1	-4	6	8	1	1.6660000000000004	A-4	68	True	A	-1	1/2	2.333	False	0	P2-Staff2	2	1	1.5	2	V7	False	('E-', 'G', 'B-', 'D-')	E-	E-	0	dominant seventh chord	(1, 3, 7, 10)	A-	A-	5	None	V7	True	1
10	2	2.5	5/2	0.5	1/2	1	-4	6	8	1	1.6660000000000004	E-4	63	True	E	-1	1/2	2.333	False	0	P2-Staff2	2	1	1.5	2	V7	False	('E-', 'G', 'B-', 'D-')	E-	E-	0	dominant seventh chord	(1, 3, 7, 10)	A-	A-	5	None	V7	True	5
12	2	3.0	3	0.5	1/2	1	-4	6	8	1	2.0	B-4	70	True	B	-1	5/8	2.667	False	0	P2-Staff2	2	1	1.5	2	V7	False	('E-', 'G', 'B-', 'D-')	E-	E-	0	dominant seventh chord	(1, 3, 7, 10)	A-	A-	5	None	V7	True	2
12	2	3.0	3	0.5	1/2	1	-4	6	8	1	2.0	G4	67	True	G	0	5/8	2.667	False	0	P2-Staff2	2	1	1.5	2	V7	False	('E-', 'G', 'B-', 'D-')	E-	E-	0	dominant seventh chord	(1, 3, 7, 10)	A-	A-	5	None	V7	True	7
14	6	3.5	7/2	1.5	3/2	2	-4	6	8	2	2.333	A-4	68	True	A	-1	0	1.0	True	1	P2-Staff2	2	2	3.0	3	I	True	('A-', 'C', 'E-')	A-	A-	0	major triad	(0, 3, 8)	A-	A-	1	None	I	True	1
14	2	3.5	7/2	0.5	1/2	2	-4	6	8	2	2.333	C4	60	True	C	0	0	1.0	True	1	P2-Staff2	2	2	3.0	3	I	True	('A-', 'C', 'E-')	A-	A-	0	major triad	(0, 3, 8)	A-	A-	1	None	I	True	3
14	6	3.5	7/2	1.5	3/2	2	-4	6	8	2	2.333	A-2	44	True	A	-1	0	1.0	True	1	P2-Staff2	1	2	3.0	3	I	True	('A-', 'C', 'E-')	A-	A-	0	major triad	(0, 3, 8)	A-	A-	1	None	I	True	1
14	6	3.5	7/2	1.5	3/2	2	-4	6	8	2	2.333	A-3	56	True	A	-1	0	1.0	True	1	P2-Staff2	1	2	3.0	3	I	True	('A-', 'C', 'E-')	A-	A-	0	major triad	(0, 3, 8)	A-	A-	1	None	I	True	1
16	2	4.0	4	0.5	1/2	2	-4	6	8	2	2.6660000000000004	E-4	63	True	E	-1	1/8	1.333	False	0	P2-Staff2	2	2	3.0	3	I	False	('A-', 'C', 'E-')	A-	A-	0	major triad	(0, 3, 8)	A-	A-	1	None	I	True	5
18	2	4.5	9/2	0.5	1/2	2	-4	6	8	2	3.0	A-4	68	True	A	-1	1/4	1.667	False	0	P2-Staff2	2	2	3.0	3	I	False	('A-', 'C', 'E-')	A-	A-	0	major triad	(0, 3, 8)	A-	A-	1	None	I	True	1
20	4	5.0	5	1.0	1	2	-4	6	8	2	3.333	E-4	63	True	E	-1	3/8	2.0	True	2	P2-Staff2	2	2	3.0	3	I	False	('A-', 'C', 'E-')	A-	A-	0	major triad	(0, 3, 8)	A-	A-	1	None	I	True	5
20	2	5.0	5	0.5	1/2	2	-4	6	8	2	3.333	C4	60	True	C	0	3/8	2.0	True	2	P2-Staff2	2	2	3.0	3	I	False	('A-', 'C', 'E-')	A-	A-	0	major triad	(0, 3, 8)	A-	A-	1	None	I	True	3
20	6	5.0	5	1.5	3/2	2	-4	6	8	2	3.333	A-2	44	True	A	-1	3/8	2.0	True	2	P2-Staff2	1	2	3.0	3	I	False	('A-', 'C', 'E-')	A-	A-	0	major triad	(0, 3, 8)	A-	A-	1	None	I	True	1
20	6	5.0	5	1.5	3/2	2	-4	6	8	2	3.333	A-3	56	False	A	-1	3/8	2.0	True	2	P2-Staff2	1	2	3.0	3	I	False	('A-', 'C', 'E-')	A-	A-	0	major triad	(0, 3, 8)	A-	A-	1	None	I	True	1
22	2	5.5	11/2	0.5	1/2	2	-4	6	8	2	3.6660000000000004	E-4	63	True	E	-1	1/2	2.333	False	0	P2-Staff2	2	2	3.0	3	I	False	('A-', 'C', 'E-')	A-	A-	0	major triad	(0, 3, 8)	A-	A-	1	None	I	True	5
24	2	6.0	6	0.5	1/2	2	-4	6	8	2	4.0	A-4	68	True	A	-1	5/8	2.667	False	0	P2-Staff2	2	2	3.0	3	I	False	('A-', 'C', 'E-')	A-	A-	0	major triad	(0, 3, 8)	A-	A-	1	None	I	True	1
24	2	6.0	6	0.5	1/2	2	-4	6	8	2	4.0	A-4	68	True	A	-1	5/8	2.667	False	0	P2-Staff2	2	2	3.0	3	I	False	('A-', 'C', 'E-')	A-	A-	0	major triad	(0, 3, 8)	A-	A-	1	None	I	True	1
26	4	6.5	13/2	1.0	1	3	-4	6	8	3	4.333	G4	67	True	G	0	0	1.0	True	1	P2-Staff2	2	3	1.5	4	V7	True	('E-', 'G', 'B-', 'D-')	E-	E-	0	dominant seventh chord	(1, 3, 7, 10)	A-	A-	5	None	V7	True	7
26	2	6.5	13/2	0.5	1/2	3	-4	6	8	3	4.333	D-4	61	True	D	-1	0	1.0	True	1	P2-Staff2	2	3	1.5	4	V7	True	('E-', 'G', 'B-', 'D-')	E-	E-	0	dominant seventh chord	(1, 3, 7, 10)	A-	A-	5	None	V7	True	4
26	6	6.5	13/2	1.5	3/2	3	-4	6	8	3	4.333	E-3	51	True	E	-1	0	1.0	True	1	P2-Staff2	1	3	1.5	4	V7	True	('E-', 'G', 'B-', 'D-')	E-	E-	0	dominant seventh chord	(1, 3, 7, 10)	A-	A-	5	None	V7	True	5
26	6	6.5	13/2	1.5	3/2	3	-4	6	8	3	4.333	B-3	58	True	B	-1	0	1.0	True	1	P2-Staff2	1	3	1.5	4	V7	True	('E-', 'G', 'B-', 'D-')	E-	E-	0	dominant seventh chord	(1, 3, 7, 10)	A-	A-	5	None	V7	True	2
28	2	7.0	7	0.5	1/2	3	-4	6	8	3	4.666	E-4	63	True	E	-1	1/8	1.333	False	0	P2-Staff2	2	3	1.5	4	V7	False	('E-', 'G', 'B-', 'D-')	E-	E-	0	dominant seventh chord	(1, 3, 7, 10)	A-	A-	5	None	V7	True	5
30	2	7.5	15/2	0.5	1/2	3	-4	6	8	3	5.0	G4	67	True	G	0	1/4	1.667	False	0	P2-Staff2	2	3	1.5	4	V7	False	('E-', 'G', 'B-', 'D-')	E-	E-	0	dominant seventh chord	(1, 3, 7, 10)	A-	A-	5	None	V7	True	7
30	2	7.5	15/2	0.5	1/2	3	-4	6	8	3	5.0	G4	67	True	G	0	1/4	1.667	False	0	P2-Staff2	2	3	1.5	4	V7	False	('E-', 'G', 'B-', 'D-')	E-	E-	0	dominant seventh chord	(1, 3, 7, 10)	A-	A-	5	None	V7	True	7
32	4	8.0	8	1.0	1	3	-4	6	8	3	5.333	A-4	68	True	A	-1	3/8	2.0	True	2	P2-Staff2	2	3	1.5	5	I	True	('A-', 'C', 'E-')	A-	A-	0	major triad	(0, 3, 8)	A-	A-	1	None	I	True	1
32	2	8.0	8	0.5	1/2	3	-4	6	8	3	5.333	C4	60	True	C	0	3/8	2.0	True	2	P2-Staff2	2	3	1.5	5	I	True	('A-', 'C', 'E-')	A-	A-	0	major triad	(0, 3, 8)	A-	A-	1	None	I	True	3
32	6	8.0	8	1.5	3/2	3	-4	6	8	3	5.333	A-2	44	True	A	-1	3/8	2.0	True	2	P2-Staff2	1	3	1.5	5	I	True	('A-', 'C', 'E-')	A-	A-	0	major triad	(0, 3, 8)	A-	A-	1	None	I	True	1
32	6	8.0	8	1.5	3/2	3	-4	6	8	3	5.333	A-3	56	True	A	-1	3/8	2.0	True	2	P2-Staff2	1	3	1.5	5	I	True	('A-', 'C', 'E-')	A-	A-	0	major triad	(0, 3, 8)	A-	A-	1	None	I	True	1
34	2	8.5	17/2	0.5	1/2	3	-4	6	8	3	5.666	E-4	63	True	E	-1	1/2	2.333	False	0	P2-Staff2	2	3	1.5	5	I	False	('A-', 'C', 'E-')	A-	A-	0	major triad	(0, 3, 8)	A-	A-	1	None	I	True	5
36	2	9.0	9	0.5	1/2	3	-4	6	8	3	6.0	A-4	68	True	A	-1	5/8	2.667	False	0	P2-Staff2	2	3	1.5	5	I	False	('A-', 'C', 'E-')	A-	A-	0	major triad	(0, 3, 8)	A-	A-	1	None	I	True	1
36	2	9.0	9	0.5	1/2	3	-4	6	8	3	6.0	A-4	68	True	A	-1	5/8	2.667	False	0	P2-Staff2	2	3	1.5	5	I	False	('A-', 'C', 'E-')	A-	A-	0	major triad	(0, 3, 8)	A-	A-	1	None	I	True	1
38	6	9.5	19/2	1.5	3/2	4	-4	6	8	4	6.333	B-4	70	True	B	-1	0	1.0	True	1	P2-Staff2	2	4	1.5	6	V	True	('E-', 'G', 'B-')	E-	E-	0	major triad	(3, 7, 10)	A-	A-	5	None	V	True	2
38	2	9.5	19/2	0.5	1/2	4	-4	6	8	4	6.333	E-4	63	True	E	-1	0	1.0	True	1	P2-Staff2	2	4	1.5	6	V	True	('E-', 'G', 'B-')	E-	E-	0	major triad	(3, 7, 10)	A-	A-	5	None	V	True	5
38	6	9.5	19/2	1.5	3/2	4	-4	6	8	4	6.333	E-2	39	True	E	-1	0	1.0	True	1	P2-Staff2	1	4	1.5	6	V	True	('E-', 'G', 'B-')	E-	E-	0	major triad	(3, 7, 10)	A-	A-	5	None	V	True	5
38	6	9.5	19/2	1.5	3/2	4	-4	6	8	4	6.333	E-3	51	True	E	-1	0	1.0	True	1	P2-Staff2	1	4	1.5	6	V	True	('E-', 'G', 'B-')	E-	E-	0	major triad	(3, 7, 10)	A-	A-	5	None	V	True	5
40	2	10.0	10	0.5	1/2	4	-4	6	8	4	6.666	G4	67	True	G	0	1/8	1.333	False	0	P2-Staff2	2	4	1.5	6	V	False	('E-', 'G', 'B-')	E-	E-	0	major triad	(3, 7, 10)	A-	A-	5	None	V	True	7
42	2	10.5	21/2	0.5	1/2	4	-4	6	8	4	7.0	B-4	70	True	B	-1	1/4	1.667	False	0	P2-Staff2	2	4	1.5	6	V	False	('E-', 'G', 'B-')	E-	E-	0	major triad	(3, 7, 10)	A-	A-	5	None	V	True	2
44	2	11.0	11	0.5	1/2	4	-4	6	8	4	7.333	E-4	63	True	E	-1	3/8	2.0	True	2	P2-Staff2	2	4	1.5	7	I	True	('A-', 'C', 'E-')	A-	A-	0	major triad	(0, 3, 8)	A-	A-	1	None	I	True	5
44	6	11.0	11	1.5	3/2	4	-4	6	8	4	7.333	A-3	56	True	A	-1	3/8	2.0	True	2	P2-Staff2	2	4	1.5	7	I	True	('A-', 'C', 'E-')	A-	A-	0	major triad	(0, 3, 8)	A-	A-	1	None	I	True	1
46	2	11.5	23/2	0.5	1/2	4	-4	6	8	4	7.666	A-4	68	True	A	-1	1/2	2.333	False	0	P2-Staff2	2	4	1.5	7	I	False	('A-', 'C', 'E-')	A-	A-	0	major triad	(0, 3, 8)	A-	A-	1	None	I	True	1
48	2	12.0	12	0.5	1/2	4	-4	6	8	4	8.0	A-4	68	True	A	-1	5/8	2.667	False	0	P2-Staff2	2	4	1.5	7	I	False	('A-', 'C', 'E-')	A-	A-	0	major triad	(0, 3, 8)	A-	A-	1	None	I	True	1
48	2	12.0	12	0.5	1/2	4	-4	6	8	4	8.0	C5	72	True	C	0	5/8	2.667	False	0	P2-Staff2	2	4	1.5	7	I	False	('A-', 'C', 'E-')	A-	A-	0	major triad	(0, 3, 8)	A-	A-	1	None	I	True	3
50	4	12.5	25/2	1.0	1	5	-4	6	8	5	8.333	D-5	73	True	D	-1	0	1.0	True	1	P2-Staff2	2	5	1.5	8	IV	True	('A-', 'D-', 'F')	A-	D-	2	major triad	(1, 5, 8)	A-	A-	4	None	IV	True	4
50	6	12.5	25/2	1.5	3/2	5	-4	6	8	5	8.333	A-3	56	True	A	-1	0	1.0	True	1	P2-Staff2	2	5	1.5	8	IV	True	('A-', 'D-', 'F')	A-	D-	2	major triad	(1, 5, 8)	A-	A-	4	None	IV	True	1
52	2	13.0	13	0.5	1/2	5	-4	6	8	5	8.666	F4	65	True	F	0	1/8	1.333	False	0	P2-Staff2	1	5	1.5	8	IV	False	('A-', 'D-', 'F')	A-	D-	2	major triad	(1, 5, 8)	A-	A-	4	None	IV	True	6
52	2	13.0	13	0.5	1/2	5	-4	6	8	5	8.666	A-4	68	True	A	-1	1/8	1.333	False	0	P2-Staff2	1	5	1.5	8	IV	False	('A-', 'D-', 'F')	A-	D-	2	major triad	(1, 5, 8)	A-	A-	4	None	IV	True	1
52	2	13.0	13	0.5	1/2	5	-4	6	8	5	8.666	D-5	73	True	D	-1	1/8	1.333	False	0	P2-Staff2	1	5	1.5	8	IV	False	('A-', 'D-', 'F')	A-	D-	2	major triad	(1, 5, 8)	A-	A-	4	None	IV	True	4
54	2	13.5	27/2	0.5	1/2	5	-4	6	8	5	9.0	D-5	73	True	D	-1	1/4	1.667	False	0	P2-Staff2	2	5	1.5	8	IV	False	('A-', 'D-', 'F')	A-	D-	2	major triad	(1, 5, 8)	A-	A-	4	None	IV	True	4
54	2	13.5	27/2	0.5	1/2	5	-4	6	8	5	9.0	F4	65	True	F	0	1/4	1.667	False	0	P2-Staff2	1	5	1.5	8	IV	False	('A-', 'D-', 'F')	A-	D-	2	major triad	(1, 5, 8)	A-	A-	4	None	IV	True	6
54	2	13.5	27/2	0.5	1/2	5	-4	6	8	5	9.0	A-4	68	True	A	-1	1/4	1.667	False	0	P2-Staff2	1	5	1.5	8	IV	False	('A-', 'D-', 'F')	A-	D-	2	major triad	(1, 5, 8)	A-	A-	4	None	IV	True	1
54	2	13.5	27/2	0.5	1/2	5	-4	6	8	5	9.0	D-5	73	True	D	-1	1/4	1.667	False	0	P2-Staff2	1	5	1.5	8	IV	False	('A-', 'D-', 'F')	A-	D-	2	major triad	(1, 5, 8)	A-	A-	4	None	IV	True	4
56	2	14.0	14	0.5	1/2	5	-4	6	8	5	9.333	D-5	73	True	D	-1	3/8	2.0	True	2	P2-Staff2	2	5	1.5	9	I	True	('A-', 'C', 'E-')	A-	A-	0	major triad	(0, 3, 8)	A-	A-	1	None	I	True	4
56	6	14.0	14	1.5	3/2	5	-4	6	8	5	9.333	A-3	56	True	A	-1	3/8	2.0	True	2	P2-Staff2	2	5	1.5	9	I	True	('A-', 'C', 'E-')	A-	A-	0	major triad	(0, 3, 8)	A-	A-	1	None	I	True	1
58	2	14.5	29/2	0.5	1/2	5	-4	6	8	5	9.666	C5	72	True	C	0	1/2	2.333	False	0	P2-Staff2	2	5	1.5	9	I	False	('A-', 'C', 'E-')	A-	A-	0	major triad	(0, 3, 8)	A-	A-	1	None	I	True	3
58	2	14.5	29/2	0.5	1/2	5	-4	6	8	5	9.666	E-4	63	True	E	-1	1/2	2.333	False	0	P2-Staff2	1	5	1.5	9	I	False	('A-', 'C', 'E-')	A-	A-	0	major triad	(0, 3, 8)	A-	A-	1	None	I	True	5
58	2	14.5	29/2	0.5	1/2	5	-4	6	8	5	9.666	A-4	68	True	A	-1	1/2	2.333	False	0	P2-Staff2	1	5	1.5	9	I	False	('A-', 'C', 'E-')	A-	A-	0	major triad	(0, 3, 8)	A-	A-	1	None	I	True	1
58	2	14.5	29/2	0.5	1/2	5	-4	6	8	5	9.666	C5	72	True	C	0	1/2	2.333	False	0	P2-Staff2	1	5	1.5	9	I	False	('A-', 'C', 'E-')	A-	A-	0	major triad	(0, 3, 8)	A-	A-	1	None	I	True	3
60	2	15.0	15	0.5	1/2	5	-4	6	8	5	10.0	C5	72	True	C	0	5/8	2.667	False	0	P2-Staff2	2	5	1.5	9	I	False	('A-', 'C', 'E-')	A-	A-	0	major triad	(0, 3, 8)	A-	A-	1	None	I	True	3
60	2	15.0	15	0.5	1/2	5	-4	6	8	5	10.0	E-4	63	True	E	-1	5/8	2.667	False	0	P2-Staff2	1	5	1.5	9	I	False	('A-', 'C', 'E-')	A-	A-	0	major triad	(0, 3, 8)	A-	A-	1	None	I	True	5
60	2	15.0	15	0.5	1/2	5	-4	6	8	5	10.0	A-4	68	True	A	-1	5/8	2.667	False	0	P2-Staff2	1	5	1.5	9	I	False	('A-', 'C', 'E-')	A-	A-	0	major triad	(0, 3, 8)	A-	A-	1	None	I	True	1
60	2	15.0	15	0.5	1/2	5	-4	6	8	5	10.0	C5	72	True	C	0	5/8	2.667	False	0	P2-Staff2	1	5	1.5	9	I	False	('A-', 'C', 'E-')	A-	A-	0	major triad	(0, 3, 8)	A-	A-	1	None	I	True	3
62	0	15.5	31/2	0.0	0	6	-4	6	8	6	10.333	C5	72	True	C	0	0	1.0	True	1	P2-Staff2	2	6	3.0	10	V7	True	('D-', 'E-', 'G', 'B-')	D-	E-	3	dominant seventh chord	(1, 3, 7, 10)	A-	A-	5	None	V7	True	3
62	4	15.5	31/2	1.0	1	6	-4	6	8	6	10.333	B-4	70	True	B	-1	0	1.0	True	1	P2-Staff2	2	6	3.0	10	V7	True	('D-', 'E-', 'G', 'B-')	D-	E-	3	dominant seventh chord	(1, 3, 7, 10)	A-	A-	5	None	V7	True	2
62	6	15.5	31/2	1.5	3/2	6	-4	6	8	6	10.333	D-4	61	True	D	-1	0	1.0	True	1	P2-Staff2	2	6	3.0	10	V7	True	('D-', 'E-', 'G', 'B-')	D-	E-	3	dominant seventh chord	(1, 3, 7, 10)	A-	A-	5	None	V7	True	4
64	2	16.0	16	0.5	1/2	6	-4	6	8	6	10.666	E-4	63	True	E	-1	1/8	1.333	False	0	P2-Staff2	1	6	3.0	10	V7	False	('D-', 'E-', 'G', 'B-')	D-	E-	3	dominant seventh chord	(1, 3, 7, 10)	A-	A-	5	None	V7	True	5
64	2	16.0	16	0.5	1/2	6	-4	6	8	6	10.666	G4	67	True	G	0	1/8	1.333	False	0	P2-Staff2	1	6	3.0	10	V7	False	('D-', 'E-', 'G', 'B-')	D-	E-	3	dominant seventh chord	(1, 3, 7, 10)	A-	A-	5	None	V7	True	7
64	2	16.0	16	0.5	1/2	6	-4	6	8	6	10.666	B-4	70	True	B	-1	1/8	1.333	False	0	P2-Staff2	1	6	3.0	10	V7	False	('D-', 'E-', 'G', 'B-')	D-	E-	3	dominant seventh chord	(1, 3, 7, 10)	A-	A-	5	None	V7	True	2
66	2	16.5	33/2	0.5	1/2	6	-4	6	8	6	11.0	B-4	70	True	B	-1	1/4	1.667	False	0	P2-Staff2	2	6	3.0	10	V7	False	('D-', 'E-', 'G', 'B-')	D-	E-	3	dominant seventh chord	(1, 3, 7, 10)	A-	A-	5	None	V7	True	2
66	2	16.5	33/2	0.5	1/2	6	-4	6	8	6	11.0	E-4	63	True	E	-1	1/4	1.667	False	0	P2-Staff2	1	6	3.0	10	V7	False	('D-', 'E-', 'G', 'B-')	D-	E-	3	dominant seventh chord	(1, 3, 7, 10)	A-	A-	5	None	V7	True	5
66	2	16.5	33/2	0.5	1/2	6	-4	6	8	6	11.0	G4	67	True	G	0	1/4	1.667	False	0	P2-Staff2	1	6	3.0	10	V7	False	('D-', 'E-', 'G', 'B-')	D-	E-	3	dominant seventh chord	(1, 3, 7, 10)	A-	A-	5	None	V7	True	7
66	2	16.5	33/2	0.5	1/2	6	-4	6	8	6	11.0	B-4	70	True	B	-1	1/4	1.667	False	0	P2-Staff2	1	6	3.0	10	V7	False	('D-', 'E-', 'G', 'B-')	D-	E-	3	dominant seventh chord	(1, 3, 7, 10)	A-	A-	5	None	V7	True	2
68	6	17.0	17	1.5	3/2	6	-4	6	8	6	11.333	D-4	61	True	D	-1	3/8	2.0	True	2	P2-Staff2	2	6	3.0	10	V7	False	('D-', 'E-', 'G', 'B-')	D-	E-	3	dominant seventh chord	(1, 3, 7, 10)	A-	A-	5	None	V7	True	4
70	2	17.5	35/2	0.5	1/2	6	-4	6	8	6	11.666	E-4	63	True	E	-1	1/2	2.333	False	0	P2-Staff2	1	6	3.0	10	V7	False	('D-', 'E-', 'G', 'B-')	D-	E-	3	dominant seventh chord	(1, 3, 7, 10)	A-	A-	5	None	V7	True	5
70	2	17.5	35/2	0.5	1/2	6	-4	6	8	6	11.666	G4	67	True	G	0	1/2	2.333	False	0	P2-Staff2	1	6	3.0	10	V7	False	('D-', 'E-', 'G', 'B-')	D-	E-	3	dominant seventh chord	(1, 3, 7, 10)	A-	A-	5	None	V7	True	7
70	2	17.5	35/2	0.5	1/2	6	-4	6	8	6	11.666	B-4	70	True	B	-1	1/2	2.333	False	0	P2-Staff2	1	6	3.0	10	V7	False	('D-', 'E-', 'G', 'B-')	D-	E-	3	dominant seventh chord	(1, 3, 7, 10)	A-	A-	5	None	V7	True	2
72	2	18.0	18	0.5	1/2	6	-4	6	8	6	12.0	B-4	70	True	B	-1	5/8	2.667	False	0	P2-Staff2	2	6	3.0	10	V7	False	('D-', 'E-', 'G', 'B-')	D-	E-	3	dominant seventh chord	(1, 3, 7, 10)	A-	A-	5	None	V7	True	2
72	2	18.0	18	0.5	1/2	6	-4	6	8	6	12.0	E-4	63	True	E	-1	5/8	2.667	False	0	P2-Staff2	1	6	3.0	10	V7	False	('D-', 'E-', 'G', 'B-')	D-	E-	3	dominant seventh chord	(1, 3, 7, 10)	A-	A-	5	None	V7	True	5
72	2	18.0	18	0.5	1/2	6	-4	6	8	6	12.0	G4	67	True	G	0	5/8	2.667	False	0	P2-Staff2	1	6	3.0	10	V7	False	('D-', 'E-', 'G', 'B-')	D-	E-	3	dominant seventh chord	(1, 3, 7, 10)	A-	A-	5	None	V7	True	7
72	2	18.0	18	0.5	1/2	6	-4	6	8	6	12.0	B-4	70	True	B	-1	5/8	2.667	False	0	P2-Staff2	1	6	3.0	10	V7	False	('D-', 'E-', 'G', 'B-')	D-	E-	3	dominant seventh chord	(1, 3, 7, 10)	A-	A-	5	None	V7	True	2
74	4	18.5	37/2	1.0	1	7	-4	6	8	7	12.333	E-5	75	True	E	-1	0	1.0	True	1	P2-Staff2	2	7	1.5	11	I	True	('C', 'E-', 'A-')	C	A-	1	major triad	(0, 3, 8)	A-	A-	1	None	I	True	5
74	6	18.5	37/2	1.5	3/2	7	-4	6	8	7	12.333	C4	60	True	C	0	0	1.0	True	1	P2-Staff2	2	7	1.5	11	I	True	('C', 'E-', 'A-')	C	A-	1	major triad	(0, 3, 8)	A-	A-	1	None	I	True	3
76	2	19.0	19	0.5	1/2	7	-4	6	8	7	12.666	E-4	63	True	E	-1	1/8	1.333	False	0	P2-Staff2	1	7	1.5	11	I	False	('C', 'E-', 'A-')	C	A-	1	major triad	(0, 3, 8)	A-	A-	1	None	I	True	5
76	2	19.0	19	0.5	1/2	7	-4	6	8	7	12.666	A-4	68	True	A	-1	1/8	1.333	False	0	P2-Staff2	1	7	1.5	11	I	False	('C', 'E-', 'A-')	C	A-	1	major triad	(0, 3, 8)	A-	A-	1	None	I	True	1
76	2	19.0	19	0.5	1/2	7	-4	6	8	7	12.666	E-5	75	True	E	-1	1/8	1.333	False	0	P2-Staff2	1	7	1.5	11	I	False	('C', 'E-', 'A-')	C	A-	1	major triad	(0, 3, 8)	A-	A-	1	None	I	True	5
78	2	19.5	39/2	0.5	1/2	7	-4	6	8	7	13.0	E-5	75	True	E	-1	1/4	1.667	False	0	P2-Staff2	2	7	1.5	11	I	False	('C', 'E-', 'A-')	C	A-	1	major triad	(0, 3, 8)	A-	A-	1	None	I	True	5
78	2	19.5	39/2	0.5	1/2	7	-4	6	8	7	13.0	E-4	63	True	E	-1	1/4	1.667	False	0	P2-Staff2	1	7	1.5	11	I	False	('C', 'E-', 'A-')	C	A-	1	major triad	(0, 3, 8)	A-	A-	1	None	I	True	5
78	2	19.5	39/2	0.5	1/2	7	-4	6	8	7	13.0	A-4	68	True	A	-1	1/4	1.667	False	0	P2-Staff2	1	7	1.5	11	I	False	('C', 'E-', 'A-')	C	A-	1	major triad	(0, 3, 8)	A-	A-	1	None	I	True	1
78	2	19.5	39/2	0.5	1/2	7	-4	6	8	7	13.0	E-5	75	True	E	-1	1/4	1.667	False	0	P2-Staff2	1	7	1.5	11	I	False	('C', 'E-', 'A-')	C	A-	1	major triad	(0, 3, 8)	A-	A-	1	None	I	True	5
80	1	20.0	20	0.25	1/4	7	-4	6	8	7	13.333	D5	74	True	D	0	3/8	2.0	True	2	P2-Staff2	2	7	1.5	12	V7	True	('B-', 'D-', 'E-', 'G')	B-	E-	2	dominant seventh chord	(1, 3, 7, 10)	A-	A-	5	None	V7	True	#4
80	6	20.0	20	1.5	3/2	7	-4	6	8	7	13.333	B-3	58	True	B	-1	3/8	2.0	True	2	P2-Staff2	2	7	1.5	12	V7	True	('B-', 'D-', 'E-', 'G')	B-	E-	2	dominant seventh chord	(1, 3, 7, 10)	A-	A-	5	None	V7	True	2
81	1	20.25	81/4	0.25	1/4	7	-4	6	8	7	13.5	E-5	75	True	E	-1	7/16	2.167	False	0	P2-Staff2	2	7	1.5	12	V7	False	('B-', 'D-', 'E-', 'G')	B-	E-	2	dominant seventh chord	(1, 3, 7, 10)	A-	A-	5	None	V7	True	5
82	1	20.5	41/2	0.25	1/4	7	-4	6	8	7	13.666	G5	79	True	G	0	1/2	2.333	False	0	P2-Staff2	2	7	1.5	12	V7	False	('B-', 'D-', 'E-', 'G')	B-	E-	2	dominant seventh chord	(1, 3, 7, 10)	A-	A-	5	None	V7	True	7
82	2	20.5	41/2	0.5	1/2	7	-4	6	8	7	13.666	E-4	63	True	E	-1	1/2	2.333	False	0	P2-Staff2	1	7	1.5	12	V7	False	('B-', 'D-', 'E-', 'G')	B-	E-	2	dominant seventh chord	(1, 3, 7, 10)	A-	A-	5	None	V7	True	5
82	2	20.5	41/2	0.5	1/2	7	-4	6	8	7	13.666	G4	67	True	G	0	1/2	2.333	False	0	P2-Staff2	1	7	1.5	12	V7	False	('B-', 'D-', 'E-', 'G')	B-	E-	2	dominant seventh chord	(1, 3, 7, 10)	A-	A-	5	None	V7	True	7
82	2	20.5	41/2	0.5	1/2	7	-4	6	8	7	13.666	D-5	73	True	D	-1	1/2	2.333	False	0	P2-Staff2	1	7	1.5	12	V7	False	('B-', 'D-', 'E-', 'G')	B-	E-	2	dominant seventh chord	(1, 3, 7, 10)	A-	A-	5	None	V7	True	4
83	1	20.75	83/4	0.25	1/4	7	-4	6	8	7	13.833	F5	77	True	F	0	9/16	2.5	False	0	P2-Staff2	2	7	1.5	12	V7	False	('B-', 'D-', 'E-', 'G')	B-	E-	2	dominant seventh chord	(1, 3, 7, 10)	A-	A-	5	None	V7	True	6
84	1	21.0	21	0.25	1/4	7	-4	6	8	7	14.0	E-5	75	True	E	-1	5/8	2.667	False	0	P2-Staff2	2	7	1.5	12	V7	False	('B-', 'D-', 'E-', 'G')	B-	E-	2	dominant seventh chord	(1, 3, 7, 10)	A-	A-	5	None	V7	True	5
84	2	21.0	21	0.5	1/2	7	-4	6	8	7	14.0	E-4	63	True	E	-1	5/8	2.667	False	0	P2-Staff2	1	7	1.5	12	V7	False	('B-', 'D-', 'E-', 'G')	B-	E-	2	dominant seventh chord	(1, 3, 7, 10)	A-	A-	5	None	V7	True	5
84	2	21.0	21	0.5	1/2	7	-4	6	8	7	14.0	G4	67	True	G	0	5/8	2.667	False	0	P2-Staff2	1	7	1.5	12	V7	False	('B-', 'D-', 'E-', 'G')	B-	E-	2	dominant seventh chord	(1, 3, 7, 10)	A-	A-	5	None	V7	True	7
84	2	21.0	21	0.5	1/2	7	-4	6	8	7	14.0	D-5	73	True	D	-1	5/8	2.667	False	0	P2-Staff2	1	7	1.5	12	V7	False	('B-', 'D-', 'E-', 'G')	B-	E-	2	dominant seventh chord	(1, 3, 7, 10)	A-	A-	5	None	V7	True	4
85	1	21.25	85/4	0.25	1/4	7	-4	6	8	7	14.166	D-5	73	True	D	-1	11/16	2.833	False	0	P2-Staff2	2	7	1.5	12	V7	False	('B-', 'D-', 'E-', 'G')	B-	E-	2	dominant seventh chord	(1, 3, 7, 10)	A-	A-	5	None	V7	True	4
86	4	21.5	43/2	1.0	1	8	-4	6	8	8	14.333	D-5	73	True	D	-1	0	1.0	True	1	P2-Staff2	2	8	1.5	13	I	True	('A-', 'C', 'E-')	A-	A-	0	major triad	(0, 3, 8)	A-	A-	1	None	I	True	4
86	6	21.5	43/2	1.5	3/2	8	-4	6	8	8	14.333	A-3	56	True	A	-1	0	1.0	True	1	P2-Staff2	2	8	1.5	13	I	True	('A-', 'C', 'E-')	A-	A-	0	major triad	(0, 3, 8)	A-	A-	1	None	I	True	1
88	2	22.0	22	0.5	1/2	8	-4	6	8	8	14.666	E-4	63	True	E	-1	1/8	1.333	False	0	P2-Staff2	1	8	1.5	13	I	False	('A-', 'C', 'E-')	A-	A-	0	major triad	(0, 3, 8)	A-	A-	1	None	I	True	5
88	2	22.0	22	0.5	1/2	8	-4	6	8	8	14.666	A-4	68	True	A	-1	1/8	1.333	False	0	P2-Staff2	1	8	1.5	13	I	False	('A-', 'C', 'E-')	A-	A-	0	major triad	(0, 3, 8)	A-	A-	1	None	I	True	1
88	2	22.0	22	0.5	1/2	8	-4	6	8	8	14.666	C5	72	True	C	0	1/8	1.333	False	0	P2-Staff2	1	8	1.5	13	I	False	('A-', 'C', 'E-')	A-	A-	0	major triad	(0, 3, 8)	A-	A-	1	None	I	True	3
90	2	22.5	45/2	0.5	1/2	8	-4	6	8	8	15.0	C5	72	True	C	0	1/4	1.667	False	0	P2-Staff2	2	8	1.5	13	I	False	('A-', 'C', 'E-')	A-	A-	0	major triad	(0, 3, 8)	A-	A-	1	None	I	True	3
90	2	22.5	45/2	0.5	1/2	8	-4	6	8	8	15.0	E-4	63	True	E	-1	1/4	1.667	False	0	P2-Staff2	1	8	1.5	13	I	False	('A-', 'C', 'E-')	A-	A-	0	major triad	(0, 3, 8)	A-	A-	1	None	I	True	5
90	2	22.5	45/2	0.5	1/2	8	-4	6	8	8	15.0	A-4	68	True	A	-1	1/4	1.667	False	0	P2-Staff2	1	8	1.5	13	I	False	('A-', 'C', 'E-')	A-	A-	0	major triad	(0, 3, 8)	A-	A-	1	None	I	True	1
90	2	22.5	45/2	0.5	1/2	8	-4	6	8	8	15.0	C5	72	True	C	0	1/4	1.667	False	0	P2-Staff2	1	8	1.5	13	I	False	('A-', 'C', 'E-')	A-	A-	0	major triad	(0, 3, 8)	A-	A-	1	None	I	True	3
92	6	23.0	23	1.5	3/2	8	-4	6	8	8	15.332999999999998	D-3	49	True	D	-1	3/8	2.0	True	2	P2-Staff2	2	8	1.5	14	ii	True	('D-', 'F', 'B-')	D-	B-	1	minor triad	(1, 5, 10)	A-	A-	2	None	ii	True	4
94	2	23.5	47/2	0.5	1/2	8	-4	6	8	8	15.666	D-4	61	True	D	-1	1/2	2.333	False	0	P2-Staff2	1	8	1.5	14	ii	False	('D-', 'F', 'B-')	D-	B-	1	minor triad	(1, 5, 10)	A-	A-	2	None	ii	True	4
94	2	23.5	47/2	0.5	1/2	8	-4	6	8	8	15.666	F4	65	True	F	0	1/2	2.333	False	0	P2-Staff2	1	8	1.5	14	ii	False	('D-', 'F', 'B-')	D-	B-	1	minor triad	(1, 5, 10)	A-	A-	2	None	ii	True	6
94	2	23.5	47/2	0.5	1/2	8	-4	6	8	8	15.666	B-4	70	True	B	-1	1/2	2.333	False	0	P2-Staff2	1	8	1.5	14	ii	False	('D-', 'F', 'B-')	D-	B-	1	minor triad	(1, 5, 10)	A-	A-	2	None	ii	True	2
96	2	24.0	24	0.5	1/2	8	-4	6	8	8	16.0	B-4	70	True	B	-1	5/8	2.667	False	0	P2-Staff2	2	8	1.5	14	ii	False	('D-', 'F', 'B-')	D-	B-	1	minor triad	(1, 5, 10)	A-	A-	2	None	ii	True	2
96	2	24.0	24	0.5	1/2	8	-4	6	8	8	16.0	D-4	61	True	D	-1	5/8	2.667	False	0	P2-Staff2	1	8	1.5	14	ii	False	('D-', 'F', 'B-')	D-	B-	1	minor triad	(1, 5, 10)	A-	A-	2	None	ii	True	4
96	2	24.0	24	0.5	1/2	8	-4	6	8	8	16.0	F4	65	True	F	0	5/8	2.667	False	0	P2-Staff2	1	8	1.5	14	ii	False	('D-', 'F', 'B-')	D-	B-	1	minor triad	(1, 5, 10)	A-	A-	2	None	ii	True	6
96	2	24.0	24	0.5	1/2	8	-4	6	8	8	16.0	B-4	70	True	B	-1	5/8	2.667	False	0	P2-Staff2	1	8	1.5	14	ii	False	('D-', 'F', 'B-')	D-	B-	1	minor triad	(1, 5, 10)	A-	A-	2	None	ii	True	2
98	4	24.5	49/2	1.0	1	9	-4	6	8	9	16.333	B-4	70	True	B	-1	0	1.0	True	1	P2-Staff2	2	9	1.5	15	V	True	('E-', 'A-', 'C')	E-	E-	0	major triad	(0, 3, 8)	A-	A-	5	None	V	True	2
98	6	24.5	49/2	1.5	3/2	9	-4	6	8	9	16.333	E-3	51	True	E	-1	0	1.0	True	1	P2-Staff2	2	9	1.5	15	V	True	('E-', 'A-', 'C')	E-	E-	0	major triad	(0, 3, 8)	A-	A-	5	None	V	True	5
100	2	25.0	25	0.5	1/2	9	-4	6	8	9	16.665999999999997	C4	60	True	C	0	1/8	1.333	False	0	P2-Staff2	1	9	1.5	15	V	False	('E-', 'A-', 'C')	E-	E-	0	major triad	(0, 3, 8)	A-	A-	5	None	V	True	3
100	2	25.0	25	0.5	1/2	9	-4	6	8	9	16.665999999999997	E-4	63	True	E	-1	1/8	1.333	False	0	P2-Staff2	1	9	1.5	15	V	False	('E-', 'A-', 'C')	E-	E-	0	major triad	(0, 3, 8)	A-	A-	5	None	V	True	5
100	2	25.0	25	0.5	1/2	9	-4	6	8	9	16.665999999999997	B-4	70	True	B	-1	1/8	1.333	False	0	P2-Staff2	1	9	1.5	15	V	False	('E-', 'A-', 'C')	E-	E-	0	major triad	(0, 3, 8)	A-	A-	5	None	V	True	2
102	2	25.5	51/2	0.5	1/2	9	-4	6	8	9	17.0	A-4	68	True	A	-1	1/4	1.667	False	0	P2-Staff2	2	9	1.5	15	V	False	('E-', 'A-', 'C')	E-	E-	0	major triad	(0, 3, 8)	A-	A-	5	None	V	True	1
102	2	25.5	51/2	0.5	1/2	9	-4	6	8	9	17.0	C4	60	True	C	0	1/4	1.667	False	0	P2-Staff2	1	9	1.5	15	V	False	('E-', 'A-', 'C')	E-	E-	0	major triad	(0, 3, 8)	A-	A-	5	None	V	True	3
102	2	25.5	51/2	0.5	1/2	9	-4	6	8	9	17.0	E-4	63	True	E	-1	1/4	1.667	False	0	P2-Staff2	1	9	1.5	15	V	False	('E-', 'A-', 'C')	E-	E-	0	major triad	(0, 3, 8)	A-	A-	5	None	V	True	5
102	2	25.5	51/2	0.5	1/2	9	-4	6	8	9	17.0	A-4	68	True	A	-1	1/4	1.667	False	0	P2-Staff2	1	9	1.5	15	V	False	('E-', 'A-', 'C')	E-	E-	0	major triad	(0, 3, 8)	A-	A-	5	None	V	True	1
104	4	26.0	26	1.0	1	9	-4	6	8	9	17.333	A-4	68	True	A	-1	3/8	2.0	True	2	P2-Staff2	2	9	1.5	16	V7	True	('E-', 'G', 'B-', 'D-')	E-	E-	0	dominant seventh chord	(1, 3, 7, 10)	A-	A-	5	None	V7	True	1
104	6	26.0	26	1.5	3/2	9	-4	6	8	9	17.333	E-3	51	True	E	-1	3/8	2.0	True	2	P2-Staff2	2	9	1.5	16	V7	True	('E-', 'G', 'B-', 'D-')	E-	E-	0	dominant seventh chord	(1, 3, 7, 10)	A-	A-	5	None	V7	True	5
106	2	26.5	53/2	0.5	1/2	9	-4	6	8	9	17.665999999999997	D-4	61	True	D	-1	1/2	2.333	False	0	P2-Staff2	1	9	1.5	16	V7	False	('E-', 'G', 'B-', 'D-')	E-	E-	0	dominant seventh chord	(1, 3, 7, 10)	A-	A-	5	None	V7	True	4
106	2	26.5	53/2	0.5	1/2	9	-4	6	8	9	17.665999999999997	E-4	63	True	E	-1	1/2	2.333	False	0	P2-Staff2	1	9	1.5	16	V7	False	('E-', 'G', 'B-', 'D-')	E-	E-	0	dominant seventh chord	(1, 3, 7, 10)	A-	A-	5	None	V7	True	5
106	2	26.5	53/2	0.5	1/2	9	-4	6	8	9	17.665999999999997	A-4	68	True	A	-1	1/2	2.333	False	0	P2-Staff2	1	9	1.5	16	V7	False	('E-', 'G', 'B-', 'D-')	E-	E-	0	dominant seventh chord	(1, 3, 7, 10)	A-	A-	5	None	V7	True	1
108	2	27.0	27	0.5	1/2	9	-4	6	8	9	18.0	G4	67	True	G	0	5/8	2.667	False	0	P2-Staff2	2	9	1.5	16	V7	False	('E-', 'G', 'B-', 'D-')	E-	E-	0	dominant seventh chord	(1, 3, 7, 10)	A-	A-	5	None	V7	True	7
108	2	27.0	27	0.5	1/2	9	-4	6	8	9	18.0	D-4	61	True	D	-1	5/8	2.667	False	0	P2-Staff2	1	9	1.5	16	V7	False	('E-', 'G', 'B-', 'D-')	E-	E-	0	dominant seventh chord	(1, 3, 7, 10)	A-	A-	5	None	V7	True	4
108	2	27.0	27	0.5	1/2	9	-4	6	8	9	18.0	E-4	63	True	E	-1	5/8	2.667	False	0	P2-Staff2	1	9	1.5	16	V7	False	('E-', 'G', 'B-', 'D-')	E-	E-	0	dominant seventh chord	(1, 3, 7, 10)	A-	A-	5	None	V7	True	5
108	2	27.0	27	0.5	1/2	9	-4	6	8	9	18.0	G4	67	True	G	0	5/8	2.667	False	0	P2-Staff2	1	9	1.5	16	V7	False	('E-', 'G', 'B-', 'D-')	E-	E-	0	dominant seventh chord	(1, 3, 7, 10)	A-	A-	5	None	V7	True	7
110	6	27.5	55/2	1.5	3/2	10	-4	6	8	10	18.333	A-4	68	True	A	-1	0	1.0	True	1	P2-Staff2	2	10	3.0	17	I	True	('A-', 'C', 'E-')	A-	A-	0	major triad	(0, 3, 8)	A-	A-	1	None	I	True	1
110	6	27.5	55/2	1.5	3/2	10	-4	6	8	10	18.333	A-2	44	True	A	-1	0	1.0	True	1	P2-Staff2	1	10	3.0	17	I	True	('A-', 'C', 'E-')	A-	A-	0	major triad	(0, 3, 8)	A-	A-	1	None	I	True	1
110	6	27.5	55/2	1.5	3/2	10	-4	6	8	10	18.333	A-3	56	True	A	-1	0	1.0	True	1	P2-Staff2	1	10	3.0	17	I	True	('A-', 'C', 'E-')	A-	A-	0	major triad	(0, 3, 8)	A-	A-	1	None	I	True	1
112	2	28.0	28	0.5	1/2	10	-4	6	8	10	18.665999999999997	C4	60	True	C	0	1/8	1.333	False	0	P2-Staff2	1	10	3.0	17	I	False	('A-', 'C', 'E-')	A-	A-	0	major triad	(0, 3, 8)	A-	A-	1	None	I	True	3
112	2	28.0	28	0.5	1/2	10	-4	6	8	10	18.665999999999997	E-4	63	True	E	-1	1/8	1.333	False	0	P2-Staff2	1	10	3.0	17	I	False	('A-', 'C', 'E-')	A-	A-	0	major triad	(0, 3, 8)	A-	A-	1	None	I	True	5
112	2	28.0	28	0.5	1/2	10	-4	6	8	10	18.665999999999997	A-4	68	True	A	-1	1/8	1.333	False	0	P2-Staff2	1	10	3.0	17	I	False	('A-', 'C', 'E-')	A-	A-	0	major triad	(0, 3, 8)	A-	A-	1	None	I	True	1
114	2	28.5	57/2	0.5	1/2	10	-4	6	8	10	19.0	C4	60	True	C	0	1/4	1.667	False	0	P2-Staff2	1	10	3.0	17	I	False	('A-', 'C', 'E-')	A-	A-	0	major triad	(0, 3, 8)	A-	A-	1	None	I	True	3
114	2	28.5	57/2	0.5	1/2	10	-4	6	8	10	19.0	E-4	63	True	E	-1	1/4	1.667	False	0	P2-Staff2	1	10	3.0	17	I	False	('A-', 'C', 'E-')	A-	A-	0	major triad	(0, 3, 8)	A-	A-	1	None	I	True	5
114	2	28.5	57/2	0.5	1/2	10	-4	6	8	10	19.0	A-4	68	True	A	-1	1/4	1.667	False	0	P2-Staff2	1	10	3.0	17	I	False	('A-', 'C', 'E-')	A-	A-	0	major triad	(0, 3, 8)	A-	A-	1	None	I	True	1
116	6	29.0	29	1.5	3/2	10	-4	6	8	10	19.333	A-2	44	True	A	-1	3/8	2.0	True	2	P2-Staff2	1	10	3.0	17	I	False	('A-', 'C', 'E-')	A-	A-	0	major triad	(0, 3, 8)	A-	A-	1	None	I	True	1
116	6	29.0	29	1.5	3/2	10	-4	6	8	10	19.333	A-3	56	True	A	-1	3/8	2.0	True	2	P2-Staff2	1	10	3.0	17	I	False	('A-', 'C', 'E-')	A-	A-	0	major triad	(0, 3, 8)	A-	A-	1	None	I	True	1
118	2	29.5	59/2	0.5	1/2	10	-4	6	8	10	19.665999999999997	C4	60	True	C	0	1/2	2.333	False	0	P2-Staff2	1	10	3.0	17	I	False	('A-', 'C', 'E-')	A-	A-	0	major triad	(0, 3, 8)	A-	A-	1	None	I	True	3
118	2	29.5	59/2	0.5	1/2	10	-4	6	8	10	19.665999999999997	E-4	63	True	E	-1	1/2	2.333	False	0	P2-Staff2	1	10	3.0	17	I	False	('A-', 'C', 'E-')	A-	A-	0	major triad	(0, 3, 8)	A-	A-	1	None	I	True	5
118	2	29.5	59/2	0.5	1/2	10	-4	6	8	10	19.665999999999997	A-4	68	True	A	-1	1/2	2.333	False	0	P2-Staff2	1	10	3.0	17	I	False	('A-', 'C', 'E-')	A-	A-	0	major triad	(0, 3, 8)	A-	A-	1	None	I	True	1
120	2	30.0	30	0.5	1/2	10	-4	6	8	10	20.0	C5	72	True	C	0	5/8	2.667	False	0	P2-Staff2	2	10	3.0	17	I	False	('A-', 'C', 'E-')	A-	A-	0	major triad	(0, 3, 8)	A-	A-	1	None	I	True	3
120	2	30.0	30	0.5	1/2	10	-4	6	8	10	20.0	C4	60	True	C	0	5/8	2.667	False	0	P2-Staff2	1	10	3.0	17	I	False	('A-', 'C', 'E-')	A-	A-	0	major triad	(0, 3, 8)	A-	A-	1	None	I	True	3
120	2	30.0	30	0.5	1/2	10	-4	6	8	10	20.0	E-4	63	True	E	-1	5/8	2.667	False	0	P2-Staff2	1	10	3.0	17	I	False	('A-', 'C', 'E-')	A-	A-	0	major triad	(0, 3, 8)	A-	A-	1	None	I	True	5
120	2	30.0	30	0.5	1/2	10	-4	6	8	10	20.0	A-4	68	True	A	-1	5/8	2.667	False	0	P2-Staff2	1	10	3.0	17	I	False	('A-', 'C', 'E-')	A-	A-	0	major triad	(0, 3, 8)	A-	A-	1	None	I	True	1
122	4	30.5	61/2	1.0	1	11	-4	6	8	11	20.333	B-4	70	True	B	-1	0	1.0	True	1	P2-Staff2	6	11	1.5	18	V	True	('B-', 'E-', 'G')	B-	E-	2	major triad	(3, 7, 10)	A-	A-	5	None	V	True	2
122	6	30.5	61/2	1.5	3/2	11	-4	6	8	11	20.333	B-2	46	True	B	-1	0	1.0	True	1	P2-Staff2	6	11	1.5	18	V	True	('B-', 'E-', 'G')	B-	E-	2	major triad	(3, 7, 10)	A-	A-	5	None	V	True	2
124	2	31.0	31	0.5	1/2	11	-4	6	8	11	20.665999999999997	B-3	58	True	B	-1	1/8	1.333	False	0	P2-Staff2	1	11	1.5	18	V	False	('B-', 'E-', 'G')	B-	E-	2	major triad	(3, 7, 10)	A-	A-	5	None	V	True	2
124	2	31.0	31	0.5	1/2	11	-4	6	8	11	20.665999999999997	E-4	63	True	E	-1	1/8	1.333	False	0	P2-Staff2	1	11	1.5	18	V	False	('B-', 'E-', 'G')	B-	E-	2	major triad	(3, 7, 10)	A-	A-	5	None	V	True	5
124	2	31.0	31	0.5	1/2	11	-4	6	8	11	20.665999999999997	G4	67	True	G	0	1/8	1.333	False	0	P2-Staff2	1	11	1.5	18	V	False	('B-', 'E-', 'G')	B-	E-	2	major triad	(3, 7, 10)	A-	A-	5	None	V	True	7
126	2	31.5	63/2	0.5	1/2	11	-4	6	8	11	21.0	G4	67	True	G	0	1/4	1.667	False	0	P2-Staff2	6	11	1.5	18	V	False	('B-', 'E-', 'G')	B-	E-	2	major triad	(3, 7, 10)	A-	A-	5	None	V	True	7
126	2	31.5	63/2	0.5	1/2	11	-4	6	8	11	21.0	B-3	58	True	B	-1	1/4	1.667	False	0	P2-Staff2	1	11	1.5	18	V	False	('B-', 'E-', 'G')	B-	E-	2	major triad	(3, 7, 10)	A-	A-	5	None	V	True	2
126	2	31.5	63/2	0.5	1/2	11	-4	6	8	11	21.0	E-4	63	True	E	-1	1/4	1.667	False	0	P2-Staff2	1	11	1.5	18	V	False	('B-', 'E-', 'G')	B-	E-	2	major triad	(3, 7, 10)	A-	A-	5	None	V	True	5
126	2	31.5	63/2	0.5	1/2	11	-4	6	8	11	21.0	G4	67	True	G	0	1/4	1.667	False	0	P2-Staff2	1	11	1.5	18	V	False	('B-', 'E-', 'G')	B-	E-	2	major triad	(3, 7, 10)	A-	A-	5	None	V	True	7
128	2	32.0	32	0.5	1/2	11	-4	6	8	11	21.333	B-4	70	True	B	-1	3/8	2.0	True	2	P2-Staff2	6	11	1.5	19	V7/V	True	('B-', 'D', 'F', 'A-')	B-	B-	0	dominant seventh chord	(2, 5, 8, 10)	A-	E-	5	5	V7	True	2
128	6	32.0	32	1.5	3/2	11	-4	6	8	11	21.333	B-2	46	True	B	-1	3/8	2.0	True	2	P2-Staff2	6	11	1.5	19	V7/V	True	('B-', 'D', 'F', 'A-')	B-	B-	0	dominant seventh chord	(2, 5, 8, 10)	A-	E-	5	5	V7	True	2
130	2	32.5	65/2	0.5	1/2	11	-4	6	8	11	21.665999999999997	A-4	68	True	A	-1	1/2	2.333	False	0	P2-Staff2	6	11	1.5	19	V7/V	False	('B-', 'D', 'F', 'A-')	B-	B-	0	dominant seventh chord	(2, 5, 8, 10)	A-	E-	5	5	V7	True	1
130	2	32.5	65/2	0.5	1/2	11	-4	6	8	11	21.665999999999997	D4	62	True	D	0	1/2	2.333	False	0	P2-Staff2	1	11	1.5	19	V7/V	False	('B-', 'D', 'F', 'A-')	B-	B-	0	dominant seventh chord	(2, 5, 8, 10)	A-	E-	5	5	V7	True	#4
130	2	32.5	65/2	0.5	1/2	11	-4	6	8	11	21.665999999999997	F4	65	True	F	0	1/2	2.333	False	0	P2-Staff2	1	11	1.5	19	V7/V	False	('B-', 'D', 'F', 'A-')	B-	B-	0	dominant seventh chord	(2, 5, 8, 10)	A-	E-	5	5	V7	True	6
130	2	32.5	65/2	0.5	1/2	11	-4	6	8	11	21.665999999999997	A-3	56	True	A	-1	1/2	2.333	False	0	P2-Staff2	6	11	1.5	19	V7/V	False	('B-', 'D', 'F', 'A-')	B-	B-	0	dominant seventh chord	(2, 5, 8, 10)	A-	E-	5	5	V7	True	1
132	2	33.0	33	0.5	1/2	11	-4	6	8	11	22.0	F4	65	True	F	0	5/8	2.667	False	0	P2-Staff2	6	11	1.5	19	V7/V	False	('B-', 'D', 'F', 'A-')	B-	B-	0	dominant seventh chord	(2, 5, 8, 10)	A-	E-	5	5	V7	True	6
132	2	33.0	33	0.5	1/2	11	-4	6	8	11	22.0	D4	62	True	D	0	5/8	2.667	False	0	P2-Staff2	1	11	1.5	19	V7/V	False	('B-', 'D', 'F', 'A-')	B-	B-	0	dominant seventh chord	(2, 5, 8, 10)	A-	E-	5	5	V7	True	#4
132	2	33.0	33	0.5	1/2	11	-4	6	8	11	22.0	F4	65	True	F	0	5/8	2.667	False	0	P2-Staff2	1	11	1.5	19	V7/V	False	('B-', 'D', 'F', 'A-')	B-	B-	0	dominant seventh chord	(2, 5, 8, 10)	A-	E-	5	5	V7	True	6
132	2	33.0	33	0.5	1/2	11	-4	6	8	11	22.0	A-3	56	True	A	-1	5/8	2.667	False	0	P2-Staff2	6	11	1.5	19	V7/V	False	('B-', 'D', 'F', 'A-')	B-	B-	0	dominant seventh chord	(2, 5, 8, 10)	A-	E-	5	5	V7	True	1
134	4	33.5	67/2	1.0	1	12	-4	6	8	12	22.333	F4	65	True	F	0	0	1.0	True	1	P2-Staff2	6	12	1.5	20	V	True	('E-', 'G', 'B-')	E-	E-	0	major triad	(3, 7, 10)	A-	A-	5	None	V	True	6
134	6	33.5	67/2	1.5	3/2	12	-4	6	8	12	22.333	E-2	39	True	E	-1	0	1.0	True	1	P2-Staff2	1	12	1.5	20	V	True	('E-', 'G', 'B-')	E-	E-	0	major triad	(3, 7, 10)	A-	A-	5	None	V	True	5
134	6	33.5	67/2	1.5	3/2	12	-4	6	8	12	22.333	E-3	51	True	E	-1	0	1.0	True	1	P2-Staff2	1	12	1.5	20	V	True	('E-', 'G', 'B-')	E-	E-	0	major triad	(3, 7, 10)	A-	A-	5	None	V	True	5
136	2	34.0	34	0.5	1/2	12	-4	6	8	12	22.665999999999997	E-4	63	True	E	-1	1/8	1.333	False	0	P2-Staff2	6	12	1.5	20	V	False	('E-', 'G', 'B-')	E-	E-	0	major triad	(3, 7, 10)	A-	A-	5	None	V	True	5
136	2	34.0	34	0.5	1/2	12	-4	6	8	12	22.665999999999997	G3	55	True	G	0	1/8	1.333	False	0	P2-Staff2	1	12	1.5	20	V	False	('E-', 'G', 'B-')	E-	E-	0	major triad	(3, 7, 10)	A-	A-	5	None	V	True	7
136	2	34.0	34	0.5	1/2	12	-4	6	8	12	22.665999999999997	B-3	58	True	B	-1	1/8	1.333	False	0	P2-Staff2	1	12	1.5	20	V	False	('E-', 'G', 'B-')	E-	E-	0	major triad	(3, 7, 10)	A-	A-	5	None	V	True	2
138	2	34.5	69/2	0.5	1/2	12	-4	6	8	12	23.0	E-4	63	True	E	-1	1/4	1.667	False	0	P2-Staff2	6	12	1.5	20	V	False	('E-', 'G', 'B-')	E-	E-	0	major triad	(3, 7, 10)	A-	A-	5	None	V	True	5
138	2	34.5	69/2	0.5	1/2	12	-4	6	8	12	23.0	E-4	63	True	E	-1	1/4	1.667	False	0	P2-Staff2	6	12	1.5	20	V	False	('E-', 'G', 'B-')	E-	E-	0	major triad	(3, 7, 10)	A-	A-	5	None	V	True	5
138	2	34.5	69/2	0.5	1/2	12	-4	6	8	12	23.0	G3	55	True	G	0	1/4	1.667	False	0	P2-Staff2	1	12	1.5	20	V	False	('E-', 'G', 'B-')	E-	E-	0	major triad	(3, 7, 10)	A-	A-	5	None	V	True	7
138	2	34.5	69/2	0.5	1/2	12	-4	6	8	12	23.0	B-3	58	True	B	-1	1/4	1.667	False	0	P2-Staff2	1	12	1.5	20	V	False	('E-', 'G', 'B-')	E-	E-	0	major triad	(3, 7, 10)	A-	A-	5	None	V	True	2
140	6	35.0	35	1.5	3/2	12	-4	6	8	12	23.333	A-2	44	True	A	-1	3/8	2.0	True	2	P2-Staff2	1	12	1.5	21	I	True	('A-', 'C', 'E-')	A-	A-	0	major triad	(0, 3, 8)	A-	A-	1	None	I	True	1
140	6	35.0	35	1.5	3/2	12	-4	6	8	12	23.333	A-3	56	True	A	-1	3/8	2.0	True	2	P2-Staff2	1	12	1.5	21	I	True	('A-', 'C', 'E-')	A-	A-	0	major triad	(0, 3, 8)	A-	A-	1	None	I	True	1
142	2	35.5	71/2	0.5	1/2	12	-4	6	8	12	23.665999999999997	E-4	63	True	E	-1	1/2	2.333	False	0	P2-Staff2	1	12	1.5	21	I	False	('A-', 'C', 'E-')	A-	A-	0	major triad	(0, 3, 8)	A-	A-	1	None	I	True	5
142	2	35.5	71/2	0.5	1/2	12	-4	6	8	12	23.665999999999997	A-4	68	True	A	-1	1/2	2.333	False	0	P2-Staff2	1	12	1.5	21	I	False	('A-', 'C', 'E-')	A-	A-	0	major triad	(0, 3, 8)	A-	A-	1	None	I	True	1
142	2	35.5	71/2	0.5	1/2	12	-4	6	8	12	23.665999999999997	C5	72	True	C	0	1/2	2.333	False	0	P2-Staff2	1	12	1.5	21	I	False	('A-', 'C', 'E-')	A-	A-	0	major triad	(0, 3, 8)	A-	A-	1	None	I	True	3
144	2	36.0	36	0.5	1/2	12	-4	6	8	12	24.0	C5	72	True	C	0	5/8	2.667	False	0	P2-Staff2	6	12	1.5	21	I	False	('A-', 'C', 'E-')	A-	A-	0	major triad	(0, 3, 8)	A-	A-	1	None	I	True	3
144	2	36.0	36	0.5	1/2	12	-4	6	8	12	24.0	E-4	63	True	E	-1	5/8	2.667	False	0	P2-Staff2	1	12	1.5	21	I	False	('A-', 'C', 'E-')	A-	A-	0	major triad	(0, 3, 8)	A-	A-	1	None	I	True	5
144	2	36.0	36	0.5	1/2	12	-4	6	8	12	24.0	A-4	68	True	A	-1	5/8	2.667	False	0	P2-Staff2	1	12	1.5	21	I	False	('A-', 'C', 'E-')	A-	A-	0	major triad	(0, 3, 8)	A-	A-	1	None	I	True	1
144	2	36.0	36	0.5	1/2	12	-4	6	8	12	24.0	C5	72	True	C	0	5/8	2.667	False	0	P2-Staff2	1	12	1.5	21	I	False	('A-', 'C', 'E-')	A-	A-	0	major triad	(0, 3, 8)	A-	A-	1	None	I	True	3
146	4	36.5	73/2	1.0	1	13	-4	6	8	13	24.333	B-4	70	True	B	-1	0	1.0	True	1	P2-Staff2	6	13	1.5	22	V7	True	('B-', 'D-', 'E-', 'G')	B-	E-	2	dominant seventh chord	(1, 3, 7, 10)	A-	A-	5	None	V7	True	2
146	6	36.5	73/2	1.5	3/2	13	-4	6	8	13	24.333	B-2	46	True	B	-1	0	1.0	True	1	P2-Staff2	1	13	1.5	22	V7	True	('B-', 'D-', 'E-', 'G')	B-	E-	2	dominant seventh chord	(1, 3, 7, 10)	A-	A-	5	None	V7	True	2
146	6	36.5	73/2	1.5	3/2	13	-4	6	8	13	24.333	B-3	58	True	B	-1	0	1.0	True	1	P2-Staff2	1	13	1.5	22	V7	True	('B-', 'D-', 'E-', 'G')	B-	E-	2	dominant seventh chord	(1, 3, 7, 10)	A-	A-	5	None	V7	True	2
148	2	37.0	37	0.5	1/2	13	-4	6	8	13	24.665999999999997	E-4	63	True	E	-1	1/8	1.333	False	0	P2-Staff2	1	13	1.5	22	V7	False	('B-', 'D-', 'E-', 'G')	B-	E-	2	dominant seventh chord	(1, 3, 7, 10)	A-	A-	5	None	V7	True	5
148	2	37.0	37	0.5	1/2	13	-4	6	8	13	24.665999999999997	G4	67	True	G	0	1/8	1.333	False	0	P2-Staff2	1	13	1.5	22	V7	False	('B-', 'D-', 'E-', 'G')	B-	E-	2	dominant seventh chord	(1, 3, 7, 10)	A-	A-	5	None	V7	True	7
148	2	37.0	37	0.5	1/2	13	-4	6	8	13	24.665999999999997	B-4	70	True	B	-1	1/8	1.333	False	0	P2-Staff2	1	13	1.5	22	V7	False	('B-', 'D-', 'E-', 'G')	B-	E-	2	dominant seventh chord	(1, 3, 7, 10)	A-	A-	5	None	V7	True	2
150	2	37.5	75/2	0.5	1/2	13	-4	6	8	13	25.0	E-5	75	True	E	-1	1/4	1.667	False	0	P2-Staff2	6	13	1.5	22	V7	False	('B-', 'D-', 'E-', 'G')	B-	E-	2	dominant seventh chord	(1, 3, 7, 10)	A-	A-	5	None	V7	True	5
150	2	37.5	75/2	0.5	1/2	13	-4	6	8	13	25.0	E-4	63	True	E	-1	1/4	1.667	False	0	P2-Staff2	1	13	1.5	22	V7	False	('B-', 'D-', 'E-', 'G')	B-	E-	2	dominant seventh chord	(1, 3, 7, 10)	A-	A-	5	None	V7	True	5
150	2	37.5	75/2	0.5	1/2	13	-4	6	8	13	25.0	G4	67	True	G	0	1/4	1.667	False	0	P2-Staff2	1	13	1.5	22	V7	False	('B-', 'D-', 'E-', 'G')	B-	E-	2	dominant seventh chord	(1, 3, 7, 10)	A-	A-	5	None	V7	True	7
150	2	37.5	75/2	0.5	1/2	13	-4	6	8	13	25.0	B-4	70	True	B	-1	1/4	1.667	False	0	P2-Staff2	1	13	1.5	22	V7	False	('B-', 'D-', 'E-', 'G')	B-	E-	2	dominant seventh chord	(1, 3, 7, 10)	A-	A-	5	None	V7	True	2
152	0	38.0	38	0.0	0	13	-4	6	8	13	25.333	G5	79	True	G	0	3/8	2.0	True	2	P2-Staff2	6	13	1.5	23	V7/V	True	('B-', 'D', 'F', 'A-')	B-	B-	0	dominant seventh chord	(2, 5, 8, 10)	A-	E-	5	5	V7	True	7
152	2	38.0	38	0.5	1/2	13	-4	6	8	13	25.333	F5	77	True	F	0	3/8	2.0	True	2	P2-Staff2	6	13	1.5	23	V7/V	True	('B-', 'D', 'F', 'A-')	B-	B-	0	dominant seventh chord	(2, 5, 8, 10)	A-	E-	5	5	V7	True	6
152	6	38.0	38	1.5	3/2	13	-4	6	8	13	25.333	B-2	46	True	B	-1	3/8	2.0	True	2	P2-Staff2	1	13	1.5	23	V7/V	True	('B-', 'D', 'F', 'A-')	B-	B-	0	dominant seventh chord	(2, 5, 8, 10)	A-	E-	5	5	V7	True	2
152	6	38.0	38	1.5	3/2	13	-4	6	8	13	25.333	B-3	58	True	B	-1	3/8	2.0	True	2	P2-Staff2	1	13	1.5	23	V7/V	True	('B-', 'D', 'F', 'A-')	B-	B-	0	dominant seventh chord	(2, 5, 8, 10)	A-	E-	5	5	V7	True	2
154	2	38.5	77/2	0.5	1/2	13	-4	6	8	13	25.665999999999997	E-5	75	True	E	-1	1/2	2.333	False	0	P2-Staff2	6	13	1.5	23	V7/V	False	('B-', 'D', 'F', 'A-')	B-	B-	0	dominant seventh chord	(2, 5, 8, 10)	A-	E-	5	5	V7	True	5
154	2	38.5	77/2	0.5	1/2	13	-4	6	8	13	25.665999999999997	F4	65	True	F	0	1/2	2.333	False	0	P2-Staff2	1	13	1.5	23	V7/V	False	('B-', 'D', 'F', 'A-')	B-	B-	0	dominant seventh chord	(2, 5, 8, 10)	A-	E-	5	5	V7	True	6
154	2	38.5	77/2	0.5	1/2	13	-4	6	8	13	25.665999999999997	A-4	68	True	A	-1	1/2	2.333	False	0	P2-Staff2	1	13	1.5	23	V7/V	False	('B-', 'D', 'F', 'A-')	B-	B-	0	dominant seventh chord	(2, 5, 8, 10)	A-	E-	5	5	V7	True	1
154	2	38.5	77/2	0.5	1/2	13	-4	6	8	13	25.665999999999997	B-4	70	True	B	-1	1/2	2.333	False	0	P2-Staff2	1	13	1.5	23	V7/V	False	('B-', 'D', 'F', 'A-')	B-	B-	0	dominant seventh chord	(2, 5, 8, 10)	A-	E-	5	5	V7	True	2
156	2	39.0	39	0.5	1/2	13	-4	6	8	13	26.0	D5	74	True	D	0	5/8	2.667	False	0	P2-Staff2	6	13	1.5	23	V7/V	False	('B-', 'D', 'F', 'A-')	B-	B-	0	dominant seventh chord	(2, 5, 8, 10)	A-	E-	5	5	V7	True	#4
156	2	39.0	39	0.5	1/2	13	-4	6	8	13	26.0	F4	65	True	F	0	5/8	2.667	False	0	P2-Staff2	1	13	1.5	23	V7/V	False	('B-', 'D', 'F', 'A-')	B-	B-	0	dominant seventh chord	(2, 5, 8, 10)	A-	E-	5	5	V7	True	6
156	2	39.0	39	0.5	1/2	13	-4	6	8	13	26.0	A-4	68	True	A	-1	5/8	2.667	False	0	P2-Staff2	1	13	1.5	23	V7/V	False	('B-', 'D', 'F', 'A-')	B-	B-	0	dominant seventh chord	(2, 5, 8, 10)	A-	E-	5	5	V7	True	1
156	2	39.0	39	0.5	1/2	13	-4	6	8	13	26.0	B-4	70	True	B	-1	5/8	2.667	False	0	P2-Staff2	1	13	1.5	23	V7/V	False	('B-', 'D', 'F', 'A-')	B-	B-	0	dominant seventh chord	(2, 5, 8, 10)	A-	E-	5	5	V7	True	2
158	6	39.5	79/2	1.5	3/2	14	-4	6	8	14	26.333	E-5	75	True	E	-1	0	1.0	True	1	P2-Staff2	6	14	1.5	24	V	True	('E-', 'G', 'B-')	E-	E-	0	major triad	(3, 7, 10)	A-	A-	5	None	V	True	5
158	2	39.5	79/2	0.5	1/2	14	-4	6	8	14	26.333	E-4	63	True	E	-1	0	1.0	True	1	P2-Staff2	6	14	1.5	24	V	True	('E-', 'G', 'B-')	E-	E-	0	major triad	(3, 7, 10)	A-	A-	5	None	V	True	5
158	6	39.5	79/2	1.5	3/2	14	-4	6	8	14	26.333	E-2	39	True	E	-1	0	1.0	True	1	P2-Staff2	1	14	1.5	24	V	True	('E-', 'G', 'B-')	E-	E-	0	major triad	(3, 7, 10)	A-	A-	5	None	V	True	5
158	6	39.5	79/2	1.5	3/2	14	-4	6	8	14	26.333	E-3	51	True	E	-1	0	1.0	True	1	P2-Staff2	1	14	1.5	24	V	True	('E-', 'G', 'B-')	E-	E-	0	major triad	(3, 7, 10)	A-	A-	5	None	V	True	5
160	2	40.0	40	0.5	1/2	14	-4	6	8	14	26.665999999999997	G4	67	True	G	0	1/8	1.333	False	0	P2-Staff2	6	14	1.5	24	V	False	('E-', 'G', 'B-')	E-	E-	0	major triad	(3, 7, 10)	A-	A-	5	None	V	True	7
162	2	40.5	81/2	0.5	1/2	14	-4	6	8	14	27.0	B-4	70	True	B	-1	1/4	1.667	False	0	P2-Staff2	6	14	1.5	24	V	False	('E-', 'G', 'B-')	E-	E-	0	major triad	(3, 7, 10)	A-	A-	5	None	V	True	2
164	2	41.0	41	0.5	1/2	14	-4	6	8	14	27.333	E-5	75	False	E	-1	3/8	2.0	True	2	P2-Staff2	6	14	1.5	25	V7	True	('E-', 'G', 'B-', 'D-')	E-	E-	0	dominant seventh chord	(1, 3, 7, 10)	A-	A-	5	None	V7	True	5
164	2	41.0	41	0.5	1/2	14	-4	6	8	14	27.333	D-4	61	True	D	-1	3/8	2.0	True	2	P2-Staff2	6	14	1.5	25	V7	True	('E-', 'G', 'B-', 'D-')	E-	E-	0	dominant seventh chord	(1, 3, 7, 10)	A-	A-	5	None	V7	True	4
164	6	41.0	41	1.5	3/2	14	-4	6	8	14	27.333	E-3	51	True	E	-1	3/8	2.0	True	2	P2-Staff2	1	14	1.5	25	V7	True	('E-', 'G', 'B-', 'D-')	E-	E-	0	dominant seventh chord	(1, 3, 7, 10)	A-	A-	5	None	V7	True	5
164	6	41.0	41	1.5	3/2	14	-4	6	8	14	27.333	B-3	58	True	B	-1	3/8	2.0	True	2	P2-Staff2	1	14	1.5	25	V7	True	('E-', 'G', 'B-', 'D-')	E-	E-	0	dominant seventh chord	(1, 3, 7, 10)	A-	A-	5	None	V7	True	2
166	2	41.5	83/2	0.5	1/2	14	-4	6	8	14	27.665999999999997	E-4	63	True	E	-1	1/2	2.333	False	0	P2-Staff2	6	14	1.5	25	V7	False	('E-', 'G', 'B-', 'D-')	E-	E-	0	dominant seventh chord	(1, 3, 7, 10)	A-	A-	5	None	V7	True	5
168	2	42.0	42	0.5	1/2	14	-4	6	8	14	28.0	E-5	75	True	E	-1	5/8	2.667	False	0	P2-Staff2	6	14	1.5	25	V7	False	('E-', 'G', 'B-', 'D-')	E-	E-	0	dominant seventh chord	(1, 3, 7, 10)	A-	A-	5	None	V7	True	5
168	2	42.0	42	0.5	1/2	14	-4	6	8	14	28.0	G4	67	True	G	0	5/8	2.667	False	0	P2-Staff2	6	14	1.5	25	V7	False	('E-', 'G', 'B-', 'D-')	E-	E-	0	dominant seventh chord	(1, 3, 7, 10)	A-	A-	5	None	V7	True	7
170	4	42.5	85/2	1.0	1	15	-4	6	8	15	28.333	E-5	75	True	E	-1	0	1.0	True	1	P2-Staff2	6	15	3.0	26	I	True	('A-', 'C', 'E-')	A-	A-	0	major triad	(0, 3, 8)	A-	A-	1	None	I	True	5
170	2	42.5	85/2	0.5	1/2	15	-4	6	8	15	28.333	C4	60	True	C	0	0	1.0	True	1	P2-Staff2	6	15	3.0	26	I	True	('A-', 'C', 'E-')	A-	A-	0	major triad	(0, 3, 8)	A-	A-	1	None	I	True	3
170	6	42.5	85/2	1.5	3/2	15	-4	6	8	15	28.333	A-2	44	True	A	-1	0	1.0	True	1	P2-Staff2	1	15	3.0	26	I	True	('A-', 'C', 'E-')	A-	A-	0	major triad	(0, 3, 8)	A-	A-	1	None	I	True	1
170	6	42.5	85/2	1.5	3/2	15	-4	6	8	15	28.333	A-3	56	True	A	-1	0	1.0	True	1	P2-Staff2	1	15	3.0	26	I	True	('A-', 'C', 'E-')	A-	A-	0	major triad	(0, 3, 8)	A-	A-	1	None	I	True	1
172	2	43.0	43	0.5	1/2	15	-4	6	8	15	28.665999999999997	E-4	63	True	E	-1	1/8	1.333	False	0	P2-Staff2	6	15	3.0	26	I	False	('A-', 'C', 'E-')	A-	A-	0	major triad	(0, 3, 8)	A-	A-	1	None	I	True	5
174	2	43.5	87/2	0.5	1/2	15	-4	6	8	15	29.0	C5	72	True	C	0	1/4	1.667	False	0	P2-Staff2	6	15	3.0	26	I	False	('A-', 'C', 'E-')	A-	A-	0	major triad	(0, 3, 8)	A-	A-	1	None	I	True	3
174	2	43.5	87/2	0.5	1/2	15	-4	6	8	15	29.0	A-4	68	True	A	-1	1/4	1.667	False	0	P2-Staff2	6	15	3.0	26	I	False	('A-', 'C', 'E-')	A-	A-	0	major triad	(0, 3, 8)	A-	A-	1	None	I	True	1
176	2	44.0	44	0.5	1/2	15	-4	6	8	15	29.333	A-4	68	True	A	-1	3/8	2.0	True	2	P2-Staff2	6	15	3.0	26	I	False	('A-', 'C', 'E-')	A-	A-	0	major triad	(0, 3, 8)	A-	A-	1	None	I	True	1
176	2	44.0	44	0.5	1/2	15	-4	6	8	15	29.333	C4	60	True	C	0	3/8	2.0	True	2	P2-Staff2	6	15	3.0	26	I	False	('A-', 'C', 'E-')	A-	A-	0	major triad	(0, 3, 8)	A-	A-	1	None	I	True	3
176	6	44.0	44	1.5	3/2	15	-4	6	8	15	29.333	A-2	44	True	A	-1	3/8	2.0	True	2	P2-Staff2	1	15	3.0	26	I	False	('A-', 'C', 'E-')	A-	A-	0	major triad	(0, 3, 8)	A-	A-	1	None	I	True	1
176	6	44.0	44	1.5	3/2	15	-4	6	8	15	29.333	A-3	56	True	A	-1	3/8	2.0	True	2	P2-Staff2	1	15	3.0	26	I	False	('A-', 'C', 'E-')	A-	A-	0	major triad	(0, 3, 8)	A-	A-	1	None	I	True	1
178	2	44.5	89/2	0.5	1/2	15	-4	6	8	15	29.665999999999997	B-4	70	True	B	-1	1/2	2.333	False	0	P2-Staff2	6	15	3.0	26	I	False	('A-', 'C', 'E-')	A-	A-	0	major triad	(0, 3, 8)	A-	A-	1	None	I	True	2
178	2	44.5	89/2	0.5	1/2	15	-4	6	8	15	29.665999999999997	E-4	63	True	E	-1	1/2	2.333	False	0	P2-Staff2	6	15	3.0	26	I	False	('A-', 'C', 'E-')	A-	A-	0	major triad	(0, 3, 8)	A-	A-	1	None	I	True	5
180	2	45.0	45	0.5	1/2	15	-4	6	8	15	30.0	C5	72	True	C	0	5/8	2.667	False	0	P2-Staff2	6	15	3.0	26	I	False	('A-', 'C', 'E-')	A-	A-	0	major triad	(0, 3, 8)	A-	A-	1	None	I	True	3
180	2	45.0	45	0.5	1/2	15	-4	6	8	15	30.0	A-4	68	True	A	-1	5/8	2.667	False	0	P2-Staff2	6	15	3.0	26	I	False	('A-', 'C', 'E-')	A-	A-	0	major triad	(0, 3, 8)	A-	A-	1	None	I	True	1
182	4	45.5	91/2	1.0	1	16	-4	6	8	16	30.333	E-5	75	True	E	-1	0	1.0	True	1	P2-Staff2	6	16	3.0	27	V7	True	('E-', 'G', 'B-', 'D-')	E-	E-	0	dominant seventh chord	(1, 3, 7, 10)	A-	A-	5	None	V7	True	5
182	2	45.5	91/2	0.5	1/2	16	-4	6	8	16	30.333	D-4	61	True	D	-1	0	1.0	True	1	P2-Staff2	6	16	3.0	27	V7	True	('E-', 'G', 'B-', 'D-')	E-	E-	0	dominant seventh chord	(1, 3, 7, 10)	A-	A-	5	None	V7	True	4
182	6	45.5	91/2	1.5	3/2	16	-4	6	8	16	30.333	E-3	51	True	E	-1	0	1.0	True	1	P2-Staff2	1	16	3.0	27	V7	True	('E-', 'G', 'B-', 'D-')	E-	E-	0	dominant seventh chord	(1, 3, 7, 10)	A-	A-	5	None	V7	True	5
182	6	45.5	91/2	1.5	3/2	16	-4	6	8	16	30.333	B-3	58	True	B	-1	0	1.0	True	1	P2-Staff2	1	16	3.0	27	V7	True	('E-', 'G', 'B-', 'D-')	E-	E-	0	dominant seventh chord	(1, 3, 7, 10)	A-	A-	5	None	V7	True	2
184	2	46.0	46	0.5	1/2	16	-4	6	8	16	30.665999999999997	E-4	63	True	E	-1	1/8	1.333	False	0	P2-Staff2	6	16	3.0	27	V7	False	('E-', 'G', 'B-', 'D-')	E-	E-	0	dominant seventh chord	(1, 3, 7, 10)	A-	A-	5	None	V7	True	5
186	2	46.5	93/2	0.5	1/2	16	-4	6	8	16	31.0	D5	74	True	D	0	1/4	1.667	False	0	P2-Staff2	6	16	3.0	27	V7	False	('E-', 'G', 'B-', 'D-')	E-	E-	0	dominant seventh chord	(1, 3, 7, 10)	A-	A-	5	None	V7	True	#4
186	2	46.5	93/2	0.5	1/2	16	-4	6	8	16	31.0	G4	67	True	G	0	1/4	1.667	False	0	P2-Staff2	6	16	3.0	27	V7	False	('E-', 'G', 'B-', 'D-')	E-	E-	0	dominant seventh chord	(1, 3, 7, 10)	A-	A-	5	None	V7	True	7
188	4	47.0	47	1.0	1	16	-4	6	8	16	31.333	D-5	73	True	D	-1	3/8	2.0	True	2	P2-Staff2	6	16	3.0	27	V7	False	('E-', 'G', 'B-', 'D-')	E-	E-	0	dominant seventh chord	(1, 3, 7, 10)	A-	A-	5	None	V7	True	4
188	2	47.0	47	0.5	1/2	16	-4	6	8	16	31.333	D-4	61	True	D	-1	3/8	2.0	True	2	P2-Staff2	6	16	3.0	27	V7	False	('E-', 'G', 'B-', 'D-')	E-	E-	0	dominant seventh chord	(1, 3, 7, 10)	A-	A-	5	None	V7	True	4
188	6	47.0	47	1.5	3/2	16	-4	6	8	16	31.333	E-3	51	True	E	-1	3/8	2.0	True	2	P2-Staff2	1	16	3.0	27	V7	False	('E-', 'G', 'B-', 'D-')	E-	E-	0	dominant seventh chord	(1, 3, 7, 10)	A-	A-	5	None	V7	True	5
188	6	47.0	47	1.5	3/2	16	-4	6	8	16	31.333	B-3	58	True	B	-1	3/8	2.0	True	2	P2-Staff2	1	16	3.0	27	V7	False	('E-', 'G', 'B-', 'D-')	E-	E-	0	dominant seventh chord	(1, 3, 7, 10)	A-	A-	5	None	V7	True	2
190	2	47.5	95/2	0.5	1/2	16	-4	6	8	16	31.665999999999997	E-4	63	True	E	-1	1/2	2.333	False	0	P2-Staff2	6	16	3.0	27	V7	False	('E-', 'G', 'B-', 'D-')	E-	E-	0	dominant seventh chord	(1, 3, 7, 10)	A-	A-	5	None	V7	True	5
192	2	48.0	48	0.5	1/2	16	-4	6	8	16	32.0	D-5	73	True	D	-1	5/8	2.667	False	0	P2-Staff2	6	16	3.0	27	V7	False	('E-', 'G', 'B-', 'D-')	E-	E-	0	dominant seventh chord	(1, 3, 7, 10)	A-	A-	5	None	V7	True	4
192	2	48.0	48	0.5	1/2	16	-4	6	8	16	32.0	G4	67	True	G	0	5/8	2.667	False	0	P2-Staff2	6	16	3.0	27	V7	False	('E-', 'G', 'B-', 'D-')	E-	E-	0	dominant seventh chord	(1, 3, 7, 10)	A-	A-	5	None	V7	True	7
194	2	48.5	97/2	0.5	1/2	17	-4	6	8	17	32.333	C5	72	True	C	0	0	1.0	True	1	P2-Staff2	6	17	1.5	28	I	True	('A-', 'C', 'E-')	A-	A-	0	major triad	(0, 3, 8)	A-	A-	1	None	I	True	3
194	2	48.5	97/2	0.5	1/2	17	-4	6	8	17	32.333	C4	60	True	C	0	0	1.0	True	1	P2-Staff2	6	17	1.5	28	I	True	('A-', 'C', 'E-')	A-	A-	0	major triad	(0, 3, 8)	A-	A-	1	None	I	True	3
194	6	48.5	97/2	1.5	3/2	17	-4	6	8	17	32.333	A-2	44	True	A	-1	0	1.0	True	1	P2-Staff2	1	17	1.5	28	I	True	('A-', 'C', 'E-')	A-	A-	0	major triad	(0, 3, 8)	A-	A-	1	None	I	True	1
194	6	48.5	97/2	1.5	3/2	17	-4	6	8	17	32.333	A-3	56	True	A	-1	0	1.0	True	1	P2-Staff2	1	17	1.5	28	I	True	('A-', 'C', 'E-')	A-	A-	0	major triad	(0, 3, 8)	A-	A-	1	None	I	True	1
196	2	49.0	49	0.5	1/2	17	-4	6	8	17	32.666	D-5	73	True	D	-1	1/8	1.333	False	0	P2-Staff2	6	17	1.5	28	I	False	('A-', 'C', 'E-')	A-	A-	0	major triad	(0, 3, 8)	A-	A-	1	None	I	True	4
196	2	49.0	49	0.5	1/2	17	-4	6	8	17	32.666	E-4	63	True	E	-1	1/8	1.333	False	0	P2-Staff2	6	17	1.5	28	I	False	('A-', 'C', 'E-')	A-	A-	0	major triad	(0, 3, 8)	A-	A-	1	None	I	True	5
198	2	49.5	99/2	0.5	1/2	17	-4	6	8	17	33.0	C5	72	True	C	0	1/4	1.667	False	0	P2-Staff2	6	17	1.5	28	I	False	('A-', 'C', 'E-')	A-	A-	0	major triad	(0, 3, 8)	A-	A-	1	None	I	True	3
198	2	49.5	99/2	0.5	1/2	17	-4	6	8	17	33.0	A-4	68	True	A	-1	1/4	1.667	False	0	P2-Staff2	6	17	1.5	28	I	False	('A-', 'C', 'E-')	A-	A-	0	major triad	(0, 3, 8)	A-	A-	1	None	I	True	1
200	2	50.0	50	0.5	1/2	17	-4	6	8	17	33.333	B-4	70	True	B	-1	3/8	2.0	True	2	P2-Staff2	6	17	1.5	29	V7	True	('E-', 'G', 'B-', 'D-')	E-	E-	0	dominant seventh chord	(1, 3, 7, 10)	A-	A-	5	None	V7	True	2
200	2	50.0	50	0.5	1/2	17	-4	6	8	17	33.333	D-4	61	True	D	-1	3/8	2.0	True	2	P2-Staff2	6	17	1.5	29	V7	True	('E-', 'G', 'B-', 'D-')	E-	E-	0	dominant seventh chord	(1, 3, 7, 10)	A-	A-	5	None	V7	True	4
200	6	50.0	50	1.5	3/2	17	-4	6	8	17	33.333	E-3	51	True	E	-1	3/8	2.0	True	2	P2-Staff2	1	17	1.5	29	V7	True	('E-', 'G', 'B-', 'D-')	E-	E-	0	dominant seventh chord	(1, 3, 7, 10)	A-	A-	5	None	V7	True	5
200	6	50.0	50	1.5	3/2	17	-4	6	8	17	33.333	B-3	58	True	B	-1	3/8	2.0	True	2	P2-Staff2	1	17	1.5	29	V7	True	('E-', 'G', 'B-', 'D-')	E-	E-	0	dominant seventh chord	(1, 3, 7, 10)	A-	A-	5	None	V7	True	2
202	2	50.5	101/2	0.5	1/2	17	-4	6	8	17	33.666	A-4	68	True	A	-1	1/2	2.333	False	0	P2-Staff2	6	17	1.5	29	V7	False	('E-', 'G', 'B-', 'D-')	E-	E-	0	dominant seventh chord	(1, 3, 7, 10)	A-	A-	5	None	V7	True	1
202	2	50.5	101/2	0.5	1/2	17	-4	6	8	17	33.666	E-4	63	True	E	-1	1/2	2.333	False	0	P2-Staff2	6	17	1.5	29	V7	False	('E-', 'G', 'B-', 'D-')	E-	E-	0	dominant seventh chord	(1, 3, 7, 10)	A-	A-	5	None	V7	True	5
204	2	51.0	51	0.5	1/2	17	-4	6	8	17	34.0	B-4	70	True	B	-1	5/8	2.667	False	0	P2-Staff2	6	17	1.5	29	V7	False	('E-', 'G', 'B-', 'D-')	E-	E-	0	dominant seventh chord	(1, 3, 7, 10)	A-	A-	5	None	V7	True	2
204	2	51.0	51	0.5	1/2	17	-4	6	8	17	34.0	G4	67	True	G	0	5/8	2.667	False	0	P2-Staff2	6	17	1.5	29	V7	False	('E-', 'G', 'B-', 'D-')	E-	E-	0	dominant seventh chord	(1, 3, 7, 10)	A-	A-	5	None	V7	True	7
206	6	51.5	103/2	1.5	3/2	18	-4	6	8	18	34.333	A-4	68	True	A	-1	0	1.0	True	1	P2-Staff2	6	18	3.0	30	I	True	('A-', 'C', 'E-')	A-	A-	0	major triad	(0, 3, 8)	A-	A-	1	None	I	True	1
206	2	51.5	103/2	0.5	1/2	18	-4	6	8	18	34.333	C4	60	True	C	0	0	1.0	True	1	P2-Staff2	6	18	3.0	30	I	True	('A-', 'C', 'E-')	A-	A-	0	major triad	(0, 3, 8)	A-	A-	1	None	I	True	3
206	6	51.5	103/2	1.5	3/2	18	-4	6	8	18	34.333	A-2	44	True	A	-1	0	1.0	True	1	P2-Staff2	1	18	3.0	30	I	True	('A-', 'C', 'E-')	A-	A-	0	major triad	(0, 3, 8)	A-	A-	1	None	I	True	1
206	6	51.5	103/2	1.5	3/2	18	-4	6	8	18	34.333	A-3	56	True	A	-1	0	1.0	True	1	P2-Staff2	1	18	3.0	30	I	True	('A-', 'C', 'E-')	A-	A-	0	major triad	(0, 3, 8)	A-	A-	1	None	I	True	1
208	2	52.0	52	0.5	1/2	18	-4	6	8	18	34.666	E-4	63	True	E	-1	1/8	1.333	False	0	P2-Staff2	6	18	3.0	30	I	False	('A-', 'C', 'E-')	A-	A-	0	major triad	(0, 3, 8)	A-	A-	1	None	I	True	5
210	2	52.5	105/2	0.5	1/2	18	-4	6	8	18	35.0	A-4	68	True	A	-1	1/4	1.667	False	0	P2-Staff2	6	18	3.0	30	I	False	('A-', 'C', 'E-')	A-	A-	0	major triad	(0, 3, 8)	A-	A-	1	None	I	True	1
212	4	53.0	53	1.0	1	18	-4	6	8	18	35.333	C4	60	True	C	0	3/8	2.0	True	2	P2-Staff2	1	18	3.0	30	I	False	('A-', 'C', 'E-')	A-	A-	0	major triad	(0, 3, 8)	A-	A-	1	None	I	True	3
212	4	53.0	53	1.0	1	18	-4	6	8	18	35.333	E-4	63	True	E	-1	3/8	2.0	True	2	P2-Staff2	1	18	3.0	30	I	False	('A-', 'C', 'E-')	A-	A-	0	major triad	(0, 3, 8)	A-	A-	1	None	I	True	5
212	4	53.0	53	1.0	1	18	-4	6	8	18	35.333	A-4	68	True	A	-1	3/8	2.0	True	2	P2-Staff2	1	18	3.0	30	I	False	('A-', 'C', 'E-')	A-	A-	0	major triad	(0, 3, 8)	A-	A-	1	None	I	True	1
212	4	53.0	53	1.0	1	18	-4	6	8	18	35.333	A-1	32	True	A	-1	3/8	2.0	True	2	P2-Staff2	1	18	3.0	30	I	False	('A-', 'C', 'E-')	A-	A-	0	major triad	(0, 3, 8)	A-	A-	1	None	I	True	1
212	4	53.0	53	1.0	1	18	-4	6	8	18	35.333	A-2	44	True	A	-1	3/8	2.0	True	2	P2-Staff2	1	18	3.0	30	I	False	('A-', 'C', 'E-')	A-	A-	0	major triad	(0, 3, 8)	A-	A-	1	None	I	True	1
216	2	54.0	54	0.5	1/2	19	-4	6	8	19	36.0	E-5	75	True	E	-1	0	1.0	True	1	P2-Staff2	6	18	3.0	30	I	False	('A-', 'C', 'E-')	A-	A-	0	major triad	(0, 3, 8)	A-	A-	1	None	I	True	5
218	4	54.5	109/2	1.0	1	20	-4	6	8	20	36.333	E-5	75	True	E	-1	0	1.0	True	1	P2-Staff2	6	18	3.0	30	I	False	('A-', 'C', 'E-')	A-	A-	0	major triad	(0, 3, 8)	A-	A-	1	None	I	True	5
218	2	54.5	109/2	0.5	1/2	20	-4	6	8	20	36.333	C4	60	True	C	0	0	1.0	True	1	P2-Staff2	6	18	3.0	30	I	False	('A-', 'C', 'E-')	A-	A-	0	major triad	(0, 3, 8)	A-	A-	1	None	I	True	3
218	6	54.5	109/2	1.5	3/2	20	-4	6	8	20	36.333	A-2	44	True	A	-1	0	1.0	True	1	P2-Staff2	1	18	3.0	30	I	False	('A-', 'C', 'E-')	A-	A-	0	major triad	(0, 3, 8)	A-	A-	1	None	I	True	1
218	6	54.5	109/2	1.5	3/2	20	-4	6	8	20	36.333	A-3	56	True	A	-1	0	1.0	True	1	P2-Staff2	1	18	3.0	30	I	False	('A-', 'C', 'E-')	A-	A-	0	major triad	(0, 3, 8)	A-	A-	1	None	I	True	1
220	2	55.0	55	0.5	1/2	20	-4	6	8	20	36.666	E-4	63	True	E	-1	1/8	1.333	False	0	P2-Staff2	6	18	3.0	30	I	False	('A-', 'C', 'E-')	A-	A-	0	major triad	(0, 3, 8)	A-	A-	1	None	I	True	5
222	2	55.5	111/2	0.5	1/2	20	-4	6	8	20	37.0	C5	72	True	C	0	1/4	1.667	False	0	P2-Staff2	6	18	3.0	30	I	False	('A-', 'C', 'E-')	A-	A-	0	major triad	(0, 3, 8)	A-	A-	1	None	I	True	3
222	2	55.5	111/2	0.5	1/2	20	-4	6	8	20	37.0	A-4	68	True	A	-1	1/4	1.667	False	0	P2-Staff2	6	18	3.0	30	I	False	('A-', 'C', 'E-')	A-	A-	0	major triad	(0, 3, 8)	A-	A-	1	None	I	True	1
224	3	56.0	56	0.75	3/4	20	-4	6	8	20	37.333	A-4	68	True	A	-1	3/8	2.0	True	2	P2-Staff2	6	18	3.0	30	I	False	('A-', 'C', 'E-')	A-	A-	0	major triad	(0, 3, 8)	A-	A-	1	None	I	True	1
224	2	56.0	56	0.5	1/2	20	-4	6	8	20	37.333	C4	60	True	C	0	3/8	2.0	True	2	P2-Staff2	6	18	3.0	30	I	False	('A-', 'C', 'E-')	A-	A-	0	major triad	(0, 3, 8)	A-	A-	1	None	I	True	3
224	6	56.0	56	1.5	3/2	20	-4	6	8	20	37.333	A-2	44	True	A	-1	3/8	2.0	True	2	P2-Staff2	1	18	3.0	30	I	False	('A-', 'C', 'E-')	A-	A-	0	major triad	(0, 3, 8)	A-	A-	1	None	I	True	1
224	6	56.0	56	1.5	3/2	20	-4	6	8	20	37.333	A-3	56	True	A	-1	3/8	2.0	True	2	P2-Staff2	1	18	3.0	30	I	False	('A-', 'C', 'E-')	A-	A-	0	major triad	(0, 3, 8)	A-	A-	1	None	I	True	1
226	2	56.5	113/2	0.5	1/2	20	-4	6	8	20	37.666	E-4	63	True	E	-1	1/2	2.333	False	0	P2-Staff2	6	18	3.0	30	I	False	('A-', 'C', 'E-')	A-	A-	0	major triad	(0, 3, 8)	A-	A-	1	None	I	True	5
227	1	56.75	227/4	0.25	1/4	20	-4	6	8	20	37.833	A-5	80	True	A	-1	9/16	2.5	False	0	P2-Staff2	6	18	3.0	30	I	False	('A-', 'C', 'E-')	A-	A-	0	major triad	(0, 3, 8)	A-	A-	1	None	I	True	1
228	1	57.0	57	0.25	1/4	20	-4	6	8	20	38.0	G5	79	True	G	0	5/8	2.667	False	0	P2-Staff2	6	18	3.0	30	I	False	('A-', 'C', 'E-')	A-	A-	0	major triad	(0, 3, 8)	A-	A-	1	None	I	True	7
228	2	57.0	57	0.5	1/2	20	-4	6	8	20	38.0	A-4	68	True	A	-1	5/8	2.667	False	0	P2-Staff2	6	18	3.0	30	I	False	('A-', 'C', 'E-')	A-	A-	0	major triad	(0, 3, 8)	A-	A-	1	None	I	True	1
229	1	57.25	229/4	0.25	1/4	20	-4	6	8	20	38.166	F5	77	True	F	0	11/16	2.833	False	0	P2-Staff2	6	18	3.0	30	I	False	('A-', 'C', 'E-')	A-	A-	0	major triad	(0, 3, 8)	A-	A-	1	None	I	True	6
