s_offset	s_duration	s_measure	s_notes	s_intervals	s_isOnset
0.0	0.3333	1	['E2', 'E3', 'G#4']	['P1', 'M3']	[True, True, True]
0.3333	0.1667	1	['E2', 'E3', 'B3', 'E4', 'G#4']	['P1', 'P5', 'P1', 'M3']	[False, False, True, True, False]
0.5	0.1667	1	['B3', 'E4', 'G#4']	['P4', 'M6']	[False, False, False]
0.6667	0.3333	1	['B3', 'E4', 'G#4']	['P4', 'M6']	[True, True, False]
1.0	0.3333	1	['D#2', 'D#3', 'G#4']	['P1', 'P4']	[True, True, False]
1.3333	0.1667	1	['D#2', 'D#3', 'B3', 'E4', 'G#4']	['P1', 'm6', 'm2', 'P4']	[False, False, True, True, False]
1.5	0.1667	1	['B3', 'E4', 'G#4']	['P4', 'M6']	[False, False, False]
1.6667	0.3333	1	['B3', 'E4', 'G#4']	['P4', 'M6']	[True, True, False]
2.0	0.3333	1	['E2', 'E3', 'G#4']	['P1', 'M3']	[True, True, False]
2.3333	0.1667	1	['E2', 'E3', 'B3', 'E4', 'G#4']	['P1', 'P5', 'P1', 'M3']	[False, False, True, True, False]
2.5	0.1667	1	['B3', 'E4', 'G#4', 'A4']	['P4', 'M6', 'm7']	[False, False, False, True]
2.6667	0.3333	1	['B3', 'E4', 'G#4', 'A4']	['P4', 'M6', 'm7']	[True, True, True, False]
3.0	0.3333	1	['B1', 'B2', 'A#4']	['P1', 'M7']	[True, True, True]
3.3333	0.1667	1	['B1', 'B2', 'B3', 'E4', 'G#4', 'A#4']	['P1', 'P1', 'P4', 'M6', 'M7']	[False, False, True, True, True, False]
3.5	0.1667	1	['B3', 'E4', 'G#4', 'B4']	['P4', 'M6', 'P1']	[False, False, False, True]
3.6667	0.3333	1	['B3', 'E4', 'G#4', 'B4']	['P4', 'M6', 'P1']	[True, True, True, False]
4.0	0.3333	2	['F#2', 'F#3', 'C#5']	['P1', 'P5']	[True, True, True]
4.3333	0.1667	2	['F#2', 'F#3', 'B3', 'D#4', 'A4', 'C#5']	['P1', 'P4', 'M6', 'm3', 'P5']	[False, False, True, True, True, False]
4.5	0.1667	2	['B3', 'D#4', 'A4', 'C#5']	['M3', 'm7', 'M2']	[False, False, False, False]
4.6667	0.3333	2	['B3', 'D#4', 'A4', 'C#5']	['M3', 'm7', 'M2']	[True, True, True, False]
5.0	0.3333	2	['E#2', 'E#3', 'C#5']	['P1', 'm6']	[True, True, False]
5.3333	0.1667	2	['E#2', 'E#3', 'B3', 'D#4', 'A4', 'C#5']	['P1', 'd5', 'm7', 'd4', 'm6']	[False, False, True, True, True, False]
5.5	0.1667	2	['B3', 'D#4', 'A4', 'C#5']	['M3', 'm7', 'M2']	[False, False, False, False]
5.6667	0.3333	2	['B3', 'D#4', 'A4', 'C#5']	['M3', 'm7', 'M2']	[True, True, True, False]
6.0	0.3333	2	['F#2', 'F#3', 'B4']	['P1', 'P4']	[True, True, True]
6.3333	0.1667	2	['F#2', 'F#3', 'B3', 'D#4', 'A4', 'B4']	['P1', 'P4', 'M6', 'm3', 'P4']	[False, False, True, True, True, False]
6.5	0.1667	2	['B3', 'D#4', 'A4', 'B4']	['M3', 'm7', 'P1']	[False, False, False, False]
6.6667	0.3333	2	['B3', 'D#4', 'A4', 'B4']	['M3', 'm7', 'P1']	[True, True, True, False]
7.0	0.3333	2	['B1', 'B2']	['P1']	[True, True]
7.3333	0.1667	2	['B1', 'B2', 'B3', 'D#4', 'A4']	['P1', 'P1', 'M3', 'm7']	[False, False, True, True, True]
7.5	0.1667	2	['B3', 'D#4', 'A4']	['M3', 'm7']	[False, False, False]
7.6667	0.3333	2	['B3', 'D#4', 'A4']	['M3', 'm7']	[True, True, True]
8.0	0.3333	3	['E2', 'E3', 'G#4']	['P1', 'M3']	[True, True, True]
8.3333	0.1667	3	['E2', 'E3', 'B3', 'E4', 'G#4']	['P1', 'P5', 'P1', 'M3']	[False, False, True, True, False]
8.5	0.1667	3	['B3', 'E4', 'G#4']	['P4', 'M6']	[False, False, False]
8.6667	0.3333	3	['B3', 'E4', 'G#4']	['P4', 'M6']	[True, True, False]
9.0	0.3333	3	['D#2', 'D#3', 'G#4']	['P1', 'P4']	[True, True, False]
9.3333	0.1667	3	['D#2', 'D#3', 'B3', 'E4', 'G#4']	['P1', 'm6', 'm2', 'P4']	[False, False, True, True, False]
9.5	0.1667	3	['B3', 'E4', 'G#4']	['P4', 'M6']	[False, False, False]
9.6667	0.3333	3	['B3', 'E4', 'G#4']	['P4', 'M6']	[True, True, False]
10.0	0.3333	3	['C#2', 'C#3', 'D#5']	['P1', 'M2']	[True, True, True]
10.3333	0.1667	3	['C#2', 'C#3', 'A#3', 'E4', 'F#4', 'D#5']	['P1', 'M6', 'm3', 'P4', 'M2']	[False, False, True, True, True, False]
10.5	0.1667	3	['A#3', 'E4', 'F#4', 'D#5']	['d5', 'm6', 'P4']	[False, False, False, False]
10.6667	0.3333	3	['A#3', 'E4', 'F#4', 'D#5']	['d5', 'm6', 'P4']	[True, True, True, False]
11.0	0.3333	3	['F#1', 'F#2', 'D#5']	['P1', 'M6']	[True, True, False]
11.3333	0.1667	3	['F#1', 'F#2', 'A#3', 'E4', 'F#4', 'D#5']	['P1', 'M3', 'm7', 'P1', 'M6']	[False, False, True, True, True, False]
11.5	0.1667	3	['A#3', 'E4', 'F#4', 'C#5']	['d5', 'm6', 'm3']	[False, False, False, True]
11.6667	0.3333	3	['A#3', 'E4', 'F#4', 'C#5']	['d5', 'm6', 'm3']	[True, True, True, False]
12.0	0.3333	4	['B1', 'B2', 'F#4']	['P1', 'P5']	[True, True, True]
12.3333	0.1667	4	['B1', 'B2', 'B3', 'D#4', 'F#4']	['P1', 'P1', 'M3', 'P5']	[False, False, True, True, False]
12.5	0.1667	4	['B3', 'D#4', 'F#4']	['M3', 'P5']	[False, False, False]
12.6667	0.3333	4	['B3', 'D#4', 'F#4']	['M3', 'P5']	[True, True, False]
13.0	0.3333	4	['A#1', 'A#2', 'F#4']	['P1', 'm6']	[True, True, False]
13.3333	0.1667	4	['A#1', 'A#2', 'B3', 'D#4', 'F#4']	['P1', 'm2', 'P4', 'm6']	[False, False, True, True, False]
13.5	0.1667	4	['B3', 'D#4', 'F#4']	['M3', 'P5']	[False, False, False]
13.6667	0.3333	4	['B3', 'D#4', 'F#4']	['M3', 'P5']	[True, True, False]
14.0	0.3333	4	['B1', 'B2']	['P1']	[True, True]
14.3333	0.1667	4	['B1', 'B2', 'B3', 'D#4', 'F#4']	['P1', 'P1', 'M3', 'P5']	[False, False, True, True, True]
14.5	0.1667	4	['B3', 'D#4', 'F#4']	['M3', 'P5']	[False, False, False]
14.6667	0.3333	4	['B3', 'D#4', 'F#4']	['M3', 'P5']	[True, True, True]
15.0	0.3333	4	['D#2', 'D#3']	['P1']	[True, True]
15.3333	0.1667	4	['D#2', 'D#3', 'B3', 'D#4', 'F#4']	['P1', 'm6', 'P1', 'm3']	[False, False, True, True, True]
15.5	0.1667	4	['B3', 'D#4', 'F#4']	['M3', 'P5']	[False, False, False]
15.6667	0.3333	4	['B3', 'D#4', 'F#4']	['M3', 'P5']	[True, True, True]
16.0	0.3333	5	['F#3', 'F#4']	['P1']	[True, True]
16.3333	0.1667	5	['F#3', 'B3', 'D#4', 'F#4']	['P4', 'M6', 'P1']	[False, True, True, False]
16.5	0.1667	5	['B3', 'D#4', 'F#4']	['M3', 'P5']	[False, False, False]
16.6667	0.3333	5	['B3', 'D#4', 'F#4']	['M3', 'P5']	[True, True, False]
17.0	0.3333	5	['B3', 'F#4']	['P5']	[True, False]
17.3333	0.1667	5	['B3', 'D#4', 'F#4']	['M3', 'P5']	[False, True, False]
17.5	0.1667	5	['B3', 'D#4', 'F#4']	['M3', 'P5']	[False, False, False]
17.6667	0.3333	5	['B3', 'D#4', 'F#4']	['M3', 'P5']	[True, True, False]
18.0	0.3333	5	['A#3', 'F#4']	['m6']	[True, True]
18.3333	0.1667	5	['A#3', 'C#4', 'E4', 'F#4']	['m3', 'd5', 'm6']	[False, True, True, False]
18.5	0.1667	5	['C#4', 'E4', 'F#4']	['m3', 'P4']	[False, False, False]
18.6667	0.3333	5	['C#4', 'E4', 'F#4']	['m3', 'P4']	[True, True, False]
19.0	0.3333	5	['A3', 'F#4']	['M6']	[True, True]
19.3333	0.1667	5	['A3', 'B3', 'D#4', 'F#4']	['M2', 'A4', 'M6']	[False, True, True, False]
19.5	0.1667	5	['B3', 'D#4', 'F#4']	['M3', 'P5']	[False, False, False]
19.6667	0.3333	5	['B3', 'D#4', 'F#4']	['M3', 'P5']	[True, True, False]
20.0	0.3333	6	['G#3', 'B4']	['m3']	[True, True]
20.3333	0.3333	6	['G#3', 'B3', 'E4', 'B4']	['m3', 'm6', 'm3']	[False, True, True, False]
20.6667	0.3333	6	['G#3', 'B3', 'E4', 'B4']	['m3', 'm6', 'm3']	[False, True, True, False]
21.0	0.3333	6	['F#3']	[]	[True]
21.3333	0.3333	6	['F#3', 'B3', 'D#4', 'A4']	['P4', 'M6', 'm3']	[False, True, True, True]
21.6667	0.3333	6	['F#3', 'B3', 'D#4', 'A4']	['P4', 'M6', 'm3']	[False, True, True, True]
22.0	0.3333	6	['E3', 'E5']	['P1']	[True, True]
22.3333	0.3333	6	['E3', 'B3', 'E4', 'G#4', 'E5']	['P5', 'P1', 'M3', 'P1']	[False, True, True, True, False]
22.6667	0.3333	6	['E3', 'B3', 'E4', 'G#4', 'E5']	['P5', 'P1', 'M3', 'P1']	[False, True, True, True, False]
23.0	0.3333	6	['C3', 'E5']	['M3']	[True, False]
23.3333	0.3333	6	['C3', 'A#3', 'E4', 'F##4', 'E5']	['A6', 'M3', 'AA4', 'M3']	[False, True, True, True, False]
23.6667	0.3333	6	['C3', 'A#3', 'E4', 'F##4', 'E5']	['A6', 'M3', 'AA4', 'M3']	[False, True, True, True, False]
24.0	0.3333	7	['B2', 'E5']	['P4']	[True, False]
24.3333	0.3333	7	['B2', 'B3', 'E4', 'G#4', 'E5']	['P1', 'P4', 'M6', 'P4']	[False, True, True, True, False]
24.6667	0.3333	7	['B2', 'B3', 'E4', 'G#4', 'E5']	['P1', 'P4', 'M6', 'P4']	[False, True, True, True, False]
25.0	0.3333	7	['A#2', 'E5']	['d5']	[True, False]
25.3333	0.3333	7	['A#2', 'B3', 'E4', 'G#4', 'E5']	['m2', 'd5', 'm7', 'd5']	[False, True, True, True, False]
25.6667	0.3333	7	['A#2', 'B3', 'E4', 'G#4', 'E5']	['m2', 'd5', 'm7', 'd5']	[False, True, True, True, False]
26.0	0.3333	7	['B2', 'D#5']	['M3']	[True, True]
26.3333	0.1667	7	['B2', 'A3', 'D#4', 'F#4', 'D#5']	['m7', 'M3', 'P5', 'M3']	[False, True, True, True, False]
26.5	0.1667	7	['B2', 'A3', 'D#4', 'F#4', 'B4']	['m7', 'M3', 'P5', 'P1']	[False, False, False, False, True]
26.6667	0.3333	7	['B2', 'A3', 'D#4', 'F#4', 'B4']	['m7', 'M3', 'P5', 'P1']	[False, True, True, True, False]
27.0	0.3333	7	['B1', 'A4']	['m7']	[True, True]
27.3333	0.1667	7	['B1', 'A3', 'D#4', 'F#4', 'A4']	['m7', 'M3', 'P5', 'm7']	[False, True, True, True, False]
27.5	0.1667	7	['B1', 'A3', 'D#4', 'F#4']	['m7', 'M3', 'P5']	[False, False, False, False]
27.6667	0.3333	7	['B1', 'A3', 'D#4', 'F#4']	['m7', 'M3', 'P5']	[False, True, True, False]
28.0	0.3333	8	['E2', 'E4']	['P1']	[True, True]
28.3333	0.3333	8	['E2', 'G#3', 'B3', 'E4']	['M3', 'P5', 'P1']	[False, True, True, False]
28.6667	0.3333	8	['E2', 'G#3', 'B3', 'E4']	['M3', 'P5', 'P1']	[False, True, True, False]
29.0	0.3333	8	['A#2', 'E4']	['d5']	[True, False]
29.3333	0.3333	8	['A#2', 'G#3', 'B3', 'E4']	['m7', 'm2', 'd5']	[False, True, True, False]
29.6667	0.3333	8	['A#2', 'G#3', 'B3', 'E4']	['m7', 'm2', 'd5']	[False, True, True, False]
30.0	0.3333	8	['B2']	[]	[True]
30.3333	0.3333	8	['B2', 'B3', 'E4', 'G#4']	['P1', 'P4', 'M6']	[False, True, True, True]
30.6667	0.3333	8	['B2', 'B3', 'E4', 'G#4']	['P1', 'P4', 'M6']	[False, True, True, True]
31.0	0.3333	8	['E2']	[]	[True]
31.3333	0.3333	8	['E2', 'B3', 'E4', 'G#4']	['P5', 'P1', 'M3']	[False, True, True, True]
31.6667	0.3333	8	['E2', 'B3', 'E4', 'G#4']	['P5', 'P1', 'M3']	[False, True, True, True]
32.0	0.3333	9	['D#2']	[]	[True]
32.3333	0.3333	9	['D#2', 'B3', 'F#4', 'A4']	['m6', 'm3', 'd5']	[False, True, True, True]
32.6667	0.3333	9	['D#2', 'B3', 'F#4', 'A4']	['m6', 'm3', 'd5']	[False, True, True, True]
33.0	0.3333	9	['B1']	[]	[True]
33.3333	0.3333	9	['B1', 'B3', 'F#4', 'A4']	['P1', 'P5', 'm7']	[False, True, True, True]
33.6667	0.3333	9	['B1', 'B3', 'F#4', 'A4']	['P1', 'P5', 'm7']	[False, True, True, True]
34.0	0.3333	9	['E2']	[]	[True]
34.3333	0.3333	9	['E2', 'B3', 'E4', 'G#4']	['P5', 'P1', 'M3']	[False, True, True, True]
34.6667	0.3333	9	['E2', 'B3', 'E4', 'G#4']	['P5', 'P1', 'M3']	[False, True, True, True]
35.0	0.3333	9	['G#2']	[]	[True]
35.3333	0.3333	9	['G#2', 'B3', 'E4', 'G#4']	['m3', 'm6', 'P1']	[False, True, True, True]
35.6667	0.3333	9	['G#2', 'B3', 'E4', 'G#4']	['m3', 'm6', 'P1']	[False, True, True, True]
36.0	0.3333	10	['B2']	[]	[True]
36.3333	0.3333	10	['B2', 'B3', 'E4', 'G#4']	['P1', 'P4', 'M6']	[False, True, True, True]
36.6667	0.3333	10	['B2', 'B3', 'E4', 'G#4']	['P1', 'P4', 'M6']	[False, True, True, True]
37.0	0.3333	10	['A#2']	[]	[True]
37.3333	0.3333	10	['A#2', 'B3', 'E4', 'G#4']	['m2', 'd5', 'm7']	[False, True, True, True]
37.6667	0.3333	10	['A#2', 'B3', 'E4', 'G#4']	['m2', 'd5', 'm7']	[False, True, True, True]
38.0	0.3333	10	['B2']	[]	[True]
38.3333	0.3333	10	['B2', 'B3', 'D#4', 'F#4']	['P1', 'M3', 'P5']	[False, True, True, True]
38.6667	0.3333	10	['B2', 'B3', 'D#4', 'F#4']	['P1', 'M3', 'P5']	[False, True, True, True]
39.0	0.3333	10	['B3']	[]	[True]
39.3333	0.3333	10	['B3', 'F#4', 'B4', 'D#5']	['P5', 'P1', 'M3']	[False, True, True, True]
39.6667	0.3333	10	['B3', 'F#4', 'B4', 'D#5']	['P5', 'P1', 'M3']	[False, True, True, True]
40.0	0.3333	11	['F#1', 'F#2', 'F#4']	['P1', 'P1']	[True, True, True]
40.3333	0.3333	11	['F#1', 'F#2', 'A#3', 'E4', 'F#4']	['P1', 'M3', 'm7', 'P1']	[False, False, True, True, False]
40.6667	0.3333	11	['F#1', 'F#2', 'A#3', 'E4', 'F#4']	['P1', 'M3', 'm7', 'P1']	[False, False, True, True, False]
41.0	0.3333	11	['G#1', 'G#2', 'F#4']	['P1', 'm7']	[True, True, False]
41.3333	0.3333	11	['G#1', 'G#2', 'B3', 'E4', 'F#4']	['P1', 'm3', 'm6', 'm7']	[False, False, True, True, False]
41.6667	0.3333	11	['G#1', 'G#2', 'B3', 'E4', 'F#4']	['P1', 'm3', 'm6', 'm7']	[False, False, True, True, False]
42.0	0.3333	11	['G##1', 'G##2', 'F#4']	['P1', 'd7']	[True, True, True]
42.3333	0.3333	11	['G##1', 'G##2', 'B#3', 'E4', 'F#4']	['P1', 'm3', 'd6', 'd7']	[False, False, True, True, False]
42.6667	0.3333	11	['G##1', 'G##2', 'B#3', 'E4', 'F#4']	['P1', 'm3', 'd6', 'd7']	[False, False, True, True, False]
43.0	0.3333	11	['A#1', 'A#2', 'F#4']	['P1', 'm6']	[True, True, True]
43.3333	0.3333	11	['A#1', 'A#2', 'A#3', 'E4', 'F#4']	['P1', 'P1', 'd5', 'm6']	[False, False, True, True, False]
43.6667	0.3333	11	['A#1', 'A#2', 'A#3', 'E4', 'F#4']	['P1', 'P1', 'd5', 'm6']	[False, False, True, True, False]
44.0	0.3333	12	['B1', 'B2', 'G#4']	['P1', 'M6']	[True, True, True]
44.3333	0.3333	12	['B1', 'B2', 'B3', 'E4', 'F#4', 'G#4']	['P1', 'P1', 'P4', 'P5', 'M6']	[False, False, True, True, True, False]
44.6667	0.3333	12	['B1', 'B2', 'B3', 'E4', 'F#4', 'G#4']	['P1', 'P1', 'P4', 'P5', 'M6']	[False, False, True, True, True, False]
45.0	0.3333	12	['C#2', 'C#3', 'G#4']	['P1', 'P5']	[True, True, False]
45.3333	0.3333	12	['C#2', 'C#3', 'A#3', 'E4', 'F#4', 'G#4']	['P1', 'M6', 'm3', 'P4', 'P5']	[False, False, True, True, True, False]
45.6667	0.3333	12	['C#2', 'C#3', 'A#3', 'E4', 'F#4', 'G#4']	['P1', 'M6', 'm3', 'P4', 'P5']	[False, False, True, True, True, False]
46.0	0.3333	12	['C#2', 'C#3', 'F#4']	['P1', 'P4']	[True, True, True]
46.3333	0.3333	12	['C#2', 'C#3', 'A#3', 'E4', 'F#4']	['P1', 'M6', 'm3', 'P4']	[False, False, True, True, False]
46.6667	0.3333	12	['C#2', 'C#3', 'A#3', 'E4', 'F#4']	['P1', 'M6', 'm3', 'P4']	[False, False, True, True, False]
47.0	0.3333	12	['C#2', 'C#3']	['P1']	[True, True]
47.3333	0.3333	12	['C#2', 'C#3', 'A#3', 'E4', 'F#4']	['P1', 'M6', 'm3', 'P4']	[False, False, True, True, True]
47.6667	0.3333	12	['C#2', 'C#3', 'A#3', 'E4', 'F#4']	['P1', 'M6', 'm3', 'P4']	[False, False, True, True, True]
48.0	0.3333	13	['F#2', 'E5']	['m7']	[True, True]
48.3333	0.3333	13	['F#2', 'A#3', 'E4', 'F#4', 'E5']	['M3', 'm7', 'P1', 'm7']	[False, True, True, True, False]
48.6667	0.3333	13	['F#2', 'A#3', 'E4', 'F#4', 'E5']	['M3', 'm7', 'P1', 'm7']	[False, True, True, True, False]
49.0	0.3333	13	['F#2', 'E5']	['m7']	[True, False]
49.3333	0.3333	13	['F#2', 'A#3', 'E4', 'F#4', 'E5']	['M3', 'm7', 'P1', 'm7']	[False, True, True, True, False]
49.6667	0.3333	13	['F#2', 'A#3', 'E4', 'F#4', 'E5']	['M3', 'm7', 'P1', 'm7']	[False, True, True, True, False]
50.0	0.3333	13	['G#2', 'D#5']	['P5']	[True, True]
50.3333	0.3333	13	['G#2', 'B3', 'E4', 'F#4', 'D#5']	['m3', 'm6', 'm7', 'P5']	[False, True, True, True, False]
50.6667	0.3333	13	['G#2', 'B3', 'E4', 'F#4', 'D#5']	['m3', 'm6', 'm7', 'P5']	[False, True, True, True, False]
51.0	0.3333	13	['A#2', 'C#5']	['m3']	[True, True]
51.3333	0.3333	13	['A#2', 'C#4', 'E4', 'F#4', 'C#5']	['m3', 'd5', 'm6', 'm3']	[False, True, True, True, False]
51.6667	0.3333	13	['A#2', 'C#4', 'E4', 'F#4', 'C#5']	['m3', 'd5', 'm6', 'm3']	[False, True, True, True, False]
52.0	0.3333	14	['B2', 'D#5']	['M3']	[True, True]
52.3333	0.3333	14	['B2', 'B3', 'D#4', 'F#4', 'D#5']	['P1', 'M3', 'P5', 'M3']	[False, True, True, True, False]
52.6667	0.3333	14	['B2', 'B3', 'D#4', 'F#4', 'D#5']	['P1', 'M3', 'P5', 'M3']	[False, True, True, True, False]
53.0	0.3333	14	['C#3', 'A#4']	['M6']	[True, True]
53.3333	0.3333	14	['C#3', 'A#3', 'C#4', 'E4', 'F#4', 'A#4']	['M6', 'P1', 'm3', 'P4', 'M6']	[False, True, True, True, True, False]
53.6667	0.3333	14	['C#3', 'A#3', 'C#4', 'E4', 'F#4', 'A#4']	['M6', 'P1', 'm3', 'P4', 'M6']	[False, True, True, True, True, False]
54.0	0.3333	14	['D#3', 'B4']	['m6']	[True, True]
54.3333	0.3333	14	['D#3', 'B3', 'F#4', 'B4']	['m6', 'm3', 'm6']	[False, True, True, False]
54.6667	0.3333	14	['D#3', 'B3', 'F#4', 'B4']	['m6', 'm3', 'm6']	[False, True, True, False]
55.0	0.3333	14	['F#3']	[]	[True]
55.3333	0.3333	14	['F#3', 'B3', 'F#4']	['P4', 'P1']	[False, True, True]
55.6667	0.3333	14	['F#3', 'B3', 'F#4']	['P4', 'P1']	[False, True, True]
56.0	0.3333	15	['B2', 'F#5']	['P5']	[True, True]
56.3333	0.3333	15	['B2', 'D#4', 'F#4', 'B4', 'F#5']	['M3', 'P5', 'P1', 'P5']	[False, True, True, True, False]
56.6667	0.3333	15	['B2', 'D#4', 'F#4', 'B4', 'F#5']	['M3', 'P5', 'P1', 'P5']	[False, True, True, True, False]
57.0	0.3333	15	['F#3', 'F#5']	['P1']	[True, False]
57.3333	0.3333	15	['F#3', 'D#4', 'F#4', 'B4', 'F#5']	['M6', 'P1', 'P4', 'P1']	[False, True, True, True, False]
57.6667	0.3333	15	['F#3', 'D#4', 'F#4', 'B4', 'F#5']	['M6', 'P1', 'P4', 'P1']	[False, True, True, True, False]
58.0	0.3333	15	['B3', 'D#5']	['M3']	[True, True]
58.3333	0.3333	15	['B3', 'D#4', 'F#4', 'B4', 'D#5']	['M3', 'P5', 'P1', 'M3']	[False, True, True, True, False]
58.6667	0.3333	15	['B3', 'D#4', 'F#4', 'B4', 'D#5']	['M3', 'P5', 'P1', 'M3']	[False, True, True, True, False]
59.0	0.3333	15	['A3', 'B4']	['M2']	[True, True]
59.3333	0.3333	15	['A3', 'D#4', 'F#4', 'B4']	['A4', 'M6', 'M2']	[False, True, True, False]
59.6667	0.3333	15	['A3', 'D#4', 'F#4', 'B4']	['A4', 'M6', 'M2']	[False, True, True, False]
60.0	0.3333	16	['G#3', 'E5']	['m6']	[True, True]
60.3333	0.3333	16	['G#3', 'E4', 'B4', 'E5']	['m6', 'm3', 'm6']	[False, True, True, False]
60.6667	0.3333	16	['G#3', 'E4', 'B4', 'E5']	['m6', 'm3', 'm6']	[False, True, True, False]
61.0	0.3333	16	['C#3', 'G3', 'G4', 'G5']	['d5', 'd5', 'd5']	[True, True, True, True]
61.3333	0.3333	16	['C#3', 'G3', 'E4', 'G4', 'A#4', 'G5']	['d5', 'm3', 'd5', 'M6', 'd5']	[False, False, True, False, True, False]
61.6667	0.3333	16	['C#3', 'G3', 'E4', 'G4', 'A#4', 'G5']	['d5', 'm3', 'd5', 'M6', 'd5']	[False, False, True, False, True, False]
62.0	0.3333	16	['C#3', 'C4', 'G4', 'G5']	['d1', 'd5', 'd5']	[False, True, True, False]
62.3333	0.3333	16	['C#3', 'C4', 'E4', 'G4', 'A#4', 'G5']	['d1', 'm3', 'd5', 'M6', 'd5']	[False, False, True, False, True, False]
62.6667	0.3333	16	['C#3', 'C4', 'E4', 'G4', 'A#4', 'G5']	['d1', 'm3', 'd5', 'M6', 'd5']	[False, False, True, False, True, False]
63.0	0.3333	16	['C3', 'A#4']	['A6']	[True, True]
63.3333	0.3333	16	['C3', 'E4', 'G4', 'A#4']	['M3', 'P5', 'A6']	[False, True, True, False]
63.6667	0.3333	16	['C3', 'E4', 'G4', 'A#4']	['M3', 'P5', 'A6']	[False, True, True, False]
64.0	0.3333	17	['B2', 'B3', 'B4']	['P1', 'P1']	[True, True, True]
64.3333	0.3333	17	['B2', 'B3', 'E4', 'G#4', 'B4']	['P1', 'P4', 'M6', 'P1']	[False, False, True, True, False]
64.6667	0.3333	17	['B2', 'B3', 'E4', 'G#4', 'B4']	['P1', 'P4', 'M6', 'P1']	[False, False, True, True, False]
65.0	0.3333	17	['A#3', 'B4']	['m2']	[True, False]
65.3333	0.3333	17	['A#3', 'E4', 'G#4', 'B4']	['d5', 'm7', 'm2']	[False, True, True, False]
65.6667	0.3333	17	['A#3', 'E4', 'G#4', 'B4']	['d5', 'm7', 'm2']	[False, True, True, False]
66.0	0.3333	17	['B3', 'B4']	['P1']	[True, False]
66.3333	0.3333	17	['A3', 'B3', 'E4', 'F#4', 'B4']	['M2', 'P5', 'M6', 'M2']	[True, False, True, True, False]
66.6667	0.0833	17	['A3', 'B3', 'E4', 'F#4', 'B4']	['M2', 'P5', 'M6', 'M2']	[True, False, True, True, False]
66.75	0.25	17	['A3', 'B3', 'E4', 'F#4', 'A#4']	['M2', 'P5', 'M6', 'A1']	[False, False, False, False, True]
67.0	0.3333	17	['B2', 'A4']	['m7']	[True, True]
67.3333	0.3333	17	['B2', 'A3', 'C#4', 'D#4', 'F#4']	['m7', 'M2', 'M3', 'P5']	[False, True, True, True, True]
67.6667	0.1667	17	['B2', 'A3', 'C#4', 'D#4', 'F#4']	['m7', 'M2', 'M3', 'P5']	[False, True, False, True, True]
67.8333	0.1667	17	['B2', 'A3', 'D#4', 'F#4']	['m7', 'M3', 'P5']	[False, False, False, False]
68.0	0.3333	18	['E2', 'E4']	['P1']	[True, True]
68.3333	0.3333	18	['E2', 'G#3', 'B3', 'E4']	['M3', 'P5', 'P1']	[False, True, True, False]
68.6667	0.3333	18	['E2', 'G#3', 'B3', 'E4']	['M3', 'P5', 'P1']	[False, True, True, False]
69.0	0.3333	18	['A#2', 'E4']	['d5']	[True, False]
69.3333	0.3333	18	['A#2', 'G#3', 'B3', 'E4']	['m7', 'm2', 'd5']	[False, True, True, False]
69.6667	0.3333	18	['A#2', 'G#3', 'B3', 'E4']	['m7', 'm2', 'd5']	[False, True, True, False]
70.0	0.3333	18	['B2']	[]	[True]
70.3333	0.3333	18	['B2', 'G#3', 'B3', 'E4']	['M6', 'P1', 'P4']	[False, True, True, True]
70.6667	0.3333	18	['B2', 'G#3', 'B3', 'E4']	['M6', 'P1', 'P4']	[False, True, True, True]
71.0	0.3333	18	['E2']	[]	[True]
71.3333	0.3333	18	['E2', 'B3', 'E4', 'G#4']	['P5', 'P1', 'M3']	[False, True, True, True]
71.6667	0.3333	18	['E2', 'B3', 'E4', 'G#4']	['P5', 'P1', 'M3']	[False, True, True, True]
72.0	0.3333	19	['D#2']	[]	[True]
72.3333	0.3333	19	['D#2', 'B3', 'F#4', 'A4']	['m6', 'm3', 'd5']	[False, True, True, True]
72.6667	0.3333	19	['D#2', 'B3', 'F#4', 'A4']	['m6', 'm3', 'd5']	[False, True, True, True]
73.0	0.3333	19	['B1']	[]	[True]
73.3333	0.3333	19	['B1', 'B3', 'F#4', 'A4']	['P1', 'P5', 'm7']	[False, True, True, True]
73.6667	0.3333	19	['B1', 'B3', 'F#4', 'A4']	['P1', 'P5', 'm7']	[False, True, True, True]
74.0	0.3333	19	['E2']	[]	[True]
74.3333	0.3333	19	['E2', 'B3', 'E4', 'G#4']	['P5', 'P1', 'M3']	[False, True, True, True]
74.6667	0.3333	19	['E2', 'B3', 'E4', 'G#4']	['P5', 'P1', 'M3']	[False, True, True, True]
75.0	0.3333	19	['G#2']	[]	[True]
75.3333	0.3333	19	['G#2', 'B3', 'E4', 'G#4']	['m3', 'm6', 'P1']	[False, True, True, True]
75.6667	0.3333	19	['G#2', 'B3', 'E4', 'G#4']	['m3', 'm6', 'P1']	[False, True, True, True]
76.0	0.3333	20	['B2']	[]	[True]
76.3333	0.3333	20	['B2', 'B3', 'E4', 'G#4']	['P1', 'P4', 'M6']	[False, True, True, True]
76.6667	0.3333	20	['B2', 'B3', 'E4', 'G#4']	['P1', 'P4', 'M6']	[False, True, True, True]
77.0	0.3333	20	['A#2']	[]	[True]
77.3333	0.3333	20	['A#2', 'B3', 'E4', 'G#4']	['m2', 'd5', 'm7']	[False, True, True, True]
77.6667	0.3333	20	['A#2', 'B3', 'E4', 'G#4']	['m2', 'd5', 'm7']	[False, True, True, True]
78.0	0.3333	20	['B2']	[]	[True]
78.3333	0.3333	20	['B2', 'B3', 'D#4', 'F#4']	['P1', 'M3', 'P5']	[False, True, True, True]
78.6667	0.3333	20	['B2', 'B3', 'D#4', 'F#4']	['P1', 'M3', 'P5']	[False, True, True, True]
79.0	0.3333	20	['A3', 'B3']	['M2']	[True, True]
79.3333	0.3333	20	['A3', 'B3', 'F#4', 'B4', 'D#5']	['M2', 'M6', 'M2', 'A4']	[False, False, True, True, True]
79.6667	0.3333	20	['A3', 'B3', 'F#4', 'B4', 'D#5']	['M2', 'M6', 'M2', 'A4']	[False, False, True, True, True]
80.0	0.3333	21	['G#3', 'B3']	['m3']	[True, True]
80.3333	0.3333	21	['G#3', 'B3', 'E4', 'B4', 'E5']	['m3', 'm6', 'm3', 'm6']	[False, False, True, True, True]
80.6667	0.3333	21	['G#3', 'B3', 'E4', 'B4', 'E5']	['m3', 'm6', 'm3', 'm6']	[False, False, True, True, True]
81.0	0.3333	21	['E3']	[]	[True]
81.3333	0.3333	21	['E3', 'B4', 'E5', 'G#5']	['P5', 'P1', 'M3']	[False, True, True, True]
81.6667	0.3333	21	['E3', 'B4', 'E5', 'G#5']	['P5', 'P1', 'M3']	[False, True, True, True]
82.0	0.3333	21	['F#3']	[]	[True]
82.3333	0.3333	21	['F#3', 'B4', 'D#5', 'A5', 'B5']	['P4', 'M6', 'm3', 'P4']	[False, True, True, True, True]
82.6667	0.3333	21	['F#3', 'B4', 'D#5', 'A5', 'B5']	['P4', 'M6', 'm3', 'P4']	[False, True, True, True, True]
83.0	0.3333	21	['B2', 'B3']	['P1']	[True, True]
83.3333	0.3333	21	['B2', 'B3', 'D#5', 'F#5', 'A5', 'D#6']	['P1', 'M3', 'P5', 'm7', 'M3']	[False, False, True, True, True, True]
83.6667	0.3333	21	['B2', 'B3', 'D#5', 'F#5', 'A5', 'D#6']	['P1', 'M3', 'P5', 'm7', 'M3']	[False, False, True, True, True, True]
84.0	0.3333	22	['E3', 'B3']	['P5']	[True, True]
84.3333	0.3333	22	['E3', 'B3', 'E5', 'G#5', 'E6']	['P5', 'P1', 'M3', 'P1']	[False, False, True, True, True]
84.6667	0.3333	22	['E3', 'B3', 'E5', 'G#5', 'E6']	['P5', 'P1', 'M3', 'P1']	[False, False, True, True, True]
85.0	0.3333	22	['E3']	[]	[True]
85.3333	0.3333	22	['E3', 'B3', 'E4', 'G#4']	['P5', 'P1', 'M3']	[False, True, True, True]
85.6667	0.3333	22	['E3', 'B3', 'E4', 'G#4']	['P5', 'P1', 'M3']	[False, True, True, True]
86.0	0.3333	22	['D#3']	[]	[True]
86.3333	0.3333	22	['D#3', 'B3', 'E4', 'G#4']	['m6', 'm2', 'P4']	[False, True, True, True]
86.6667	0.3333	22	['D#3', 'B3', 'E4', 'G#4']	['m6', 'm2', 'P4']	[False, True, True, True]
87.0	0.3333	22	['E3']	[]	[True]
87.3333	0.3333	22	['E3', 'B3', 'E4', 'G#4']	['P5', 'P1', 'M3']	[False, True, True, True]
87.6667	0.3333	22	['E3', 'B3', 'E4', 'G#4']	['P5', 'P1', 'M3']	[False, True, True, True]
88.0	0.3333	23	['E2', 'E3', 'G#4']	['P1', 'M3']	[True, True, True]
88.3333	0.3333	23	['E2', 'E3', 'B3', 'E4', 'G#4']	['P1', 'P5', 'P1', 'M3']	[False, False, True, True, False]
88.6667	0.3333	23	['E2', 'E3', 'B3', 'E4', 'G#4']	['P1', 'P5', 'P1', 'M3']	[False, False, True, True, False]
89.0	0.3333	23	['D#2', 'D#3', 'G#4']	['P1', 'P4']	[True, True, False]
89.3333	0.3333	23	['D#2', 'D#3', 'B3', 'E4', 'G#4']	['P1', 'm6', 'm2', 'P4']	[False, False, True, True, False]
89.6667	0.3333	23	['D#2', 'D#3', 'B3', 'E4', 'G#4']	['P1', 'm6', 'm2', 'P4']	[False, False, True, True, False]
90.0	0.3333	23	['E2', 'E3', 'G#4']	['P1', 'M3']	[True, True, False]
90.3333	0.1667	23	['E2', 'E3', 'B3', 'E4', 'G#4']	['P1', 'P5', 'P1', 'M3']	[False, False, True, True, False]
90.5	0.1667	23	['E2', 'E3', 'B3', 'E4', 'G#4', 'A4']	['P1', 'P5', 'P1', 'M3', 'P4']	[False, False, False, False, False, True]
90.6667	0.3333	23	['E2', 'E3', 'B3', 'E4', 'G#4', 'A4']	['P1', 'P5', 'P1', 'M3', 'P4']	[False, False, True, True, True, False]
91.0	0.3333	23	['B1', 'B2', 'A#4']	['P1', 'M7']	[True, True, True]
91.3333	0.1667	23	['B1', 'B2', 'B3', 'E4', 'G#4', 'A#4']	['P1', 'P1', 'P4', 'M6', 'M7']	[False, False, True, True, True, False]
91.5	0.1667	23	['B1', 'B2', 'B3', 'E4', 'G#4', 'B4']	['P1', 'P1', 'P4', 'M6', 'P1']	[False, False, False, False, False, True]
91.6667	0.3333	23	['B1', 'B2', 'B3', 'E4', 'G#4', 'B4']	['P1', 'P1', 'P4', 'M6', 'P1']	[False, False, True, True, True, False]
92.0	0.3333	24	['F#2', 'F#3', 'C#5']	['P1', 'P5']	[True, True, True]
92.3333	0.3333	24	['F#2', 'F#3', 'B3', 'D#4', 'A4', 'C#5']	['P1', 'P4', 'M6', 'm3', 'P5']	[False, False, True, True, True, False]
92.6667	0.3333	24	['F#2', 'F#3', 'B3', 'D#4', 'A4', 'C#5']	['P1', 'P4', 'M6', 'm3', 'P5']	[False, False, True, True, True, False]
93.0	0.3333	24	['E#2', 'E#3', 'C#5']	['P1', 'm6']	[True, True, False]
93.3333	0.3333	24	['E#2', 'E#3', 'B3', 'D#4', 'A4', 'C#5']	['P1', 'd5', 'm7', 'd4', 'm6']	[False, False, True, True, True, False]
93.6667	0.3333	24	['E#2', 'E#3', 'B3', 'D#4', 'A4', 'C#5']	['P1', 'd5', 'm7', 'd4', 'm6']	[False, False, True, True, True, False]
94.0	0.3333	24	['F#2', 'F#3', 'B4']	['P1', 'P4']	[True, True, True]
94.3333	0.3333	24	['F#2', 'F#3', 'B3', 'D#4', 'A4', 'B4']	['P1', 'P4', 'M6', 'm3', 'P4']	[False, False, True, True, True, False]
94.6667	0.3333	24	['F#2', 'F#3', 'B3', 'D#4', 'A4', 'B4']	['P1', 'P4', 'M6', 'm3', 'P4']	[False, False, True, True, True, False]
95.0	0.3333	24	['B1', 'B2']	['P1']	[True, True]
95.3333	0.1667	24	['B1', 'B2', 'B3', 'D#4', 'A4']	['P1', 'P1', 'M3', 'm7']	[False, False, True, True, True]
95.5	0.1667	24	['B1', 'B2', 'B3', 'D#4', 'A4']	['P1', 'P1', 'M3', 'm7']	[False, False, False, False, False]
95.6667	0.3333	24	['B1', 'B2', 'B3', 'D#4', 'A4']	['P1', 'P1', 'M3', 'm7']	[False, False, True, True, False]
96.0	0.3333	25	['E2', 'E3', 'G#4']	['P1', 'M3']	[True, True, True]
96.3333	0.3333	25	['E2', 'E3', 'B3', 'E4', 'G#4']	['P1', 'P5', 'P1', 'M3']	[False, False, True, True, False]
96.6667	0.3333	25	['E2', 'E3', 'B3', 'E4', 'G#4']	['P1', 'P5', 'P1', 'M3']	[False, False, True, True, False]
97.0	0.3333	25	['D#2', 'D#3', 'G#4']	['P1', 'P4']	[True, True, False]
97.3333	0.3333	25	['D#2', 'D#3', 'B3', 'E4', 'G#4']	['P1', 'm6', 'm2', 'P4']	[False, False, True, True, False]
97.6667	0.3333	25	['D#2', 'D#3', 'B3', 'E4', 'G#4']	['P1', 'm6', 'm2', 'P4']	[False, False, True, True, False]
98.0	0.3333	25	['C#2', 'C#3', 'D#5']	['P1', 'M2']	[True, True, True]
98.3333	0.3333	25	['C#2', 'C#3', 'A#3', 'E4', 'F#4', 'D#5']	['P1', 'M6', 'm3', 'P4', 'M2']	[False, False, True, True, True, False]
98.6667	0.3333	25	['C#2', 'C#3', 'A#3', 'E4', 'F#4', 'D#5']	['P1', 'M6', 'm3', 'P4', 'M2']	[False, False, True, True, True, False]
99.0	0.3333	25	['F#1', 'F#2', 'C#5']	['P1', 'P5']	[True, True, True]
99.3333	0.3333	25	['F#1', 'F#2', 'A#3', 'E4', 'F#4', 'C#5']	['P1', 'M3', 'm7', 'P1', 'P5']	[False, False, True, True, True, False]
99.6667	0.3333	25	['F#1', 'F#2', 'A#3', 'E4', 'F#4', 'C#5']	['P1', 'M3', 'm7', 'P1', 'P5']	[False, False, True, True, True, False]
100.0	0.3333	26	['B1', 'B2', 'F#4']	['P1', 'P5']	[True, True, True]
100.3333	0.3333	26	['B1', 'B2', 'B3', 'D#4', 'F#4']	['P1', 'P1', 'M3', 'P5']	[False, False, True, True, False]
100.6667	0.3333	26	['B1', 'B2', 'B3', 'D#4', 'F#4']	['P1', 'P1', 'M3', 'P5']	[False, False, True, True, False]
101.0	0.3333	26	['A#2', 'F#4']	['m6']	[True, False]
101.3333	0.1667	26	['A#2', 'B3', 'D#4', 'F#4']	['m2', 'P4', 'm6']	[False, True, True, False]
101.5	0.1667	26	['A#2', 'B3', 'D#4', 'F#4', 'A4']	['m2', 'P4', 'm6', 'd1']	[False, False, False, False, True]
101.6667	0.0833	26	['A#2', 'B3', 'D#4', 'F#4', 'A4']	['m2', 'P4', 'm6', 'd1']	[False, True, True, True, False]
101.75	0.25	26	['A#2', 'B3', 'D#4', 'F#4', 'G#4']	['m2', 'P4', 'm6', 'm7']	[False, False, False, False, True]
102.0	0.3333	26	['B2', 'F#4']	['P5']	[True, True]
102.3333	0.3333	26	['B2', 'B3', 'D#4', 'F#4']	['P1', 'M3', 'P5']	[False, True, True, False]
102.6667	0.3333	26	['B2', 'B3', 'D#4', 'F#4']	['P1', 'M3', 'P5']	[False, True, True, False]
103.0	0.3333	26	['D#3']	[]	[True]
103.3333	0.3333	26	['D#3', 'B3', 'D#4', 'F#4']	['m6', 'P1', 'm3']	[False, True, True, True]
103.6667	0.3333	26	['D#3', 'B3', 'D#4', 'F#4']	['m6', 'P1', 'm3']	[False, True, True, True]
104.0	0.3333	27	['F#3', 'F#4']	['P1']	[True, True]
104.3333	0.3333	27	['F#3', 'B3', 'D#4', 'F#4']	['P4', 'M6', 'P1']	[False, True, True, False]
104.6667	0.3333	27	['F#3', 'B3', 'D#4', 'F#4']	['P4', 'M6', 'P1']	[False, True, True, False]
105.0	0.3333	27	['B3', 'F#4']	['P5']	[True, False]
105.3333	0.3333	27	['B3', 'D#4', 'F#4']	['M3', 'P5']	[False, True, False]
105.6667	0.3333	27	['B3', 'D#4', 'F#4']	['M3', 'P5']	[False, True, False]
106.0	0.3333	27	['A#3', 'F#4']	['m6']	[True, True]
106.3333	0.3333	27	['A#3', 'C#4', 'E4', 'F#4']	['m3', 'd5', 'm6']	[False, True, True, False]
106.6667	0.3333	27	['A#3', 'C#4', 'E4', 'F#4']	['m3', 'd5', 'm6']	[False, True, True, False]
107.0	0.3333	27	['A3', 'F#4']	['M6']	[True, True]
107.3333	0.3333	27	['A3', 'B3', 'D#4', 'F#4']	['M2', 'A4', 'M6']	[False, True, True, False]
107.6667	0.3333	27	['A3', 'B3', 'D#4', 'F#4']	['M2', 'A4', 'M6']	[False, True, True, False]
108.0	0.3333	28	['G#2', 'G#3', 'B4']	['P1', 'm3']	[True, True, True]
108.3333	0.3333	28	['G#2', 'G#3', 'B3', 'E4', 'B4']	['P1', 'm3', 'm6', 'm3']	[False, False, True, True, False]
108.6667	0.3333	28	['G#2', 'G#3', 'B3', 'E4', 'B4']	['P1', 'm3', 'm6', 'm3']	[False, False, True, True, False]
109.0	0.3333	28	['F#2', 'F#3']	['P1']	[True, True]
109.3333	0.3333	28	['F#2', 'F#3', 'B3', 'D#4', 'A4']	['P1', 'P4', 'M6', 'm3']	[False, False, True, True, True]
109.6667	0.3333	28	['F#2', 'F#3', 'B3', 'D#4', 'A4']	['P1', 'P4', 'M6', 'm3']	[False, False, True, True, True]
110.0	0.3333	28	['E2', 'E3', 'E5']	['P1', 'P1']	[True, True, True]
110.3333	0.3333	28	['E2', 'E3', 'B3', 'E4', 'G#4', 'E5']	['P1', 'P5', 'P1', 'M3', 'P1']	[False, False, True, True, True, False]
110.6667	0.3333	28	['E2', 'E3', 'B3', 'E4', 'G#4', 'E5']	['P1', 'P5', 'P1', 'M3', 'P1']	[False, False, True, True, True, False]
111.0	0.3333	28	['C2', 'C3', 'E5']	['P1', 'M3']	[True, True, False]
111.3333	0.3333	28	['C2', 'C3', 'A#3', 'E4', 'F##4', 'E5']	['P1', 'A6', 'M3', 'AA4', 'M3']	[False, False, True, True, True, False]
111.6667	0.3333	28	['C2', 'C3', 'A#3', 'E4', 'F##4', 'E5']	['P1', 'A6', 'M3', 'AA4', 'M3']	[False, False, True, True, True, False]
112.0	0.3333	29	['B1', 'B2', 'E5']	['P1', 'P4']	[True, True, False]
112.3333	0.3333	29	['B1', 'B2', 'B3', 'E4', 'G#4', 'E5']	['P1', 'P1', 'P4', 'M6', 'P4']	[False, False, True, True, True, False]
112.6667	0.3333	29	['B1', 'B2', 'B3', 'E4', 'G#4', 'E5']	['P1', 'P1', 'P4', 'M6', 'P4']	[False, False, True, True, True, False]
113.0	0.3333	29	['A#1', 'A#2', 'E5']	['P1', 'd5']	[True, True, False]
113.3333	0.3333	29	['A#1', 'A#2', 'B3', 'E4', 'G#4', 'E5']	['P1', 'm2', 'd5', 'm7', 'd5']	[False, False, True, True, True, False]
113.6667	0.3333	29	['A#1', 'A#2', 'B3', 'E4', 'G#4', 'E5']	['P1', 'm2', 'd5', 'm7', 'd5']	[False, False, True, True, True, False]
114.0	0.3333	29	['B1', 'B2', 'D#5']	['P1', 'M3']	[True, True, True]
114.3333	0.1667	29	['B1', 'B2', 'A3', 'E4', 'F#4', 'D#5']	['P1', 'm7', 'P4', 'P5', 'M3']	[False, False, True, True, True, False]
114.5	0.1667	29	['B1', 'B2', 'A3', 'E4', 'F#4', 'B4']	['P1', 'm7', 'P4', 'P5', 'P1']	[False, False, False, False, False, True]
114.6667	0.3333	29	['B1', 'B2', 'A3', 'E4', 'F#4', 'B4']	['P1', 'm7', 'P4', 'P5', 'P1']	[False, False, True, True, True, False]
115.0	0.3333	29	['B2', 'A4']	['m7']	[True, True]
115.3333	0.1667	29	['B2', 'A3', 'F#4', 'A4']	['m7', 'P5', 'm7']	[False, True, True, False]
115.5	0.1667	29	['B2', 'A3', 'F#4', 'A4']	['m7', 'P5', 'm7']	[False, False, False, False]
115.6667	0.3333	29	['B2', 'A3', 'F#4', 'A4']	['m7', 'P5', 'm7']	[False, True, False, True]
116.0	0.3333	30	['E2', 'E4']	['P1']	[True, True]
116.3333	0.3333	30	['E2', 'G#3', 'B3', 'E4']	['M3', 'P5', 'P1']	[False, True, True, False]
116.6667	0.3333	30	['E2', 'G#3', 'B3', 'E4']	['M3', 'P5', 'P1']	[False, True, True, False]
117.0	0.3333	30	['A#2', 'E4']	['d5']	[True, False]
117.3333	0.3333	30	['A#2', 'G#3', 'B3', 'E4']	['m7', 'm2', 'd5']	[False, True, True, False]
117.6667	0.3333	30	['A#2', 'G#3', 'B3', 'E4']	['m7', 'm2', 'd5']	[False, True, True, False]
118.0	0.3333	30	['B2']	[]	[True]
118.3333	0.3333	30	['B2', 'B3', 'E4', 'G#4']	['P1', 'P4', 'M6']	[False, True, True, True]
118.6667	0.3333	30	['B2', 'B3', 'E4', 'G#4']	['P1', 'P4', 'M6']	[False, True, True, True]
119.0	0.3333	30	['E2']	[]	[True]
119.3333	0.3333	30	['E2', 'B3', 'E4', 'G#4']	['P5', 'P1', 'M3']	[False, True, True, True]
119.6667	0.3333	30	['E2', 'B3', 'E4', 'G#4']	['P5', 'P1', 'M3']	[False, True, True, True]
120.0	0.3333	31	['D#2']	[]	[True]
120.3333	0.3333	31	['D#2', 'B3', 'F#4', 'A4']	['m6', 'm3', 'd5']	[False, True, True, True]
120.6667	0.3333	31	['D#2', 'B3', 'F#4', 'A4']	['m6', 'm3', 'd5']	[False, True, True, True]
121.0	0.3333	31	['B1']	[]	[True]
121.3333	0.3333	31	['B1', 'B3', 'F#4', 'A4']	['P1', 'P5', 'm7']	[False, True, True, True]
121.6667	0.3333	31	['B1', 'B3', 'F#4', 'A4']	['P1', 'P5', 'm7']	[False, True, True, True]
122.0	0.3333	31	['E2']	[]	[True]
122.3333	0.3333	31	['E2', 'B3', 'E4', 'G#4']	['P5', 'P1', 'M3']	[False, True, True, True]
122.6667	0.3333	31	['E2', 'B3', 'E4', 'G#4']	['P5', 'P1', 'M3']	[False, True, True, True]
123.0	0.3333	31	['G#2']	[]	[True]
123.3333	0.3333	31	['G#2', 'B3', 'E4', 'G#4']	['m3', 'm6', 'P1']	[False, True, True, True]
123.6667	0.3333	31	['G#2', 'B3', 'E4', 'G#4']	['m3', 'm6', 'P1']	[False, True, True, True]
124.0	0.3333	32	['B2']	[]	[True]
124.3333	0.3333	32	['B2', 'B3', 'E4', 'G#4']	['P1', 'P4', 'M6']	[False, True, True, True]
124.6667	0.3333	32	['B2', 'B3', 'E4', 'G#4']	['P1', 'P4', 'M6']	[False, True, True, True]
125.0	0.3333	32	['A#2']	[]	[True]
125.3333	0.3333	32	['A#2', 'B3', 'E4', 'G#4']	['m2', 'd5', 'm7']	[False, True, True, True]
125.6667	0.3333	32	['A#2', 'B3', 'E4', 'G#4']	['m2', 'd5', 'm7']	[False, True, True, True]
126.0	0.3333	32	['B2']	[]	[True]
126.3333	0.3333	32	['B2', 'B3', 'D#4', 'F#4']	['P1', 'M3', 'P5']	[False, True, True, True]
126.6667	0.3333	32	['B2', 'B3', 'D#4', 'F#4']	['P1', 'M3', 'P5']	[False, True, True, True]
127.0	0.3333	32	['D#3']	[]	[True]
127.3333	0.3333	32	['D#3', 'B3', 'D#4', 'F#4']	['m6', 'P1', 'm3']	[False, True, True, True]
127.6667	0.3333	32	['D#3', 'B3', 'D#4', 'F#4']	['m6', 'P1', 'm3']	[False, True, True, True]
128.0	0.3333	33	['F#2', 'F#4']	['P1']	[True, True]
128.3333	0.3333	33	['F#2', 'A#3', 'E4', 'F#4']	['M3', 'm7', 'P1']	[False, True, True, False]
128.6667	0.3333	33	['F#2', 'A#3', 'E4', 'F#4']	['M3', 'm7', 'P1']	[False, True, True, False]
129.0	0.3333	33	['G#2', 'F#4']	['m7']	[True, False]
129.3333	0.3333	33	['G#2', 'B3', 'E4', 'F#4']	['m3', 'm6', 'm7']	[False, True, True, False]
129.6667	0.3333	33	['G#2', 'B3', 'E4', 'F#4']	['m3', 'm6', 'm7']	[False, True, True, False]
130.0	0.3333	33	['G##2', 'F#4']	['d7']	[True, True]
130.3333	0.3333	33	['G##2', 'B#3', 'E4', 'F#4']	['m3', 'd6', 'd7']	[False, True, True, False]
130.6667	0.3333	33	['G##2', 'B#3', 'E4', 'F#4']	['m3', 'd6', 'd7']	[False, True, True, False]
131.0	0.3333	33	['A#2', 'F#4']	['m6']	[True, True]
131.3333	0.3333	33	['A#2', 'C#4', 'E4', 'F#4']	['m3', 'd5', 'm6']	[False, True, True, False]
131.6667	0.3333	33	['A#2', 'C#4', 'E4', 'F#4']	['m3', 'd5', 'm6']	[False, True, True, False]
132.0	0.3333	34	['B2', 'G#4']	['M6']	[True, True]
132.3333	0.3333	34	['B2', 'B3', 'E4', 'F#4', 'G#4']	['P1', 'P4', 'P5', 'M6']	[False, True, True, True, False]
132.6667	0.3333	34	['B2', 'B3', 'E4', 'F#4', 'G#4']	['P1', 'P4', 'P5', 'M6']	[False, True, True, True, False]
133.0	0.3333	34	['C#3', 'G#4']	['P5']	[True, False]
133.3333	0.3333	34	['C#3', 'A#3', 'E4', 'F#4', 'G#4']	['M6', 'm3', 'P4', 'P5']	[False, True, True, True, False]
133.6667	0.3333	34	['C#3', 'A#3', 'E4', 'F#4', 'G#4']	['M6', 'm3', 'P4', 'P5']	[False, True, True, True, False]
134.0	0.3333	34	['C#3', 'F#4']	['P4']	[True, True]
134.3333	0.3333	34	['C#3', 'A#3', 'E4', 'F#4']	['M6', 'm3', 'P4']	[False, True, True, False]
134.6667	0.3333	34	['C#3', 'A#3', 'E4', 'F#4']	['M6', 'm3', 'P4']	[False, True, True, False]
135.0	0.3333	34	['C#3']	[]	[True]
135.3333	0.3333	34	['C#3', 'A#3', 'E4', 'F#4']	['M6', 'm3', 'P4']	[False, True, True, True]
135.6667	0.3333	34	['C#3', 'A#3', 'E4', 'F#4']	['M6', 'm3', 'P4']	[False, True, True, True]
136.0	0.3333	35	['F#2', 'E5']	['m7']	[True, True]
136.3333	0.3333	35	['F#2', 'A#3', 'E4', 'F#4', 'E5']	['M3', 'm7', 'P1', 'm7']	[False, True, True, True, False]
136.6667	0.3333	35	['F#2', 'A#3', 'E4', 'F#4', 'E5']	['M3', 'm7', 'P1', 'm7']	[False, True, True, True, False]
137.0	0.3333	35	['F#3', 'E5']	['m7']	[True, False]
137.3333	0.3333	35	['F#3', 'A#3', 'E4', 'F#4', 'E5']	['M3', 'm7', 'P1', 'm7']	[False, True, True, True, False]
137.6667	0.3333	35	['F#3', 'A#3', 'E4', 'F#4', 'E5']	['M3', 'm7', 'P1', 'm7']	[False, True, True, True, False]
138.0	0.3333	35	['G#2', 'D#5']	['P5']	[True, True]
138.3333	0.3333	35	['G#2', 'B3', 'E4', 'F#4', 'D#5']	['m3', 'm6', 'm7', 'P5']	[False, True, True, True, False]
138.6667	0.3333	35	['G#2', 'B3', 'E4', 'F#4', 'D#5']	['m3', 'm6', 'm7', 'P5']	[False, True, True, True, False]
139.0	0.3333	35	['A#2', 'C#5']	['m3']	[True, True]
139.3333	0.3333	35	['A#2', 'C#4', 'E4', 'F#4', 'C#5']	['m3', 'd5', 'm6', 'm3']	[False, True, True, True, False]
139.6667	0.3333	35	['A#2', 'C#4', 'E4', 'F#4', 'C#5']	['m3', 'd5', 'm6', 'm3']	[False, True, True, True, False]
140.0	0.3333	36	['B2', 'D#5']	['M3']	[True, True]
140.3333	0.3333	36	['B2', 'B3', 'D#4', 'F#4', 'D#5']	['P1', 'M3', 'P5', 'M3']	[False, True, True, True, False]
140.6667	0.3333	36	['B2', 'B3', 'D#4', 'F#4', 'D#5']	['P1', 'M3', 'P5', 'M3']	[False, True, True, True, False]
141.0	0.3333	36	['C#3', 'A#4']	['M6']	[True, True]
141.3333	0.3333	36	['C#3', 'A#3', 'E4', 'F#4', 'A#4']	['M6', 'm3', 'P4', 'M6']	[False, True, True, True, False]
141.6667	0.3333	36	['C#3', 'A#3', 'E4', 'F#4', 'A#4']	['M6', 'm3', 'P4', 'M6']	[False, True, True, True, False]
142.0	0.3333	36	['D#3', 'B4']	['m6']	[True, True]
142.3333	0.3333	36	['D#3', 'B3', 'F#4', 'B4']	['m6', 'm3', 'm6']	[False, True, True, False]
142.6667	0.3333	36	['D#3', 'B3', 'F#4', 'B4']	['m6', 'm3', 'm6']	[False, True, True, False]
143.0	0.3333	36	['F#3']	[]	[True]
143.3333	0.3333	36	['F#3', 'B3', 'D#4', 'F#4']	['P4', 'M6', 'P1']	[False, True, True, True]
143.6667	0.3333	36	['F#3', 'B3', 'D#4', 'F#4']	['P4', 'M6', 'P1']	[False, True, True, True]
144.0	0.3333	37	['B2', 'F#5']	['P5']	[True, True]
144.3333	0.3333	37	['B2', 'B3', 'D#4', 'F#4', 'F#5']	['P1', 'M3', 'P5', 'P5']	[False, True, True, True, False]
144.6667	0.3333	37	['B2', 'B3', 'D#4', 'F#4', 'F#5']	['P1', 'M3', 'P5', 'P5']	[False, True, True, True, False]
145.0	0.3333	37	['F#3', 'F#5']	['P1']	[True, False]
145.3333	0.3333	37	['F#3', 'B3', 'D#4', 'F#4', 'F#5']	['P4', 'M6', 'P1', 'P1']	[False, True, True, True, False]
145.6667	0.3333	37	['F#3', 'B3', 'D#4', 'F#4', 'F#5']	['P4', 'M6', 'P1', 'P1']	[False, True, True, True, False]
146.0	0.3333	37	['B3', 'D#5']	['M3']	[True, True]
146.3333	0.3333	37	['B3', 'D#4', 'F#4', 'B4', 'D#5']	['M3', 'P5', 'P1', 'M3']	[False, True, True, True, False]
146.6667	0.3333	37	['B3', 'D#4', 'F#4', 'B4', 'D#5']	['M3', 'P5', 'P1', 'M3']	[False, True, True, True, False]
147.0	0.3333	37	['A3']	[]	[True]
147.3333	0.1667	37	['A3', 'D#4', 'F#4', 'B4']	['A4', 'M6', 'M2']	[False, True, True, True]
147.5	0.1667	37	['A3', 'D#4', 'F#4', 'B4']	['A4', 'M6', 'M2']	[False, False, False, False]
147.6667	0.3333	37	['A3', 'D#4', 'F#4', 'B4']	['A4', 'M6', 'M2']	[False, True, True, False]
148.0	0.3333	38	['G#3', 'E5']	['m6']	[True, True]
148.3333	0.3333	38	['G#3', 'E4', 'B4', 'E5']	['m6', 'm3', 'm6']	[False, True, True, False]
148.6667	0.3333	38	['G#3', 'E4', 'B4', 'E5']	['m6', 'm3', 'm6']	[False, True, True, False]
149.0	0.3333	38	['C3', 'G3', 'C4', 'G5']	['P5', 'P1', 'P5']	[True, True, True, True]
149.3333	0.3333	38	['C3', 'G3', 'C4', 'E4', 'G4', 'A#4', 'G5']	['P5', 'P1', 'M3', 'P5', 'A6', 'P5']	[False, False, False, True, True, True, False]
149.6667	0.3333	38	['C3', 'G3', 'C4', 'E4', 'G4', 'A#4', 'G5']	['P5', 'P1', 'M3', 'P5', 'A6', 'P5']	[False, False, False, True, True, True, False]
150.0	0.3333	38	['C4', 'G5']	['P5']	[True, False]
150.3333	0.3333	38	['C4', 'E4', 'G4', 'A#4', 'G5']	['M3', 'P5', 'A6', 'P5']	[False, True, True, True, False]
150.6667	0.3333	38	['C4', 'E4', 'G4', 'A#4', 'G5']	['M3', 'P5', 'A6', 'P5']	[False, True, True, True, False]
151.0	0.3333	38	['C3', 'A#4']	['A6']	[True, True]
151.3333	0.3333	38	['C3', 'E4', 'G4', 'A#4']	['M3', 'P5', 'A6']	[False, True, True, False]
151.6667	0.3333	38	['C3', 'E4', 'G4', 'A#4']	['M3', 'P5', 'A6']	[False, True, True, False]
152.0	0.3333	39	['B2', 'B3', 'B4']	['P1', 'P1']	[True, True, True]
152.3333	0.3333	39	['B2', 'B3', 'E4', 'G#4', 'B4']	['P1', 'P4', 'M6', 'P1']	[False, False, True, True, False]
152.6667	0.3333	39	['B2', 'B3', 'E4', 'G#4', 'B4']	['P1', 'P4', 'M6', 'P1']	[False, False, True, True, False]
153.0	0.3333	39	['A#3', 'B4']	['m2']	[True, False]
153.3333	0.3333	39	['A#3', 'E4', 'G#4', 'B4']	['d5', 'm7', 'm2']	[False, True, True, False]
153.6667	0.3333	39	['A#3', 'E4', 'G#4', 'B4']	['d5', 'm7', 'm2']	[False, True, True, False]
154.0	0.3333	39	['B3', 'B4']	['P1']	[True, False]
154.3333	0.3333	39	['B3', 'D#4', 'F#4', 'A4', 'B4', 'D#5']	['M3', 'P5', 'm7', 'P1', 'M3']	[False, True, True, True, False, True]
154.6667	0.0833	39	['B3', 'D#4', 'F#4', 'A4', 'B4', 'D#5']	['M3', 'P5', 'm7', 'P1', 'M3']	[False, True, True, True, False, True]
154.75	0.25	39	['B3', 'D#4', 'F#4', 'A4', 'A#4', 'D#5']	['M3', 'P5', 'm7', 'M7', 'M3']	[False, False, False, False, True, False]
155.0	0.3333	39	['B2', 'F#3', 'B3', 'D#4', 'F#4', 'A4', 'B4']	['P5', 'P1', 'M3', 'P5', 'm7', 'P1']	[True, True, True, True, True, True, True]
155.3333	0.3333	39	['B2', 'F#3', 'B3', 'C#4', 'D#4', 'F#4', 'A4', 'B4']	['P5', 'P1', 'M2', 'M3', 'P5', 'm7', 'P1']	[False, False, False, True, False, False, False, False]
155.6667	0.3333	39	['B2', 'F#3', 'B3', 'D#4', 'F#4', 'A4', 'B4']	['P5', 'P1', 'M3', 'P5', 'm7', 'P1']	[False, False, False, False, False, False, False]
156.0	0.3333	40	['E3', 'E4']	['P1']	[True, True]
156.3333	0.3333	40	['E3', 'B3', 'E4', 'G#4']	['P5', 'P1', 'M3']	[False, True, False, True]
156.6667	0.3333	40	['E3', 'B3', 'E4', 'G#4']	['P5', 'P1', 'M3']	[False, True, False, True]
157.0	0.3333	40	['B2', 'E4']	['P4']	[True, False]
157.3333	0.3333	40	['B2', 'B3', 'E4', 'G#4']	['P1', 'P4', 'M6']	[False, True, False, True]
157.6667	0.3333	40	['B2', 'B3', 'E4', 'G#4']	['P1', 'P4', 'M6']	[False, True, False, True]
158.0	0.3333	40	['G#2']	[]	[True]
158.3333	0.3333	40	['G#2', 'B3', 'E4', 'G#4']	['m3', 'm6', 'P1']	[False, True, True, True]
158.6667	0.3333	40	['G#2', 'B3', 'E4', 'G#4']	['m3', 'm6', 'P1']	[False, True, True, True]
159.0	0.3333	40	['E2']	[]	[True]
159.3333	0.3333	40	['E2', 'B3', 'E4', 'G#4']	['P5', 'P1', 'M3']	[False, True, True, True]
159.6667	0.3333	40	['E2', 'B3', 'E4', 'G#4']	['P5', 'P1', 'M3']	[False, True, True, True]
160.0	0.3333	41	['D#2']	[]	[True]
160.3333	0.3333	41	['D#2', 'B3', 'F#4', 'A4']	['m6', 'm3', 'd5']	[False, True, True, True]
160.6667	0.3333	41	['D#2', 'B3', 'F#4', 'A4']	['m6', 'm3', 'd5']	[False, True, True, True]
161.0	0.3333	41	['B1']	[]	[True]
161.3333	0.3333	41	['B1', 'B3', 'F#4', 'A4']	['P1', 'P5', 'm7']	[False, True, True, True]
161.6667	0.3333	41	['B1', 'B3', 'F#4', 'A4']	['P1', 'P5', 'm7']	[False, True, True, True]
162.0	0.3333	41	['E2']	[]	[True]
162.3333	0.3333	41	['E2', 'B3', 'E4', 'G#4']	['P5', 'P1', 'M3']	[False, True, True, True]
162.6667	0.3333	41	['E2', 'B3', 'E4', 'G#4']	['P5', 'P1', 'M3']	[False, True, True, True]
163.0	0.3333	41	['G#2']	[]	[True]
163.3333	0.3333	41	['G#2', 'B3', 'E4', 'G#4']	['m3', 'm6', 'P1']	[False, True, True, True]
163.6667	0.3333	41	['G#2', 'B3', 'E4', 'G#4']	['m3', 'm6', 'P1']	[False, True, True, True]
164.0	0.3333	42	['B2']	[]	[True]
164.3333	0.3333	42	['B2', 'B3', 'E4', 'G#4']	['P1', 'P4', 'M6']	[False, True, True, True]
164.6667	0.3333	42	['B2', 'B3', 'E4', 'G#4']	['P1', 'P4', 'M6']	[False, True, True, True]
165.0	0.3333	42	['A#2']	[]	[True]
165.3333	0.3333	42	['A#2', 'B3', 'E4', 'G#4']	['m2', 'd5', 'm7']	[False, True, True, True]
165.6667	0.3333	42	['A#2', 'B3', 'E4', 'G#4']	['m2', 'd5', 'm7']	[False, True, True, True]
166.0	0.3333	42	['B2']	[]	[True]
166.3333	0.3333	42	['B2', 'B3', 'D#4', 'F#4']	['P1', 'M3', 'P5']	[False, True, True, True]
166.6667	0.3333	42	['B2', 'B3', 'D#4', 'F#4']	['P1', 'M3', 'P5']	[False, True, True, True]
167.0	0.3333	42	['A3', 'B3']	['M2']	[True, True]
167.3333	0.3333	42	['A3', 'B3', 'F#4', 'B4', 'D#5']	['M2', 'M6', 'M2', 'A4']	[False, False, True, True, True]
167.6667	0.3333	42	['A3', 'B3', 'F#4', 'B4', 'D#5']	['M2', 'M6', 'M2', 'A4']	[False, False, True, True, True]
168.0	0.3333	43	['G#3', 'B3']	['m3']	[True, True]
168.3333	0.3333	43	['G#3', 'B3', 'E4', 'B4', 'E5']	['m3', 'm6', 'm3', 'm6']	[False, False, True, True, True]
168.6667	0.3333	43	['G#3', 'B3', 'E4', 'B4', 'E5']	['m3', 'm6', 'm3', 'm6']	[False, False, True, True, True]
169.0	0.3333	43	['E3']	[]	[True]
169.3333	0.3333	43	['E3', 'B4', 'E5', 'G#5']	['P5', 'P1', 'M3']	[False, True, True, True]
169.6667	0.3333	43	['E3', 'B4', 'E5', 'G#5']	['P5', 'P1', 'M3']	[False, True, True, True]
170.0	0.3333	43	['D#3']	[]	[True]
170.3333	0.3333	43	['D#3', 'B4', 'F#5', 'A5', 'B5']	['m6', 'm3', 'd5', 'm6']	[False, True, True, True, True]
170.6667	0.3333	43	['D#3', 'B4', 'F#5', 'A5', 'B5']	['m6', 'm3', 'd5', 'm6']	[False, True, True, True, True]
171.0	0.3333	43	['B2', 'B3']	['P1']	[True, True]
171.3333	0.3333	43	['B2', 'B3', 'D#5', 'F#5', 'A5', 'D#6']	['P1', 'M3', 'P5', 'm7', 'M3']	[False, False, True, True, True, True]
171.6667	0.3333	43	['B2', 'B3', 'D#5', 'F#5', 'A5', 'D#6']	['P1', 'M3', 'P5', 'm7', 'M3']	[False, False, True, True, True, True]
172.0	0.3333	44	['E3']	[]	[True]
172.3333	0.3333	44	['E3', 'E5', 'G#5', 'E6']	['P1', 'M3', 'P1']	[False, True, True, True]
172.6667	0.3333	44	['E3', 'E5', 'G#5', 'E6']	['P1', 'M3', 'P1']	[False, True, True, True]
173.0	0.3333	44	['B2']	[]	[True]
173.3333	0.3333	44	['B2', 'B3', 'E4', 'G#4']	['P1', 'P4', 'M6']	[False, True, True, True]
173.6667	0.3333	44	['B2', 'B3', 'E4', 'G#4']	['P1', 'P4', 'M6']	[False, True, True, True]
174.0	0.3333	44	['G#2']	[]	[True]
174.3333	0.3333	44	['G#2', 'B3', 'E4', 'G#4']	['m3', 'm6', 'P1']	[False, True, True, True]
174.6667	0.3333	44	['G#2', 'B3', 'E4', 'G#4']	['m3', 'm6', 'P1']	[False, True, True, True]
175.0	0.3333	44	['B2']	[]	[True]
175.3333	0.3333	44	['B2', 'B3', 'E4', 'G#4']	['P1', 'P4', 'M6']	[False, True, True, True]
175.6667	0.3333	44	['B2', 'B3', 'E4', 'G#4']	['P1', 'P4', 'M6']	[False, True, True, True]
176.0	0.3333	45	['E2', 'E3', 'G#4']	['P1', 'M3']	[True, True, True]
176.3333	0.3333	45	['E2', 'E3', 'B3', 'E4', 'G#4']	['P1', 'P5', 'P1', 'M3']	[False, False, True, True, False]
176.6667	0.3333	45	['E2', 'E3', 'B3', 'E4', 'G#4']	['P1', 'P5', 'P1', 'M3']	[False, False, True, True, False]
177.0	0.3333	45	['D#2', 'D#3', 'G#4']	['P1', 'P4']	[True, True, False]
177.3333	0.3333	45	['D#2', 'D#3', 'B3', 'E4', 'G#4']	['P1', 'm6', 'm2', 'P4']	[False, False, True, True, False]
177.6667	0.3333	45	['D#2', 'D#3', 'B3', 'E4', 'G#4']	['P1', 'm6', 'm2', 'P4']	[False, False, True, True, False]
178.0	0.3333	45	['E2', 'E3', 'G#4']	['P1', 'M3']	[True, True, False]
178.3333	0.1667	45	['E2', 'E3', 'B3', 'E4', 'G#4']	['P1', 'P5', 'P1', 'M3']	[False, False, True, True, False]
178.5	0.1667	45	['E2', 'E3', 'B3', 'E4', 'G#4', 'A4']	['P1', 'P5', 'P1', 'M3', 'P4']	[False, False, False, False, False, True]
178.6667	0.3333	45	['E2', 'E3', 'B3', 'E4', 'G#4', 'A4']	['P1', 'P5', 'P1', 'M3', 'P4']	[False, False, True, True, True, False]
179.0	0.3333	45	['B1', 'B2', 'A#4']	['P1', 'M7']	[True, True, True]
179.3333	0.1667	45	['B1', 'B2', 'B3', 'E4', 'G#4', 'A#4']	['P1', 'P1', 'P4', 'M6', 'M7']	[False, False, True, True, True, False]
179.5	0.1667	45	['B1', 'B2', 'B3', 'E4', 'G#4', 'B4']	['P1', 'P1', 'P4', 'M6', 'P1']	[False, False, False, False, False, True]
179.6667	0.3333	45	['B1', 'B2', 'B3', 'E4', 'G#4', 'B4']	['P1', 'P1', 'P4', 'M6', 'P1']	[False, False, True, True, True, False]
180.0	0.3333	46	['F#2', 'F#3', 'C#5']	['P1', 'P5']	[True, True, True]
180.3333	0.3333	46	['F#2', 'F#3', 'B3', 'D#4', 'A4', 'C#5']	['P1', 'P4', 'M6', 'm3', 'P5']	[False, False, True, True, True, False]
180.6667	0.3333	46	['F#2', 'F#3', 'B3', 'D#4', 'A4', 'C#5']	['P1', 'P4', 'M6', 'm3', 'P5']	[False, False, True, True, True, False]
181.0	0.3333	46	['E#2', 'E#3', 'C#5']	['P1', 'm6']	[True, True, False]
181.3333	0.3333	46	['E#2', 'E#3', 'B3', 'D#4', 'A4', 'C#5']	['P1', 'd5', 'm7', 'd4', 'm6']	[False, False, True, True, True, False]
181.6667	0.3333	46	['E#2', 'E#3', 'B3', 'D#4', 'A4', 'C#5']	['P1', 'd5', 'm7', 'd4', 'm6']	[False, False, True, True, True, False]
182.0	0.3333	46	['F#2', 'F#3', 'B4']	['P1', 'P4']	[True, True, True]
182.3333	0.3333	46	['F#2', 'F#3', 'B3', 'D#4', 'A4', 'B4']	['P1', 'P4', 'M6', 'm3', 'P4']	[False, False, True, True, True, False]
182.6667	0.3333	46	['F#2', 'F#3', 'B3', 'D#4', 'A4', 'B4']	['P1', 'P4', 'M6', 'm3', 'P4']	[False, False, True, True, True, False]
183.0	0.3333	46	['B1', 'B2']	['P1']	[True, True]
183.3333	0.3333	46	['B1', 'B2', 'B3', 'D#4', 'A4']	['P1', 'P1', 'M3', 'm7']	[False, False, True, True, True]
183.6667	0.3333	46	['B1', 'B2', 'B3', 'D#4', 'A4']	['P1', 'P1', 'M3', 'm7']	[False, False, True, True, True]
184.0	0.3333	47	['E2', 'E3', 'G#4']	['P1', 'M3']	[True, True, True]
184.3333	0.3333	47	['E2', 'E3', 'B3', 'E4', 'G#4']	['P1', 'P5', 'P1', 'M3']	[False, False, True, True, False]
184.6667	0.3333	47	['E2', 'E3', 'B3', 'E4', 'G#4']	['P1', 'P5', 'P1', 'M3']	[False, False, True, True, False]
185.0	0.3333	47	['D#2', 'D#3', 'G#4']	['P1', 'P4']	[True, True, False]
185.3333	0.3333	47	['D#2', 'D#3', 'B3', 'E4', 'G#4']	['P1', 'm6', 'm2', 'P4']	[False, False, True, True, False]
185.6667	0.3333	47	['D#2', 'D#3', 'B3', 'E4', 'G#4']	['P1', 'm6', 'm2', 'P4']	[False, False, True, True, False]
186.0	0.3333	47	['C#2', 'C#3', 'D#5']	['P1', 'M2']	[True, True, True]
186.3333	0.3333	47	['C#2', 'C#3', 'A#3', 'E4', 'F#4', 'D#5']	['P1', 'M6', 'm3', 'P4', 'M2']	[False, False, True, True, True, False]
186.6667	0.3333	47	['C#2', 'C#3', 'A#3', 'E4', 'F#4', 'D#5']	['P1', 'M6', 'm3', 'P4', 'M2']	[False, False, True, True, True, False]
187.0	0.3333	47	['F#2', 'D#5']	['M6']	[True, False]
187.3333	0.1667	47	['F#2', 'A#3', 'E4', 'F#4', 'D#5']	['M3', 'm7', 'P1', 'M6']	[False, True, True, True, False]
187.5	0.1667	47	['F#2', 'A#3', 'E4', 'F#4', 'C#5']	['M3', 'm7', 'P1', 'P5']	[False, False, False, False, True]
187.6667	0.3333	47	['F#2', 'A#3', 'E4', 'F#4', 'C#5']	['M3', 'm7', 'P1', 'P5']	[False, True, True, True, False]
188.0	0.3333	48	['B2', 'F#4']	['P5']	[True, True]
188.3333	0.3333	48	['B2', 'B3', 'D#4', 'F#4']	['P1', 'M3', 'P5']	[False, True, True, False]
188.6667	0.3333	48	['B2', 'B3', 'D#4', 'F#4']	['P1', 'M3', 'P5']	[False, True, True, False]
189.0	0.3333	48	['A#2', 'F#4']	['m6']	[True, False]
189.3333	0.1667	48	['A#2', 'B3', 'D#4', 'F#4']	['m2', 'P4', 'm6']	[False, True, True, False]
189.5	0.1667	48	['A#2', 'B3', 'D#4', 'F#4', 'A4']	['m2', 'P4', 'm6', 'd1']	[False, False, False, False, True]
189.6667	0.0833	48	['A#2', 'B3', 'D#4', 'F#4', 'A4']	['m2', 'P4', 'm6', 'd1']	[False, True, True, True, False]
189.75	0.25	48	['A#2', 'B3', 'D#4', 'F#4', 'G#4']	['m2', 'P4', 'm6', 'm7']	[False, False, False, False, True]
190.0	0.3333	48	['B2', 'F#4']	['P5']	[True, True]
190.3333	0.3333	48	['B2', 'B3', 'D#4', 'F#4']	['P1', 'M3', 'P5']	[False, True, True, False]
190.6667	0.3333	48	['B2', 'B3', 'D#4', 'F#4']	['P1', 'M3', 'P5']	[False, True, True, False]
191.0	0.3333	48	['D#3']	[]	[True]
191.3333	0.3333	48	['D#3', 'B3', 'D#4', 'F#4']	['m6', 'P1', 'm3']	[False, True, True, True]
191.6667	0.3333	48	['D#3', 'B3', 'D#4', 'F#4']	['m6', 'P1', 'm3']	[False, True, True, True]
192.0	0.3333	49	['F#2', 'F#3', 'F#4']	['P1', 'P1']	[True, True, True]
192.3333	0.3333	49	['F#2', 'F#3', 'B3', 'D#4', 'F#4']	['P1', 'P4', 'M6', 'P1']	[False, False, True, True, False]
192.6667	0.3333	49	['F#2', 'F#3', 'B3', 'D#4', 'F#4']	['P1', 'P4', 'M6', 'P1']	[False, False, True, True, False]
193.0	0.3333	49	['B2', 'B3', 'F#4']	['P1', 'P5']	[True, True, False]
193.3333	0.3333	49	['B2', 'B3', 'D#4', 'F#4']	['P1', 'M3', 'P5']	[False, False, True, False]
193.6667	0.3333	49	['B2', 'B3', 'D#4', 'F#4']	['P1', 'M3', 'P5']	[False, False, True, False]
194.0	0.3333	49	['A#2', 'A#3', 'F#4']	['P1', 'm6']	[True, True, True]
194.3333	0.3333	49	['A#2', 'A#3', 'C#4', 'E4', 'F#4']	['P1', 'm3', 'd5', 'm6']	[False, False, True, True, False]
194.6667	0.3333	49	['A#2', 'A#3', 'C#4', 'E4', 'F#4']	['P1', 'm3', 'd5', 'm6']	[False, False, True, True, False]
195.0	0.3333	49	['A2', 'A3', 'F#4']	['P1', 'M6']	[True, True, True]
195.3333	0.3333	49	['A2', 'A3', 'B3', 'D#4', 'F#4']	['P1', 'M2', 'A4', 'M6']	[False, False, True, True, False]
195.6667	0.3333	49	['A2', 'A3', 'B3', 'D#4', 'F#4']	['P1', 'M2', 'A4', 'M6']	[False, False, True, True, False]
196.0	0.3333	50	['G#2', 'G#3', 'B4']	['P1', 'm3']	[True, True, True]
196.3333	0.3333	50	['G#2', 'G#3', 'B3', 'E4', 'B4']	['P1', 'm3', 'm6', 'm3']	[False, False, True, True, False]
196.6667	0.3333	50	['G#2', 'G#3', 'B3', 'E4', 'B4']	['P1', 'm3', 'm6', 'm3']	[False, False, True, True, False]
197.0	0.3333	50	['F#2', 'F#3']	['P1']	[True, True]
197.3333	0.3333	50	['F#2', 'F#3', 'B3', 'D#4', 'A4']	['P1', 'P4', 'M6', 'm3']	[False, False, True, True, True]
197.6667	0.3333	50	['F#2', 'F#3', 'B3', 'D#4', 'A4']	['P1', 'P4', 'M6', 'm3']	[False, False, True, True, True]
198.0	0.3333	50	['E2', 'E3', 'E5']	['P1', 'P1']	[True, True, True]
198.3333	0.3333	50	['E2', 'E3', 'B3', 'E4', 'G#4', 'E5']	['P1', 'P5', 'P1', 'M3', 'P1']	[False, False, True, True, True, False]
198.6667	0.3333	50	['E2', 'E3', 'B3', 'E4', 'G#4', 'E5']	['P1', 'P5', 'P1', 'M3', 'P1']	[False, False, True, True, True, False]
199.0	0.3333	50	['C2', 'C3', 'E5']	['P1', 'M3']	[True, True, False]
199.3333	0.3333	50	['C2', 'C3', 'A#3', 'E4', 'F##4', 'E5']	['P1', 'A6', 'M3', 'AA4', 'M3']	[False, False, True, True, True, False]
199.6667	0.3333	50	['C2', 'C3', 'A#3', 'E4', 'F##4', 'E5']	['P1', 'A6', 'M3', 'AA4', 'M3']	[False, False, True, True, True, False]
200.0	0.3333	51	['B1', 'B2', 'E5']	['P1', 'P4']	[True, True, False]
200.3333	0.3333	51	['B1', 'B2', 'B3', 'E4', 'G#4', 'E5']	['P1', 'P1', 'P4', 'M6', 'P4']	[False, False, True, True, True, False]
200.6667	0.3333	51	['B1', 'B2', 'B3', 'E4', 'G#4', 'E5']	['P1', 'P1', 'P4', 'M6', 'P4']	[False, False, True, True, True, False]
201.0	0.3333	51	['A#2', 'E5']	['d5']	[True, False]
201.3333	0.3333	51	['A#2', 'B3', 'E4', 'G#4', 'E5']	['m2', 'd5', 'm7', 'd5']	[False, True, True, True, False]
201.6667	0.3333	51	['A#2', 'B3', 'E4', 'G#4', 'E5']	['m2', 'd5', 'm7', 'd5']	[False, True, True, True, False]
202.0	0.3333	51	['B2', 'D#5']	['M3']	[True, True]
202.3333	0.1667	51	['B2', 'B3', 'D#4', 'F#4', 'A4', 'D#5']	['P1', 'M3', 'P5', 'm7', 'M3']	[False, True, True, True, True, False]
202.5	0.1667	51	['B2', 'B3', 'D#4', 'F#4', 'A4', 'B4']	['P1', 'M3', 'P5', 'm7', 'P1']	[False, False, False, False, False, True]
202.6667	0.3333	51	['B2', 'B3', 'D#4', 'F#4', 'A4', 'B4']	['P1', 'M3', 'P5', 'm7', 'P1']	[False, True, True, True, True, False]
203.0	0.3333	51	['B3', 'A4']	['m7']	[True, True]
203.3333	0.1667	51	['B3', 'D#4', 'F#4', 'A4']	['M3', 'P5', 'm7']	[False, True, True, False]
203.5	0.1667	51	['B3', 'D#4', 'F#4', 'A4']	['M3', 'P5', 'm7']	[False, False, False, False]
203.6667	0.3333	51	['B3', 'D#4', 'F#4', 'A4']	['M3', 'P5', 'm7']	[False, True, False, True]
204.0	0.3333	52	['E3', 'E4']	['P1']	[True, True]
204.3333	0.3333	52	['E3', 'E4', 'G#4']	['P1', 'M3']	[False, False, True]
204.6667	0.3333	52	['E3', 'E4', 'G#4']	['P1', 'M3']	[False, False, True]
205.0	0.3333	52	['D#3', 'E4']	['m2']	[True, False]
205.3333	0.3333	52	['D#3', 'E4', 'G#4']	['m2', 'P4']	[False, False, True]
205.6667	0.3333	52	['D#3', 'E4', 'G#4']	['m2', 'P4']	[False, False, True]
206.0	0.3333	52	['E3']	[]	[True]
206.3333	0.3333	52	['E3', 'B3', 'E4', 'G#4']	['P5', 'P1', 'M3']	[False, True, True, True]
206.6667	0.3333	52	['E3', 'B3', 'E4', 'G#4']	['P5', 'P1', 'M3']	[False, True, True, True]
207.0	0.3333	52	['E2']	[]	[True]
207.3333	0.3333	52	['E2', 'B3', 'E4', 'G#4']	['P5', 'P1', 'M3']	[False, True, True, True]
207.6667	0.3333	52	['E2', 'B3', 'E4', 'G#4']	['P5', 'P1', 'M3']	[False, True, True, True]
208.0	0.3333	53	['F#1', 'F#2', 'F#4']	['P1', 'P1']	[True, True, True]
208.3333	0.3333	53	['F#1', 'F#2', 'A#3', 'E4', 'F#4']	['P1', 'M3', 'm7', 'P1']	[False, False, True, True, False]
208.6667	0.3333	53	['F#1', 'F#2', 'A#3', 'E4', 'F#4']	['P1', 'M3', 'm7', 'P1']	[False, False, True, True, False]
209.0	0.3333	53	['G#1', 'G#2', 'F#4']	['P1', 'm7']	[True, True, False]
209.3333	0.3333	53	['G#1', 'G#2', 'B3', 'E4', 'F#4']	['P1', 'm3', 'm6', 'm7']	[False, False, True, True, False]
209.6667	0.3333	53	['G#1', 'G#2', 'B3', 'E4', 'F#4']	['P1', 'm3', 'm6', 'm7']	[False, False, True, True, False]
210.0	0.3333	53	['G##1', 'G##2', 'F#4']	['P1', 'd7']	[True, True, True]
210.3333	0.3333	53	['G##1', 'G##2', 'B#3', 'E4', 'F#4']	['P1', 'm3', 'd6', 'd7']	[False, False, True, True, False]
210.6667	0.3333	53	['G##1', 'G##2', 'B#3', 'E4', 'F#4']	['P1', 'm3', 'd6', 'd7']	[False, False, True, True, False]
211.0	0.3333	53	['A#1', 'A#2', 'F#4']	['P1', 'm6']	[True, True, True]
211.3333	0.3333	53	['A#1', 'A#2', 'A#3', 'E4', 'F#4']	['P1', 'P1', 'd5', 'm6']	[False, False, True, True, False]
211.6667	0.3333	53	['A#1', 'A#2', 'A#3', 'E4', 'F#4']	['P1', 'P1', 'd5', 'm6']	[False, False, True, True, False]
212.0	0.3333	54	['B1', 'B2', 'G#4']	['P1', 'M6']	[True, True, True]
212.3333	0.3333	54	['B1', 'B2', 'B3', 'E4', 'F#4', 'G#4']	['P1', 'P1', 'P4', 'P5', 'M6']	[False, False, True, True, True, False]
212.6667	0.3333	54	['B1', 'B2', 'B3', 'E4', 'F#4', 'G#4']	['P1', 'P1', 'P4', 'P5', 'M6']	[False, False, True, True, True, False]
213.0	0.3333	54	['C#2', 'C#3', 'G#4']	['P1', 'P5']	[True, True, False]
213.3333	0.3333	54	['C#2', 'C#3', 'A#3', 'E4', 'F#4', 'G#4']	['P1', 'M6', 'm3', 'P4', 'P5']	[False, False, True, True, True, False]
213.6667	0.3333	54	['C#2', 'C#3', 'A#3', 'E4', 'F#4', 'G#4']	['P1', 'M6', 'm3', 'P4', 'P5']	[False, False, True, True, True, False]
214.0	0.3333	54	['C#2', 'C#3', 'F#4']	['P1', 'P4']	[True, True, True]
214.3333	0.3333	54	['C#2', 'C#3', 'A#3', 'E4', 'F#4']	['P1', 'M6', 'm3', 'P4']	[False, False, True, True, False]
214.6667	0.3333	54	['C#2', 'C#3', 'A#3', 'E4', 'F#4']	['P1', 'M6', 'm3', 'P4']	[False, False, True, True, False]
215.0	0.3333	54	['C#2', 'C#3', 'F#4']	['P1', 'P4']	[True, True, True]
215.3333	0.3333	54	['C#2', 'C#3', 'A#3', 'E4', 'F#4']	['P1', 'M6', 'm3', 'P4']	[False, False, True, True, False]
215.6667	0.3333	54	['C#2', 'C#3', 'A#3', 'E4', 'F#4']	['P1', 'M6', 'm3', 'P4']	[False, False, True, True, False]
216.0	0.3333	55	['F#2', 'E5']	['m7']	[True, True]
216.3333	0.3333	55	['F#2', 'A#3', 'E4', 'F#4', 'E5']	['M3', 'm7', 'P1', 'm7']	[False, True, True, True, False]
216.6667	0.3333	55	['F#2', 'A#3', 'E4', 'F#4', 'E5']	['M3', 'm7', 'P1', 'm7']	[False, True, True, True, False]
217.0	0.3333	55	['F#3', 'E5']	['m7']	[True, False]
217.3333	0.3333	55	['F#3', 'A#3', 'E4', 'F#4', 'E5']	['M3', 'm7', 'P1', 'm7']	[False, True, True, True, False]
217.6667	0.3333	55	['F#3', 'A#3', 'E4', 'F#4', 'E5']	['M3', 'm7', 'P1', 'm7']	[False, True, True, True, False]
218.0	0.3333	55	['G#2', 'D#5']	['P5']	[True, True]
218.3333	0.3333	55	['G#2', 'B3', 'E4', 'F#4', 'D#5']	['m3', 'm6', 'm7', 'P5']	[False, True, True, True, False]
218.6667	0.3333	55	['G#2', 'B3', 'E4', 'F#4', 'D#5']	['m3', 'm6', 'm7', 'P5']	[False, True, True, True, False]
219.0	0.3333	55	['A#2']	[]	[True]
219.3333	0.1667	55	['A#2', 'C#4', 'E4', 'F#4']	['m3', 'd5', 'm6']	[False, True, True, True]
219.5	0.1667	55	['A#2', 'C#4', 'E4', 'F#4', 'C#5']	['m3', 'd5', 'm6', 'm3']	[False, False, False, False, True]
219.6667	0.3333	55	['A#2', 'C#4', 'E4', 'F#4', 'C#5']	['m3', 'd5', 'm6', 'm3']	[False, True, True, True, False]
220.0	0.3333	56	['B2', 'D#5']	['M3']	[True, True]
220.3333	0.3333	56	['B2', 'B3', 'D#4', 'F#4', 'D#5']	['P1', 'M3', 'P5', 'M3']	[False, True, True, True, False]
220.6667	0.3333	56	['B2', 'B3', 'D#4', 'F#4', 'D#5']	['P1', 'M3', 'P5', 'M3']	[False, True, True, True, False]
221.0	0.3333	56	['C#3', 'A#4']	['M6']	[True, True]
221.3333	0.3333	56	['C#3', 'A3', 'C#4', 'E4', 'F#4', 'A#4']	['m6', 'P1', 'm3', 'P4', 'M6']	[False, True, True, True, True, False]
221.6667	0.3333	56	['C#3', 'A3', 'C#4', 'E4', 'F#4', 'A#4']	['m6', 'P1', 'm3', 'P4', 'M6']	[False, True, True, True, True, False]
222.0	0.3333	56	['D#3', 'B4']	['m6']	[True, True]
222.3333	0.3333	56	['D#3', 'B3', 'F#4', 'B4']	['m6', 'm3', 'm6']	[False, True, True, False]
222.6667	0.3333	56	['D#3', 'B3', 'F#4', 'B4']	['m6', 'm3', 'm6']	[False, True, True, False]
223.0	0.3333	56	['F#3', 'B4']	['P4']	[True, False]
223.3333	0.3333	56	['F#3', 'B3', 'D#4', 'F#4', 'B4']	['P4', 'M6', 'P1', 'P4']	[False, True, True, True, False]
223.6667	0.3333	56	['F#3', 'B3', 'D#4', 'F#4', 'B4']	['P4', 'M6', 'P1', 'P4']	[False, True, True, True, False]
224.0	0.3333	57	['B2', 'F#5']	['P5']	[True, True]
224.3333	0.3333	57	['B2', 'B3', 'D#4', 'F#4', 'F#5']	['P1', 'M3', 'P5', 'P5']	[False, True, True, True, False]
224.6667	0.3333	57	['B2', 'B3', 'D#4', 'F#4', 'F#5']	['P1', 'M3', 'P5', 'P5']	[False, True, True, True, False]
225.0	0.3333	57	['F#3', 'F#5']	['P1']	[True, False]
225.3333	0.3333	57	['F#3', 'B3', 'D#4', 'F#4', 'F#5']	['P4', 'M6', 'P1', 'P1']	[False, True, True, True, False]
225.6667	0.3333	57	['F#3', 'B3', 'D#4', 'F#4', 'F#5']	['P4', 'M6', 'P1', 'P1']	[False, True, True, True, False]
226.0	0.3333	57	['B3', 'D#5']	['M3']	[True, True]
226.3333	0.3333	57	['B3', 'D#4', 'F#4', 'B4', 'D#5']	['M3', 'P5', 'P1', 'M3']	[False, True, True, True, False]
226.6667	0.3333	57	['B3', 'D#4', 'F#4', 'B4', 'D#5']	['M3', 'P5', 'P1', 'M3']	[False, True, True, True, False]
227.0	0.3333	57	['A3']	[]	[True]
227.3333	0.1667	57	['A3', 'D#4', 'F#4', 'B4']	['A4', 'M6', 'M2']	[False, True, True, True]
227.5	0.1667	57	['A3', 'D#4', 'F#4', 'B4']	['A4', 'M6', 'M2']	[False, False, False, False]
227.6667	0.3333	57	['A3', 'D#4', 'F#4', 'B4']	['A4', 'M6', 'M2']	[False, True, True, False]
228.0	0.3333	58	['G#3', 'E5']	['m6']	[True, True]
228.3333	0.3333	58	['G#3', 'E4', 'B4', 'E5']	['m6', 'm3', 'm6']	[False, True, True, False]
228.6667	0.3333	58	['G#3', 'E4', 'B4', 'E5']	['m6', 'm3', 'm6']	[False, True, True, False]
229.0	0.3333	58	['C3', 'G3', 'C4', 'G5']	['P5', 'P1', 'P5']	[True, True, True, True]
229.3333	0.3333	58	['C3', 'G3', 'C4', 'E4', 'G4', 'A#4', 'G5']	['P5', 'P1', 'M3', 'P5', 'A6', 'P5']	[False, False, False, True, True, True, False]
229.6667	0.3333	58	['C3', 'G3', 'C4', 'E4', 'G4', 'A#4', 'G5']	['P5', 'P1', 'M3', 'P5', 'A6', 'P5']	[False, False, False, True, True, True, False]
230.0	0.3333	58	['C4', 'G5']	['P5']	[True, False]
230.3333	0.3333	58	['C4', 'E4', 'G4', 'A#4', 'G5']	['M3', 'P5', 'A6', 'P5']	[False, True, True, True, False]
230.6667	0.3333	58	['C4', 'E4', 'G4', 'A#4', 'G5']	['M3', 'P5', 'A6', 'P5']	[False, True, True, True, False]
231.0	0.3333	58	['C3', 'A#4']	['A6']	[True, True]
231.3333	0.3333	58	['C3', 'E4', 'G4', 'A#4']	['M3', 'P5', 'A6']	[False, True, True, False]
231.6667	0.3333	58	['C3', 'E4', 'G4', 'A#4']	['M3', 'P5', 'A6']	[False, True, True, False]
232.0	0.3333	59	['B2', 'B4']	['P1']	[True, True]
232.3333	0.3333	59	['B2', 'E4', 'G#4', 'B4']	['P4', 'M6', 'P1']	[False, True, True, False]
232.6667	0.3333	59	['B2', 'E4', 'G#4', 'B4']	['P4', 'M6', 'P1']	[False, True, True, False]
233.0	0.3333	59	['E3', 'B4']	['P5']	[True, False]
233.3333	0.1667	59	['E3', 'B3', 'E4', 'G#4', 'B4']	['P5', 'P1', 'M3', 'P5']	[False, True, True, True, False]
233.5	0.1667	59	['G#3', 'B3', 'E4', 'G#4', 'B4']	['m3', 'm6', 'P1', 'm3']	[True, False, False, False, False]
233.6667	0.3333	59	['G#3', 'B3', 'E4', 'G#4', 'B4']	['m3', 'm6', 'P1', 'm3']	[False, True, True, True, False]
234.0	1.0	59	['B2', 'A3', 'D#4', 'F#4', 'B4', 'D#5']	['m7', 'M3', 'P5', 'P1', 'M3']	[True, True, True, True, True, True]
235.0	0.75	59	['B2', 'A3', 'C#4', 'D#4', 'F#4', 'A4', 'A#4', 'B4', 'C#5']	['m7', 'M2', 'M3', 'P5', 'm7', 'M7', 'P1', 'M2']	[False, False, True, False, False, True, True, False, True]
235.75	0.25	59	['B2', 'A3', 'D#4', 'F#4', 'B4']	['m7', 'M3', 'P5', 'P1']	[False, False, False, False, False]
236.0	0.3333	60	['E3', 'E4']	['P1']	[True, True]
236.3333	0.3333	60	['E3', 'G#3', 'B3', 'E4', 'G#4']	['M3', 'P5', 'P1', 'M3']	[False, True, True, False, True]
236.6667	0.3333	60	['E3', 'G#3', 'B3', 'E4', 'G#4']	['M3', 'P5', 'P1', 'M3']	[False, True, True, False, True]
237.0	0.3333	60	['A#2', 'E4']	['d5']	[True, False]
237.3333	0.3333	60	['A#2', 'G#3', 'B3', 'E4', 'G#4']	['m7', 'm2', 'd5', 'm7']	[False, True, True, False, True]
237.6667	0.3333	60	['A#2', 'G#3', 'B3', 'E4', 'G#4']	['m7', 'm2', 'd5', 'm7']	[False, True, True, False, True]
238.0	0.3333	60	['B2']	[]	[True]
238.3333	0.3333	60	['B2', 'G#3', 'B3', 'E4', 'G#4']	['M6', 'P1', 'P4', 'M6']	[False, True, True, True, True]
238.6667	0.3333	60	['B2', 'G#3', 'B3', 'E4', 'G#4']	['M6', 'P1', 'P4', 'M6']	[False, True, True, True, True]
239.0	0.3333	60	['E2']	[]	[True]
239.3333	0.3333	60	['E2', 'G#3', 'B3', 'E4', 'G#4']	['M3', 'P5', 'P1', 'M3']	[False, True, True, True, True]
239.6667	0.3333	60	['E2', 'G#3', 'B3', 'E4', 'G#4']	['M3', 'P5', 'P1', 'M3']	[False, True, True, True, True]
240.0	0.3333	61	['D#2']	[]	[True]
240.3333	0.3333	61	['D#2', 'B3', 'F#4', 'A4']	['m6', 'm3', 'd5']	[False, True, True, True]
240.6667	0.3333	61	['D#2', 'B3', 'F#4', 'A4']	['m6', 'm3', 'd5']	[False, True, True, True]
241.0	0.3333	61	['B1']	[]	[True]
241.3333	0.3333	61	['B1', 'B3', 'F#4', 'A4']	['P1', 'P5', 'm7']	[False, True, True, True]
241.6667	0.3333	61	['B1', 'B3', 'F#4', 'A4']	['P1', 'P5', 'm7']	[False, True, True, True]
242.0	0.3333	61	['E2']	[]	[True]
242.3333	0.3333	61	['E2', 'B3', 'E4', 'G#4']	['P5', 'P1', 'M3']	[False, True, True, True]
242.6667	0.3333	61	['E2', 'B3', 'E4', 'G#4']	['P5', 'P1', 'M3']	[False, True, True, True]
243.0	0.3333	61	['G#2']	[]	[True]
243.3333	0.3333	61	['G#2', 'B3', 'E4', 'G#4']	['m3', 'm6', 'P1']	[False, True, True, True]
243.6667	0.3333	61	['G#2', 'B3', 'E4', 'G#4']	['m3', 'm6', 'P1']	[False, True, True, True]
244.0	0.3333	62	['B2']	[]	[True]
244.3333	0.3333	62	['B2', 'B3', 'E4', 'G#4']	['P1', 'P4', 'M6']	[False, True, True, True]
244.6667	0.3333	62	['B2', 'B3', 'E4', 'G#4']	['P1', 'P4', 'M6']	[False, True, True, True]
245.0	0.3333	62	['A#2']	[]	[True]
245.3333	0.3333	62	['A#2', 'B3', 'E4', 'G#4']	['m2', 'd5', 'm7']	[False, True, True, True]
245.6667	0.3333	62	['A#2', 'B3', 'E4', 'G#4']	['m2', 'd5', 'm7']	[False, True, True, True]
246.0	0.3333	62	['B2']	[]	[True]
246.3333	0.3333	62	['B2', 'B3', 'D#4', 'F#4']	['P1', 'M3', 'P5']	[False, True, True, True]
246.6667	0.3333	62	['B2', 'B3', 'D#4', 'F#4']	['P1', 'M3', 'P5']	[False, True, True, True]
247.0	0.3333	62	['A3', 'B3']	['M2']	[True, True]
247.3333	0.3333	62	['A3', 'B3', 'F#4', 'B4', 'D#5']	['M2', 'M6', 'M2', 'A4']	[False, False, True, True, True]
247.6667	0.3333	62	['A3', 'B3', 'F#4', 'B4', 'D#5']	['M2', 'M6', 'M2', 'A4']	[False, False, True, True, True]
248.0	0.3333	63	['G#3', 'B3']	['m3']	[True, True]
248.3333	0.3333	63	['G#3', 'B3', 'E4', 'B4', 'E5']	['m3', 'm6', 'm3', 'm6']	[False, False, True, True, True]
248.6667	0.3333	63	['G#3', 'B3', 'E4', 'B4', 'E5']	['m3', 'm6', 'm3', 'm6']	[False, False, True, True, True]
249.0	0.3333	63	['E3']	[]	[True]
249.3333	0.3333	63	['E3', 'B4', 'E5', 'G#5']	['P5', 'P1', 'M3']	[False, True, True, True]
249.6667	0.3333	63	['E3', 'B4', 'E5', 'G#5']	['P5', 'P1', 'M3']	[False, True, True, True]
250.0	0.75	63	['B2', 'D#3', 'F#3', 'A3', 'B4', 'D#5', 'F#5', 'B5']	['M3', 'P5', 'm7', 'P1', 'M3', 'P5', 'P1']	[True, True, True, True, True, True, True, True]
250.75	0.25	63	['B2', 'D#3', 'F#3', 'A3', 'A#4', 'A#5']	['M3', 'P5', 'm7', 'M7', 'M7']	[False, False, False, False, True, True]
251.0	0.3333	63	['B2', 'D#3', 'F#3', 'A3', 'A4', 'A5']	['M3', 'P5', 'm7', 'm7', 'm7']	[False, False, False, False, True, True]
251.3333	0.3333	63	['B2', 'D#3', 'F#3', 'A3', 'C#4', 'C#5']	['M3', 'P5', 'm7', 'M2', 'M2']	[False, False, False, False, True, True]
251.6667	0.3333	63	['B2', 'D#3', 'F#3', 'A3', 'D#4', 'D#5']	['M3', 'P5', 'm7', 'M3', 'M3']	[False, False, False, False, True, True]
252.0	1.0	64	['E3', 'G#3', 'E4', 'E5']	['M3', 'P1', 'P1']	[True, True, True, True]
253.0	1.0	64	['E2', 'B2', 'E3', 'G#3', 'B3', 'E4']	['P5', 'P1', 'M3', 'P5', 'P1']	[True, True, True, True, True, True]
254.0	2.0	64			
